agency_id,agency_name,services_offered,affiliated_clients,operating_regions,travel_partners,contact_email,phone_number,website
1,Elite Soccer Travel,"Team travel logistics, Pre-season training camps, Tournament planning","Professional soccer clubs, National teams, Youth academies","Europe, Africa, South America","Airlines, Luxury hotels, Private transport companies",info@elitesoccertravel.com,+44 20 1234 5678,https://www.elitesoccertravel.com
2,Africa Pro Team Travel,"Club and federation travel, Soccer scouting tours, Youth team travel","African soccer clubs, National federations, Scouting organizations","Africa, Europe, Middle East","Airlines, Hotels, Local soccer academies",info@africaproteamtravel.com,+27 11 9876 5432,https://www.africaproteamtravel.com
3,Champions League Travel,"VIP travel for UEFA tournaments, Fan packages, Player transfers","UEFA clubs, Corporate sponsors, Soccer fans","Europe, North Africa, Middle East","Luxury hotels, Private jets, Exclusive event organizers",info@championsleaguetravel.com,+33 1 2345 6789,https://www.championsleaguetravel.com
4,World Cup Fan Journeys,"Fan travel packages, VIP experiences, Group bookings","Soccer federations, Fan groups, Sponsors",Worldwide (FIFA World Cup Host Countries),"Airlines, Stadium hospitality providers, Hotels",info@worldcupfanjourneys.com,+1 305 765 4321,https://www.worldcupfanjourneys.com
5,Scouting Global Soccer Travel,"Talent scouting trips, International training camps, Player relocation services","Soccer scouts, Youth academies, Agents","Africa, Europe, South America","Soccer training centers, Hotels, Airlines",info@scoutingsoccertravel.com,+55 21 6543 2109,https://www.scoutingsoccertravel.com
6,Golden Boot Travel,"Luxury travel for soccer professionals, Private jet bookings, Sponsorship travel","Elite players, Club owners, Sports media","Europe, Middle East, USA","Luxury resorts, Private jet companies, VIP event organizers",info@goldenboottravel.com,+971 4 9876 543,https://www.goldenboottravel.com
7,Academy Tours Soccer,"Soccer academy exchange programs, Pre-season team training, Player trial trips","Youth soccer academies, Soccer schools, Development leagues","Africa, Europe, USA","Academies, Hotels, Airlines",info@academytourssoccer.com,+234 80 5678 4321,https://www.academytourssoccer.com
8,CAF Club Travel Solutions,"CAF tournament travel, Domestic league team logistics, Club pre-season tours","CAF member clubs, National teams, League organizations","Africa, Middle East","Hotels, Airlines, Soccer academies",info@cafclubtravel.com,+213 21 7654 321,https://www.cafclubtravel.com
9,Premier League Hospitality Travel,"VIP hospitality tickets, Player and staff travel, Corporate sponsorship packages","English Premier League clubs, Sponsors, Sports agencies","United Kingdom, Europe, Middle East","Luxury hotels, Airlines, Event organizers",info@plhospitalitytravel.com,+44 20 7890 1234,https://www.plhospitalitytravel.com
10,LaLiga Soccer Travel,"Club travel logistics, Youth team tournaments, LaLiga scouting trips","LaLiga clubs, Youth teams, Soccer federations","Spain, Europe, Latin America","Hotels, Airlines, Soccer academies",info@laligasoccertravel.com,+34 91 6543 210,https://www.laligasoccertravel.com
11,FIFA Tournament Travel,"World Cup team logistics, Official FIFA events travel, Fan packages","National teams, FIFA officials, Soccer fans",Global,"FIFA partners, Hotels, Airlines",info@fifatournamenttravel.com,+41 22 1234 5678,https://www.fifatournamenttravel.com
12,Total Africa Cup Travel,"AFCON team logistics, Supporter travel packages, Club sponsorship travel","CAF clubs, National teams, Fan groups","Africa, Europe, Middle East","CAF sponsors, Hotels, Airlines",info@africacuptravel.com,+225 21 6543 210,https://www.africacuptravel.com
13,MLS Soccer Travel,"Club pre-season travel, Academy scouting trips, Fan travel packages","MLS clubs, Soccer academies, League officials","USA, Canada, Latin America","Hotels, Airlines, Training facilities",info@mlssoccertravel.com,+1 212 765 4321,https://www.mlssoccertravel.com
14,Bundesliga Team Travel,"German club travel logistics, Scouting trips, Bundesliga fan travel","Bundesliga clubs, Scouting agencies, Fan groups","Germany, Europe, USA","Luxury hotels, Airlines, Stadium organizers",info@bundesligatravel.com,+49 30 9876 5432,https://www.bundesligatravel.com
15,Serie A Club Travel,"Italian club travel, Player transfer logistics, Youth team tournaments","Serie A clubs, Soccer scouts, Italian football federation","Italy, Europe, Africa","Hotels, Airlines, Training centers",info@serieatravel.com,+39 06 5432 1098,https://www.serieatravel.com
16,Liga MX Soccer Journeys,"Club team logistics, Youth development tours, Mexican soccer scouting","Liga MX clubs, Soccer agents, Academy teams","Mexico, USA, Central America","Hotels, Airlines, Stadium operators",info@ligamxsoccer.com,+52 55 6789 4321,https://www.ligamxsoccer.com
17,CAF Champions League Travel,"CAF club tournament travel, Club sponsorship travel, Team accommodations","CAF clubs, Football federations, Media partners","Africa, Middle East, Europe","Luxury hotels, Airlines, League organizers",info@cafchampionstravel.com,+234 81 4321 6789,https://www.cafchampionstravel.com
18,Asian Football Club Travel,"AFC club travel, Asia Cup logistics, Youth tournament travel","Asian clubs, AFC federations, League officials","Asia, Middle East, Australia","Hotels, Airlines, Training camps",info@afcfootballtravel.com,+60 3 5432 1098,https://www.afcfootballtravel.com
19,Global Scouting Travel,"International player scouting trips, Youth academy placements, Soccer agent travel","Soccer agents, Scouts, Young players","Europe, Africa, South America","Soccer academies, Hotels, Airlines",info@globalscoutingtravel.com,+351 21 6543 987,https://www.globalscoutingtravel.com
20,Soccer Business Elite Travel,"Corporate sponsorship travel, VIP luxury soccer experiences, Player transfer logistics","Club owners, Corporate sponsors, Player agents","Europe, Middle East, North America","Luxury hotels, Private jets, Event organizers",info@soccerbusinesstravel.com,+971 4 5432 9876,https://www.soccerbusinesstravel.com
21,UEFA Team Logistics,"UEFA club travel logistics, Champions League team travel, Pre-season camps","UEFA clubs, National teams, Soccer federations","Europe, Africa, Middle East","Luxury hotels, Airlines, Stadium operators",info@uefateamlogistics.com,+41 22 9876 5432,https://www.uefateamlogistics.com
22,CONMEBOL Soccer Tours,"Copa Libertadores travel, South American club team logistics, Fan travel packages","CONMEBOL clubs, National teams, Soccer fans","South America, Europe, USA","Hotels, Airlines, VIP event organizers",info@conmebolsoccertours.com,+55 11 7654 3210,https://www.conmebolsoccertours.com
23,Soccer Expo Travel,"Soccer industry events travel, FIFA congress logistics, Sports media travel","Club executives, FIFA officials, Sports journalists",Worldwide,"Airlines, Hotels, Event organizers",info@soccerexpotravel.com,+1 212 5432 1098,https://www.soccerexpotravel.com
24,Africa Youth Academy Travel,"Youth tournaments travel, Scouting trips, Academy exchange programs","African soccer academies, Scouting networks, Player agents","Africa, Europe, Middle East","Soccer academies, Hotels, Airlines",info@africayouthtravel.com,+234 80 7654 3210,https://www.africayouthtravel.com
25,World Soccer Coaching Travel,"Coaching courses travel, UEFA license programs, FIFA training events","Coaches, Soccer schools, National team staff","Europe, USA, Asia","Training centers, Hotels, Airlines",info@worldcoachingtravel.com,+44 20 9876 5432,https://www.worldcoachingtravel.com
26,La Masia Academy Tours,"Barcelona youth team exchange, Elite soccer development travel, Pre-season tournaments","Youth soccer academies, LaLiga clubs, Training centers","Spain, Europe, South America","Hotels, Airlines, Soccer academies",info@lamasiatours.com,+34 91 7654 3210,https://www.lamasiatours.com
27,World Cup Player Relocation,"Player transfer logistics, Visa processing, Housing arrangements","Professional soccer players, Player agents, FIFA clubs",Worldwide,"Luxury apartments, Airlines, Immigration services",info@worldcuprelocation.com,+971 4 6543 2109,https://www.worldcuprelocation.com
28,London Football Club Travel,"Premier League team travel, Fan tours, Player scouting trips","Premier League clubs, Soccer academies, Fan groups","United Kingdom, Europe, Africa","Luxury hotels, Airlines, Training centers",info@londonclubtravel.com,+44 20 6543 9876,https://www.londonclubtravel.com
29,Japan Soccer Tours,"J.League club travel, Youth team pre-season trips, Scouting tournaments","Japanese soccer clubs, AFC teams, International scouts","Japan, Asia, Europe","Hotels, Airlines, Soccer federations",info@japansoccertours.com,+81 3 9876 5432,https://www.japansoccertours.com
30,Nike Soccer Travel,"Elite training camps, Sponsorship event travel, Player showcases","Nike-sponsored clubs, Youth academies, Soccer tournaments",Global,"Nike partner clubs, Hotels, Airlines",info@nikesoccertravel.com,+1 503 7654 3210,https://www.nikesoccertravel.com
31,Real Madrid Training Camps Travel,"Elite youth training camps, Pre-season team travel, LaLiga scouting tours","Real Madrid youth academy, International soccer schools, Scouts","Spain, Europe, Latin America","Hotels, Airlines, Soccer academies",info@realmadridtraining.com,+34 91 1234 5678,https://www.realmadridtraining.com
32,Manchester United Soccer Tours,"Premier League club travel, Youth development programs, Fan packages","Manchester United FC, Youth academies, Fan groups","United Kingdom, Europe, Africa","Hotels, Airlines, Training centers",info@manutdsoccertours.com,+44 161 9876 5432,https://www.manutdsoccertours.com
33,Bayern Munich Soccer Experience,"Bundesliga club logistics, Scouting trips, UEFA tournament travel","Bayern Munich FC, German clubs, Soccer scouts","Germany, Europe, USA","Luxury hotels, Airlines, Stadium organizers",info@bayernmunichtravel.com,+49 89 6543 2109,https://www.bayernmunichtravel.com
34,Arsenal International Tours,"Pre-season club travel, Academy scouting trips, Arsenal fan travel","Arsenal FC, Youth academies, Premier League clubs","United Kingdom, Africa, Europe","Hotels, Airlines, Soccer training centers",info@arsenalinternational.com,+44 20 7654 3210,https://www.arsenalinternational.com
35,PSG Global Soccer Tours,"French club team travel, Paris Saint-Germain youth camps, UEFA travel logistics","Paris Saint-Germain FC, Ligue 1 clubs, Football federations","France, Europe, Middle East","Luxury hotels, Airlines, Training facilities",info@psgsoccertours.com,+33 1 5432 1098,https://www.psgsoccertours.com
36,Barcelona Football Travel,"LaLiga team logistics, Elite youth training programs, VIP soccer events","FC Barcelona, Youth academies, Soccer scouts","Spain, Latin America, USA","Hotels, Airlines, Soccer academies",info@barcelonafootballtravel.com,+34 93 9876 5432,https://www.barcelonafootballtravel.com
37,Ajax Academy Travel,"Eredivisie team travel, Youth soccer development, International scouting trips","Ajax Amsterdam, Dutch clubs, Soccer federations","Netherlands, Europe, Africa","Hotels, Airlines, Training centers",info@ajaxacademytravel.com,+31 20 7654 3210,https://www.ajaxacademytravel.com
38,South American Talent Scout Travel,"Youth scouting trips, Copa Libertadores club travel, Player relocation services","South American clubs, Player agents, Soccer scouts","Brazil, Argentina, Uruguay","Hotels, Airlines, Soccer training centers",info@southamericatalenttravel.com,+55 21 9876 5432,https://www.southamericatalenttravel.com
39,Middle East Pro Soccer Travel,"Arab Club Champions Cup travel, Middle East league logistics, Player transfers","Middle Eastern clubs, National federations, League organizers","UAE, Qatar, Saudi Arabia","Luxury hotels, Airlines, Soccer academies",info@meprosoccertravel.com,+971 4 6543 2109,https://www.meprosoccertravel.com
40,Women’s Soccer World Travel,"Women’s World Cup travel, International women’s leagues team logistics, Player scouting tours","Women’s soccer clubs, National women’s teams, FIFA officials",Global,"Hotels, Airlines, Soccer federations",info@womenssoccertravel.com,+1 503 8765 4321,https://www.womenssoccertravel.com
41,Africa Rising Soccer Travel,"Club travel for African leagues, Youth development programs, Talent scouting","CAF clubs, National teams, Scouting agencies","Africa, Europe, Middle East","Hotels, Airlines, Soccer training centers",info@africarisingsoccer.com,+234 80 7654 3210,https://www.africarisingsoccer.com
42,Portugal Football Academy Travel,"Youth soccer camps, Portuguese league club travel, Talent scouting","Liga Portugal clubs, Youth academies, Player agents","Portugal, Europe, Brazil","Hotels, Airlines, Soccer schools",info@portugalsoccertravel.com,+351 21 9876 5432,https://www.portugalsoccertravel.com
43,China Super League Travel,"Chinese club logistics, International pre-season camps, Player transfers","Chinese Super League teams, Scouting agencies, Player agents","China, Asia, Europe","Hotels, Airlines, Soccer training facilities",info@chinasuperleaguetravel.com,+86 10 6543 2109,https://www.chinasuperleaguetravel.com
44,USA College Soccer Travel,"NCAA soccer recruitment tours, College showcase travel, Student-athlete relocation","College soccer players, NCAA teams, Scouting organizations","USA, Canada, Europe","University campuses, Hotels, Airlines",info@usasoccertravel.com,+1 212 8765 4321,https://www.usasoccertravel.com
45,Australia Soccer Pro Tours,"A-League club travel, Soccer scouting trips, Oceania tournament logistics","A-League clubs, National teams, Player agents","Australia, New Zealand, Asia","Hotels, Airlines, Soccer academies",info@australiasoccertours.com,+61 3 6543 2109,https://www.australiasoccertours.com
46,Scandinavian Soccer Elite Travel,"Nordic league club travel, Scouting tours, Player relocation services","Swedish, Norwegian, Danish clubs, Talent scouts, Player agents","Sweden, Norway, Denmark, Europe","Hotels, Airlines, Soccer academies",info@scandisoccertravel.com,+46 8 7654 3210,https://www.scandisoccertravel.com
47,Mexico Soccer Training Tours,"Liga MX youth camps, Club team travel, Scouting programs","Liga MX clubs, Youth academies, Scouting agencies","Mexico, USA, South America","Hotels, Airlines, Soccer training centers",info@mexicosoccertraining.com,+52 55 8765 4321,https://www.mexicosoccertraining.com
48,Brazilian Soccer Experience,"Brazilian league club travel, Copa Libertadores logistics, Talent scouting","Brazilian clubs, National teams, Player scouts","Brazil, South America, Europe","Hotels, Airlines, Soccer academies",info@brazilsoccerexperience.com,+55 21 9876 4321,https://www.brazilsoccerexperience.com
49,Argentina Pro Soccer Tours,"Argentine club travel, Youth soccer scouting, Copa Sudamericana logistics","Argentine Primera clubs, National teams, FIFA agents","Argentina, South America, Europe","Hotels, Airlines, Soccer training centers",info@argentinaprosoccertours.com,+54 11 8765 4321,https://www.argentinaprosoccertours.com
50,FIFA Player Agent Travel,"Player transfers, Visa and work permits, FIFA agent travel","Soccer agents, FIFA-accredited scouts, Player relocation specialists",Global,"Luxury apartments, Airlines, Immigration services",info@fifaplayeragenttravel.com,+41 22 6543 2109,https://www.fifaplayeragenttravel.com
51,Qatar Elite Soccer Travel,"Club training camps, Middle East tournament logistics, FIFA World Cup travel","Qatar Stars League clubs, National teams, FIFA executives","Qatar, Middle East, Europe","Luxury hotels, Airlines, Stadium operators",info@qatarsoccertravel.com,+974 44 7654 321,https://www.qatarsoccertravel.com
52,Saudi Pro League Soccer Tours,"Club logistics, Saudi Super Cup travel, Player relocation services","Saudi Pro League clubs, Player agents, National teams","Saudi Arabia, Middle East, Europe","Luxury resorts, Private transport, Soccer academies",info@saudiprosoccer.com,+966 55 4321 987,https://www.saudiprosoccer.com
53,Morocco Soccer Academy Travel,"African youth soccer camps, Pre-season team training, Talent scouting","Moroccan Botola clubs, CAF teams, National youth academies","Morocco, North Africa, Europe","Hotels, Airlines, Soccer academies",info@moroccosocceracademy.com,+212 61 6543 210,https://www.moroccosocceracademy.com
54,Belgium Pro Football Tours,"Jupiler Pro League club logistics, Youth team development travel, Scouting trips","Belgian clubs, European scouts, Player agents","Belgium, Europe, Africa","Hotels, Airlines, Soccer training facilities",info@belgiumfootballtours.com,+32 2 7654 321,https://www.belgiumfootballtours.com
55,Nigeria Talent Scout Travel,"Scouting tours, Player agent transfers, Youth soccer team travel","Nigerian Professional Football League clubs, FIFA agents, European scouts","Nigeria, Africa, Europe","Hotels, Airlines, Soccer academies",info@nigeriatalentsoccer.com,+234 80 7654 321,https://www.nigeriatalentsoccer.com
56,Egyptian League Travel Solutions,"Egyptian Premier League club travel, CAF tournament logistics, Player scouting trips","Egyptian clubs, National team players, FIFA agents","Egypt, Africa, Europe","Hotels, Airlines, Training centers",info@egyptiansoccertravel.com,+20 2 7654 321,https://www.egyptiansoccertravel.com
57,Colombia Soccer Training Camps,"Colombian league pre-season camps, Youth soccer training, Copa America logistics","Colombian Primera A clubs, South American teams, Player scouts","Colombia, South America, Europe","Hotels, Airlines, Soccer academies",info@colombiasoccertraining.com,+57 1 6543 210,https://www.colombiasoccertraining.com
58,Turkey Super Lig Soccer Travel,"Turkish club team travel, Scouting programs, Player relocation services","Süper Lig clubs, National teams, Transfer market agents","Turkey, Europe, Middle East","Hotels, Airlines, Soccer facilities",info@turkeysuperligtravel.com,+90 212 7654 321,https://www.turkeysuperligtravel.com
59,Russia Premier League Soccer Tours,"Russian club logistics, Pre-season camps, Youth soccer development trips","Russian Premier League clubs, National teams, Youth academies","Russia, Europe, Asia","Hotels, Airlines, Training centers",info@russiasoccertours.com,+7 495 6543 210,https://www.russiasoccertours.com
60,Korea K-League Soccer Travel,"K-League team travel, Player scouting programs, Pre-season camps","Korean clubs, National teams, FIFA agents","South Korea, Asia, Europe","Hotels, Airlines, Soccer academies",info@koreasoccertravel.com,+82 2 7654 321,https://www.koreasoccertravel.com
61,Japan J-League Soccer Travel,"J-League team travel, Youth soccer tournaments, Player scouting programs","Japanese clubs, National teams, International scouts","Japan, Asia, Europe","Hotels, Airlines, Soccer training centers",info@jleaguesoccertravel.com,+81 3 8765 4321,https://www.jleaguesoccertravel.com
62,Chile Soccer Talent Travel,"Chile Primera División team logistics, Scouting programs, Copa Sudamericana travel","Chilean clubs, South American leagues, FIFA agents","Chile, South America, Europe","Hotels, Airlines, Training academies",info@chilesoccertravel.com,+56 2 9876 5432,https://www.chilesoccertravel.com
63,South Africa PSL Soccer Tours,"Premier Soccer League club logistics, Talent scouting, African Cup of Nations travel","South African PSL teams, CAF federations, European scouts","South Africa, Africa, Europe","Hotels, Airlines, Soccer facilities",info@southafricasoccertours.com,+27 11 6543 210,https://www.southafricasoccertours.com
64,Ukraine Premier League Soccer Travel,"Ukrainian club pre-season tours, Talent scouting, UEFA Europa League logistics","Ukrainian clubs, European teams, Player agents","Ukraine, Europe, Asia","Hotels, Airlines, Soccer training centers",info@ukrainesoccertravel.com,+380 44 7654 321,https://www.ukrainesoccertravel.com
65,Norway Eliteserien Soccer Travel,"Norwegian club team logistics, Scouting trips, Youth development tours","Norwegian clubs, European scouts, National federations","Norway, Europe, Africa","Hotels, Airlines, Soccer academies",info@norwaysoccertravel.com,+47 2 6543 210,https://www.norwaysoccertravel.com
66,Ghana Premier League Travel,"Ghanaian club travel, Youth soccer camps, Player recruitment travel","Ghana Premier League clubs, National academies, European scouts","Ghana, Africa, Europe","Hotels, Airlines, FIFA academies",info@ghanasoccertravel.com,+233 30 6543 210,https://www.ghanasoccertravel.com
67,Ecuador Soccer Pro Travel,"Ecuador Serie A team travel, Copa Libertadores logistics, Talent scouting","Ecuadorian clubs, South American leagues, FIFA agents","Ecuador, South America, Spain","Hotels, Airlines, Training centers",info@ecuadorsoccerprotravel.com,+593 2 9876 5432,https://www.ecuadorsoccerprotravel.com
68,India Super League Travel,"ISL club travel, Youth soccer development programs, Player scouting logistics","Indian Super League teams, National team scouts, FIFA agents","India, Asia, Europe","Hotels, Airlines, Soccer academies",info@indiasoccertravel.com,+91 22 6543 3210,https://www.indiasoccertravel.com
69,Costa Rica Soccer Development Travel,"Costa Rica Primera División travel, Youth soccer tournaments, CONCACAF logistics","Costa Rican clubs, National teams, Scouting agencies","Costa Rica, Central America, USA","Hotels, Airlines, Training facilities",info@costaricasoccertravel.com,+506 2 6543 321,https://www.costaricasoccertravel.com
70,Serbia Super Liga Soccer Travel,"Serbian club logistics, Youth team development programs, UEFA qualifying tours","Serbian clubs, National federations, Player agents","Serbia, Europe, Africa","Hotels, Airlines, Training centers",info@serbiasoccertravel.com,+381 11 6543 210,https://www.serbiasoccertravel.com
81,Côte d'Ivoire Ligue 1 Soccer Travel,"Ivorian club travel logistics, African player scouting, CAF Champions League travel","Ivorian Ligue 1 clubs, National teams, European scouts","Côte d'Ivoire, Africa, Europe","Hotels, Airlines, Soccer academies",info@civsoccertravel.com,+225 2 6543 987,https://www.civsoccertravel.com
82,Paraguay Soccer Development Tours,"Paraguayan Primera División team travel, Youth soccer tournaments, Copa Libertadores logistics","Paraguayan clubs, Scouting networks, FIFA agents","Paraguay, South America, Spain","Hotels, Airlines, Training academies",info@paraguaysoccertravel.com,+595 2 7654 321,https://www.paraguaysoccertravel.com
83,DR Congo Super League Travel,"Congolese club logistics, Youth development programs, CAF tournament travel","DR Congo clubs, CAF teams, FIFA scouts","Democratic Republic of Congo, Africa, Europe","Hotels, Airlines, Training academies",info@drcongosoccertravel.com,+243 2 7654 321,https://www.drcongosoccertravel.com
84,Thailand Thai League 1 Travel,"Thai League 1 team logistics, Youth scouting, International friendlies","Thai clubs, Asian federations, FIFA agents","Thailand, Asia, Australia","Hotels, Airlines, Soccer academies",info@thailandsoccertravel.com,+66 2 7654 321,https://www.thailandsoccertravel.com
85,Tunisia Ligue 1 Pro Soccer Travel,"Tunisian club team travel, Talent scouting, CAF Confederation Cup logistics","Tunisia Ligue 1 Pro clubs, African federations, Player agents","Tunisia, North Africa, Europe","Hotels, Airlines, Soccer facilities",info@tunisiafootballtravel.com,+216 2 6543 321,https://www.tunisiafootballtravel.com
86,Malaysia Super League Soccer Travel,"Malaysian club travel, Asian Cup logistics, Player scouting programs","Malaysia Super League teams, Scouting agencies, FIFA agents","Malaysia, Asia, Middle East","Hotels, Airlines, Training academies",info@malaysiasoccertravel.com,+60 3 7654 321,https://www.malaysiasoccertravel.com
87,Zimbabwe Premier Soccer League Travel,"Zimbabwean club team travel, Youth soccer tournaments, CAF Confederation Cup logistics","Zimbabwean Premier League teams, African federations, FIFA scouts","Zimbabwe, Africa, Europe","Hotels, Airlines, Soccer training academies",info@zimbabwesoccertravel.com,+263 2 7654 321,https://www.zimbabwesoccertravel.com
88,Bolivian Primera División Soccer Travel,"Bolivian club logistics, Copa Sudamericana travel, Youth talent scouting","Bolivian clubs, National federations, Scouting networks","Bolivia, South America, Spain","Hotels, Airlines, Training academies",info@boliviasoccertravel.com,+591 2 6543 321,https://www.boliviasoccertravel.com
89,Kuwait Premier League Soccer Travel,"Kuwaiti club logistics, Player relocation programs, AFC Champions League travel","Kuwait Premier League clubs, National teams, FIFA scouts","Kuwait, Middle East, Europe","Hotels, Airlines, Soccer training academies",info@kuwaitsoccertravel.com,+965 2 7654 321,https://www.kuwaitsoccertravel.com
90,Jordan Pro League Soccer Travel,"Jordanian club travel, AFC Cup logistics, Scouting trips","Jordan Pro League teams, Asian federations, Player agents","Jordan, Middle East, Asia","Hotels, Airlines, Soccer training centers",info@jordansoccertravel.com,+962 2 6543 321,https://www.jordansoccertravel.com
91,Gabon Professional League Travel,"Gabonese club logistics, Talent scouting programs, CAF Champions League travel","Gabonese Ligue 1 clubs, African federations, European scouts","Gabon, Africa, Europe","Hotels, Airlines, Training centers",info@gabonsoccertravel.com,+241 2 7654 321,https://www.gabonsoccertravel.com
92,Madagascar THB Champions League Travel,"Madagascar club logistics, Youth player scouting, CAF tournament travel","Malagasy Ligue 1 clubs, National teams, FIFA scouts","Madagascar, Africa, Europe","Hotels, Airlines, Soccer training academies",info@madagascarsoccertravel.com,+261 2 6543 987,https://www.madagascarsoccertravel.com
93,Sudan Premier League Soccer Travel,"Sudanese club logistics, Youth soccer tournaments, CAF Confederation Cup travel","Sudanese Premier League clubs, African federations, FIFA scouts","Sudan, Africa, Europe","Hotels, Airlines, Soccer training academies",info@sudansoccertravel.com,+249 2 6543 321,https://www.sudansoccertravel.com
94,New Zealand Football Travel,"New Zealand club travel, OFC Champions League logistics, Youth development programs","New Zealand Football League clubs, OFC teams, FIFA scouts","New Zealand, Australia, Pacific Islands","Hotels, Airlines, Training academies",info@newzealandsoccertravel.com,+64 4 7654 321,https://www.newzealandsoccertravel.com
95,Ethiopia Premier League Soccer Travel,"Ethiopian club team travel, Youth soccer scouting, CAF tournament logistics","Ethiopian Premier League clubs, National teams, African federations","Ethiopia, Africa, Europe","Hotels, Airlines, Soccer training centers",info@ethiopiasoccertravel.com,+251 2 6543 321,https://www.ethiopiasoccertravel.com
96,Pakistan Premier League Soccer Travel,"Pakistan club logistics, Player scouting programs, International friendly match travel","Pakistan Premier League clubs, Asian federations, FIFA agents","Pakistan, Asia, Middle East","Hotels, Airlines, Training centers",info@pakistansoccertravel.com,+92 2 6543 321,https://www.pakistansoccertravel.com
97,Angola Girabola League Travel,"Angolan club team travel, Talent scouting, CAF tournament logistics","Girabola clubs, African federations, European scouts","Angola, Africa, Europe","Hotels, Airlines, Soccer training centers",info@angolasoccertravel.com,+244 2 6543 321,https://www.angolasoccertravel.com
98,Bahrain Premier League Soccer Travel,"Bahraini club logistics, AFC Cup travel, Player scouting programs","Bahrain Premier League clubs, National federations, FIFA agents","Bahrain, Middle East, Asia","Hotels, Airlines, Training academies",info@bahrainsoccertravel.com,+973 2 6543 321,https://www.bahrainsoccertravel.com
99,Mozambique Moçambola Soccer Travel,"Mozambican club logistics, Youth soccer scouting, CAF tournament travel","Mozambola clubs, African federations, FIFA scouts","Mozambique, Africa, Europe","Hotels, Airlines, Soccer training academies",info@mozambiquesoccertravel.com,+258 2 6543 321,https://www.mozambiquesoccertravel.com
100,Philippines PFL Soccer Travel,"Philippines Football League club travel, International tournaments, Player scouting","PFL clubs, Asian federations, FIFA scouts","Philippines, Asia, Australia","Hotels, Airlines, Soccer training academies",info@philippinessoccertravel.com,+63 2 6543 321,https://www.philippinessoccertravel.com
101,Tanzania Premier League Soccer Travel,"Tanzanian club team travel, Youth soccer scouting, CAF Confederation Cup logistics","Tanzania Premier League clubs, African federations, FIFA scouts","Tanzania, Africa, Europe","Hotels, Airlines, Soccer training academies",info@tanzaniasoccertravel.com,+255 2 6543 321,https://www.tanzaniasoccertravel.com
102,Uganda Premier League Soccer Travel,"Ugandan club logistics, Youth soccer development, CAF tournament travel","Uganda Premier League clubs, National teams, Scouting agencies","Uganda, Africa, Europe","Hotels, Airlines, Soccer training academies",info@ugandasoccertravel.com,+256 2 6543 321,https://www.ugandasoccertravel.com
103,Malawi Super League Soccer Travel,"Malawian club travel, Youth talent scouting, International friendly match logistics","Malawi Super League clubs, African federations, FIFA scouts","Malawi, Africa, Europe","Hotels, Airlines, Training centers",info@malawisoccertravel.com,+265 2 6543 321,https://www.malawisoccertravel.com
104,Burundi Premier League Travel,"Burundian club logistics, Player scouting, CAF Champions League travel","Burundi Premier League clubs, National federations, FIFA agents","Burundi, Africa, Europe","Hotels, Airlines, Soccer academies",info@burundisoccertravel.com,+257 2 6543 321,https://www.burundisoccertravel.com
105,Botswana Premier League Travel,"Botswana club team logistics, Youth soccer scouting, CAF Confederation Cup logistics","Botswana Premier League clubs, African federations, European scouts","Botswana, Africa, Europe","Hotels, Airlines, Training centers",info@botswanasoccertravel.com,+267 2 6543 321,https://www.botswanasoccertravel.com
106,Rwanda Premier League Soccer Travel,"Rwandan club logistics, Youth soccer scouting, CAF Confederation Cup logistics","Rwandan Premier League clubs, National federations, FIFA scouts","Rwanda, Africa, Europe","Hotels, Airlines, Soccer training academies",info@rwandasoccertravel.com,+250 2 6543 321,https://www.rwandasoccertravel.com
107,Haiti National Soccer Travel,"Haitian club logistics, Concacaf Champions League travel, Player scouting programs","Haitian clubs, National teams, Concacaf federations","Haiti, Caribbean, North America","Hotels, Airlines, Soccer training academies",info@haitisoccertravel.com,+509 2 6543 321,https://www.haitisoccertravel.com
108,Panama Liga Panameña Travel,"Panamanian club team travel, Concacaf tournament logistics, Talent scouting","Panamanian clubs, Concacaf federations, FIFA scouts","Panama, Central America, North America","Hotels, Airlines, Soccer training academies",info@panamasoccertravel.com,+507 2 6543 321,https://www.panamasoccertravel.com
109,Fiji National Soccer Travel,"Fijian club travel, OFC Champions League logistics, Youth development programs","Fiji Premier League clubs, OFC teams, FIFA scouts","Fiji, Oceania, Australia","Hotels, Airlines, Soccer training academies",info@fijisoccertravel.com,+679 2 6543 321,https://www.fijisoccertravel.com
110,Namibia Premier League Travel,"Namibian club logistics, Player scouting, CAF Confederation Cup logistics","Namibia Premier League clubs, African federations, FIFA agents","Namibia, Africa, Europe","Hotels, Airlines, Soccer training centers",info@namibiasoccertravel.com,+264 2 6543 321,https://www.namibiasoccertravel.com
111,Somalia Premier League Soccer Travel,"Somali club logistics, Talent scouting programs, CAF Champions League travel","Somalia Premier League clubs, African federations, European scouts","Somalia, Africa, Middle East","Hotels, Airlines, Training centers",info@somaliasoccertravel.com,+252 2 6543 321,https://www.somaliasoccertravel.com
112,Liberia Premier League Soccer Travel,"Liberian club logistics, Youth soccer scouting, CAF Confederation Cup logistics","Liberian Premier League clubs, National federations, FIFA scouts","Liberia, Africa, Europe","Hotels, Airlines, Soccer training academies",info@liberiasoccertravel.com,+231 2 6543 321,https://www.liberiasoccertravel.com
113,Sierra Leone Premier League Travel,"Sierra Leonean club logistics, Player scouting, CAF tournament logistics","Sierra Leone Premier League clubs, African federations, FIFA agents","Sierra Leone, Africa, Europe","Hotels, Airlines, Soccer academies",info@sierraleonesoccertravel.com,+232 2 6543 321,https://www.sierraleonesoccertravel.com
114,Chad National Soccer Travel,"Chadian club logistics, Youth soccer scouting, CAF Confederation Cup logistics","Chadian Premier League clubs, National federations, FIFA scouts","Chad, Africa, Europe","Hotels, Airlines, Soccer training academies",info@chadsoccertravel.com,+235 2 6543 321,https://www.chadsoccertravel.com
115,Turkmenistan Yokary Liga Travel,"Turkmen club logistics, Player relocation programs, AFC Champions League travel","Turkmenistan Yokary Liga clubs, National teams, FIFA scouts","Turkmenistan, Asia, Middle East","Hotels, Airlines, Soccer training academies",info@turkmenistansoccertravel.com,+993 2 6543 321,https://www.turkmenistansoccertravel.com
116,Mali Ligue 1 Soccer Travel,"Malian club team logistics, Youth soccer scouting, CAF Confederation Cup logistics","Mali Ligue 1 clubs, African federations, European scouts","Mali, Africa, Europe","Hotels, Airlines, Training centers",info@malisoccertravel.com,+223 2 6543 321,https://www.malisoccertravel.com
117,Papua New Guinea Soccer Travel,"PNG club travel, OFC Champions League logistics, Youth development programs","Papua New Guinea Premier League clubs, OFC teams, FIFA scouts","Papua New Guinea, Oceania, Australia","Hotels, Airlines, Soccer training academies",info@pngsoccertravel.com,+675 2 6543 321,https://www.pngsoccertravel.com
118,Cambodia C-League Soccer Travel,"Cambodian club logistics, Youth talent scouting, International friendly match logistics","Cambodian C-League clubs, Asian federations, FIFA scouts","Cambodia, Asia, Australia","Hotels, Airlines, Training centers",info@cambodiasoccertravel.com,+855 2 6543 321,https://www.cambodiasoccertravel.com
119,Kyrgyzstan Premier League Travel,"Kyrgyz club logistics, Player scouting, AFC Cup logistics","Kyrgyz Premier League clubs, National federations, FIFA agents","Kyrgyzstan, Asia, Europe","Hotels, Airlines, Soccer training centers",info@kyrgyzstansoccertravel.com,+996 2 6543 321,https://www.kyrgyzstansoccertravel.com
120,Laos Premier League Soccer Travel,"Lao club travel, AFC Champions League logistics, Youth development programs","Laos Premier League clubs, Asian federations, FIFA scouts","Laos, Asia, Australia","Hotels, Airlines, Soccer training academies",info@laossoccertravel.com,+856 2 6543 321,https://www.laossoccertravel.com
121,Eswatini Premier League Travel,"Eswatini club logistics, Player scouting, CAF tournament travel","Eswatini Premier League clubs, National federations, FIFA scouts","Eswatini, Africa, Europe","Hotels, Airlines, Soccer training academies",info@eswatinisoccertravel.com,+268 2 6543 321,https://www.eswatinisoccertravel.com
122,Belarus Premier League Soccer Travel,"Belarusian club travel, UEFA qualifying rounds, Player scouting programs","Belarus Premier League clubs, European federations, FIFA scouts","Belarus, Europe, Asia","Hotels, Airlines, Training centers",info@belarussoccertravel.com,+375 2 6543 321,https://www.belarussoccertravel.com
123,Zambia Super League Soccer Travel,"Zambian club travel, Youth soccer scouting, CAF tournament logistics","Zambian Super League clubs, National teams, FIFA scouts","Zambia, Africa, Europe","Hotels, Airlines, Soccer academies",info@zambiasoccertravel.com,+260 2 6543 321,https://www.zambiasoccertravel.com
124,Togo Championnat National Travel,"Togolese club logistics, Talent scouting, CAF Champions League travel","Togo Championnat National clubs, National federations, FIFA agents","Togo, Africa, Europe","Hotels, Airlines, Soccer academies",info@togosoccertravel.com,+228 2 6543 321,https://www.togosoccertravel.com
125,Vanuatu National Soccer Travel,"Vanuatu club travel, OFC Champions League logistics, Youth development programs","Vanuatu Premier League clubs, OFC teams, FIFA scouts","Vanuatu, Oceania, Australia","Hotels, Airlines, Soccer training academies",info@vanuatusoccertravel.com,+678 2 6543 321,https://www.vanuatusoccertravel.com
126,Faroe Islands Premier League Travel,"Faroe Islands club logistics, UEFA qualifying matches, Player scouting programs","Faroe Islands Premier League clubs, European federations, FIFA scouts","Faroe Islands, Europe, Scandinavia","Hotels, Airlines, Training academies",info@faroeislandssoccertravel.com,+298 2 6543 321,https://www.faroeislandssoccertravel.com
127,Solomon Islands National Soccer Travel,"Solomon Islands club travel, OFC Champions League logistics, Youth talent scouting","Solomon Islands Premier League clubs, OFC teams, FIFA scouts","Solomon Islands, Oceania, Australia","Hotels, Airlines, Soccer training academies",info@solomonislandssoccertravel.com,+677 2 6543 321,https://www.solomonislandssoccertravel.com
128,Guatemala Liga Nacional Soccer Travel,"Guatemalan club logistics, Concacaf Champions League travel, Player scouting programs","Guatemala Liga Nacional clubs, National federations, FIFA agents","Guatemala, Central America, North America","Hotels, Airlines, Soccer training academies",info@guatemalasoccertravel.com,+502 2 6543 321,https://www.guatemalasoccertravel.com
129,Armenia Premier League Travel,"Armenian club travel, UEFA Europa Conference League logistics, Player scouting","Armenian Premier League clubs, National teams, FIFA scouts","Armenia, Europe, Asia","Hotels, Airlines, Soccer training academies",info@armeniasoccertravel.com,+374 2 6543 321,https://www.armeniasoccertravel.com
130,Eritrea Premier League Soccer Travel,"Eritrean club logistics, Youth soccer scouting, CAF tournament logistics","Eritrean Premier League clubs, National teams, FIFA scouts","Eritrea, Africa, Middle East","Hotels, Airlines, Soccer academies",info@eritreasoccertravel.com,+291 2 6543 321,https://www.eritreasoccertravel.com
131,Kosovo Superliga Soccer Travel,"Kosovo club logistics, UEFA Europa League travel, Player scouting programs","Kosovo Superliga clubs, European federations, FIFA scouts","Kosovo, Europe, Balkans","Hotels, Airlines, Training centers",info@kosovosoccertravel.com,+383 2 6543 321,https://www.kosovosoccertravel.com
132,Luxembourg National Division Travel,"Luxembourg club travel, UEFA qualifying rounds, Player transfers","Luxembourg National Division clubs, European leagues, Player agents","Luxembourg, Europe, France","Hotels, Airlines, Training academies",info@luxembourgsoccertravel.com,+352 2 6543 321,https://www.luxembourgsoccertravel.com
133,Icelandic Football Association Travel,"Icelandic club travel, UEFA tournament logistics, Youth training programs","Icelandic clubs, UEFA teams, FIFA scouts","Iceland, Scandinavia, Europe","Hotels, Airlines, Training academies",info@icelandsoccertravel.com,+354 2 6543 321,https://www.icelandsoccertravel.com
134,Montserrat Football League Travel,"Montserrat club logistics, Concacaf qualifiers, Player scouting","Montserrat National League clubs, Caribbean teams, FIFA scouts","Montserrat, Caribbean, North America","Hotels, Airlines, Soccer facilities",info@montserratsoccertravel.com,+1 664 2 6543 321,https://www.montserratsoccertravel.com
135,Sri Lanka Super League Soccer Travel,"Sri Lankan club travel, AFC Cup logistics, Youth soccer scouting","Sri Lanka Super League clubs, Asian federations, FIFA scouts","Sri Lanka, Asia, Middle East","Hotels, Airlines, Soccer training academies",info@srilankasoccertravel.com,+94 2 6543 321,https://www.srilankasoccertravel.com
136,Barbados Premier League Travel,"Barbadian club travel, Concacaf tournament logistics, Player relocation services","Barbados Premier League clubs, National teams, Player agents","Barbados, Caribbean, North America","Hotels, Airlines, Training academies",info@barbadossoccertravel.com,+1 246 2 6543 321,https://www.barbadossoccertravel.com
137,Tajikistan Higher League Travel,"Tajik club logistics, AFC Champions League travel, Youth soccer scouting","Tajikistan Higher League clubs, Asian federations, FIFA scouts","Tajikistan, Asia, Russia","Hotels, Airlines, Soccer training academies",info@tajikistansoccertravel.com,+992 2 6543 321,https://www.tajikistansoccertravel.com
138,Macau Elite League Soccer Travel,"Macau club logistics, Asian Cup qualifiers, Player scouting","Macau Elite League clubs, Asian federations, FIFA scouts","Macau, China, Southeast Asia","Hotels, Airlines, Training academies",info@macausoccertravel.com,+853 2 6543 321,https://www.macausoccertravel.com
139,Malta Premier League Soccer Travel,"Maltese club travel, UEFA qualifying matches, Player recruitment programs","Malta Premier League clubs, European federations, FIFA agents","Malta, Europe, Africa","Hotels, Airlines, Soccer academies",info@maltasoccertravel.com,+356 2 6543 321,https://www.maltasoccertravel.com
140,Vietnam National Women's Soccer Travel,"Vietnam women’s league logistics, International tournaments, Player scouting","Vietnam Women’s Premier League clubs, National teams, FIFA scouts","Vietnam, Asia, Australia","Hotels, Airlines, Soccer training academies",info@vietnamsoccerwomenstravel.com,+84 24 6543 321,https://www.vietnamsoccerwomenstravel.com
141,Cayman Islands Soccer Travel,"Cayman club logistics, Concacaf tournaments, Player relocation services","Cayman Islands League clubs, National teams, FIFA scouts","Cayman Islands, Caribbean, North America","Hotels, Airlines, Training academies",info@caymansoccertravel.com,+1 345 2 6543 321,https://www.caymansoccertravel.com
142,Lebanon Premier League Soccer Travel,"Lebanese club logistics, AFC Cup travel, Player scouting programs","Lebanon Premier League clubs, Asian federations, FIFA scouts","Lebanon, Middle East, Asia","Hotels, Airlines, Soccer training academies",info@lebanonsoccertravel.com,+961 2 6543 321,https://www.lebanonsoccertravel.com
143,Bermuda National Soccer Travel,"Bermudian club logistics, Concacaf Gold Cup travel, Youth training programs","Bermuda National League clubs, National teams, FIFA scouts","Bermuda, Caribbean, North America","Hotels, Airlines, Soccer academies",info@bermudasoccertravel.com,+1 441 2 6543 321,https://www.bermudasoccertravel.com
144,Greenland National Soccer Travel,"Greenland club logistics, UEFA friendly matches, Player relocation services","Greenland Football Association clubs, Scandinavian leagues, FIFA scouts","Greenland, Scandinavia, Europe","Hotels, Airlines, Training academies",info@greenlandsoccertravel.com,+299 2 6543 321,https://www.greenlandsoccertravel.com
145,San Marino National Soccer Travel,"San Marino club travel, UEFA tournament logistics, Youth development programs","San Marino clubs, National teams, FIFA scouts","San Marino, Italy, Europe","Hotels, Airlines, Training academies",info@sanmarinosoccertravel.com,+378 2 6543 321,https://www.sanmarinosoccertravel.com
146,Myanmar National Soccer Travel,"Myanmar club logistics, AFC Cup qualifiers, Youth soccer scouting","Myanmar National League clubs, Asian federations, FIFA scouts","Myanmar, Asia, Australia","Hotels, Airlines, Soccer training academies",info@myanmarsoccertravel.com,+95 2 6543 321,https://www.myanmarsoccertravel.com
147,Comoros Premier League Travel,"Comoros club logistics, CAF Confederation Cup travel, Player scouting","Comoros Premier League clubs, African federations, FIFA scouts","Comoros, Africa, Europe","Hotels, Airlines, Soccer training academies",info@comorossoccertravel.com,+269 2 6543 321,https://www.comorossoccertravel.com
148,Djibouti Premier League Soccer Travel,"Djibouti club logistics, Youth soccer development, CAF tournament travel","Djibouti Premier League clubs, National teams, African federations","Djibouti, Africa, Middle East","Hotels, Airlines, Soccer training centers",info@djiboutisoccertravel.com,+253 2 6543 321,https://www.djiboutisoccertravel.com
149,Gibraltar Premier League Soccer Travel,"Gibraltar club travel, UEFA qualifying matches, Player recruitment programs","Gibraltar Premier League clubs, European federations, FIFA agents","Gibraltar, Spain, Europe","Hotels, Airlines, Soccer academies",info@gibraltarsoccertravel.com,+350 2 6543 321,https://www.gibraltarsoccertravel.com
150,Bhutan Premier League Soccer Travel,"Bhutanese club travel, AFC qualifiers, Player scouting programs","Bhutan Premier League clubs, Asian federations, FIFA scouts","Bhutan, Asia, India","Hotels, Airlines, Soccer training academies",info@bhutansoccertravel.com,+975 2 6543 321,https://www.bhutansoccertravel.com
151,Maldives Dhivehi Premier League Travel,"Maldivian club logistics, AFC tournament travel, Youth player scouting","Dhivehi Premier League clubs, Asian federations, FIFA scouts","Maldives, Asia, Middle East","Hotels, Airlines, Soccer training academies",info@maldivessoccertravel.com,+960 2 6543 321,https://www.maldivessoccertravel.com
152,Liechtenstein National Soccer Travel,"Liechtenstein club logistics, UEFA qualifiers, Player relocation services","Liechtenstein clubs, Swiss leagues, UEFA teams","Liechtenstein, Switzerland, Europe","Hotels, Airlines, Soccer academies",info@liechtensteinsoccertravel.com,+423 2 6543 321,https://www.liechtensteinsoccertravel.com
153,Brunei Super League Soccer Travel,"Bruneian club travel, AFC Cup logistics, Player scouting","Brunei Super League clubs, Asian federations, FIFA scouts","Brunei, Asia, Australia","Hotels, Airlines, Soccer training academies",info@bruneisoccertravel.com,+673 2 6543 321,https://www.bruneisoccertravel.com
154,Timor-Leste Premier League Travel,"Timor-Leste club travel, International scouting programs, Player relocation services","Timor-Leste Premier League clubs, Asian leagues, FIFA scouts","Timor-Leste, Asia, Australia","Hotels, Airlines, Soccer academies",info@timorlestesoccertravel.com,+670 2 6543 321,https://www.timorlestesoccertravel.com
155,Saint Kitts and Nevis Premier League Travel,"SKN club logistics, Concacaf Gold Cup travel, Youth soccer scouting","Saint Kitts and Nevis Premier League clubs, National federations, FIFA scouts","Saint Kitts and Nevis, Caribbean, North America","Hotels, Airlines, Soccer training academies",info@sknsoccertravel.com,+1 869 2 6543 321,https://www.sknsoccertravel.com
156,Saint Vincent and the Grenadines Soccer Travel,"SVG club travel, Concacaf qualifiers, International scouting programs","Saint Vincent and the Grenadines National League clubs, Caribbean teams, FIFA scouts","Saint Vincent and the Grenadines, Caribbean, North America","Hotels, Airlines, Soccer academies",info@svgscocertravel.com,+1 784 2 6543 321,https://www.svgscocertravel.com
157,Tonga National Soccer Travel,"Tonga club logistics, OFC Champions League travel, Player scouting programs","Tonga Premier League clubs, OFC teams, FIFA scouts","Tonga, Oceania, Australia","Hotels, Airlines, Soccer training academies",info@tongasoccertravel.com,+676 2 6543 321,https://www.tongasoccertravel.com
158,Micronesia Soccer Travel,"Micronesian club travel, OFC tournament logistics, Youth soccer scouting","Micronesia Football Association clubs, Pacific Islands leagues, FIFA scouts","Micronesia, Oceania, Australia","Hotels, Airlines, Soccer training academies",info@micronesiassoccertravel.com,+691 2 6543 321,https://www.micronesiassoccertravel.com
159,Cook Islands Soccer Travel,"Cook Islands club logistics, OFC Nations Cup travel, International scouting programs","Cook Islands National League clubs, Pacific teams, FIFA scouts","Cook Islands, Oceania, New Zealand","Hotels, Airlines, Soccer training academies",info@cookislandssoccertravel.com,+682 2 6543 321,https://www.cookislandssoccertravel.com
160,Samoa Premier League Soccer Travel,"Samoan club logistics, OFC qualifiers, Youth player scouting","Samoa Premier League clubs, OFC teams, FIFA scouts","Samoa, Oceania, Australia","Hotels, Airlines, Soccer training academies",info@samoasoccertravel.com,+685 2 6543 321,https://www.samoasoccertravel.com
161,Andorra Primera Divisió Soccer Travel,"Andorran club logistics, UEFA tournament travel, Player scouting programs","Andorra Primera Divisió clubs, Spanish leagues, UEFA teams","Andorra, Spain, Europe","Hotels, Airlines, Training centers",info@andorrasoccertravel.com,+376 2 6543 321,https://www.andorrasoccertravel.com
162,Seychelles Premier League Travel,"Seychellois club logistics, CAF Confederation Cup travel, Player scouting programs","Seychelles Premier League clubs, National teams, FIFA scouts","Seychelles, Africa, Europe","Hotels, Airlines, Soccer academies",info@seychellessoccertravel.com,+248 2 6543 321,https://www.seychellessoccertravel.com
163,Nicaragua Primera División Soccer Travel,"Nicaraguan club logistics, Concacaf Champions League travel, Youth scouting","Nicaragua Primera División clubs, Central American teams, FIFA scouts","Nicaragua, Central America, North America","Hotels, Airlines, Training academies",info@nicaraguasoccertravel.com,+505 2 6543 321,https://www.nicaraguasoccertravel.com
164,Turks and Caicos Soccer Travel,"Turks and Caicos club logistics, Concacaf qualifiers, Player scouting programs","Turks and Caicos National League clubs, Caribbean teams, FIFA scouts","Turks and Caicos, Caribbean, North America","Hotels, Airlines, Soccer academies",info@tcisoccertravel.com,+1 649 2 6543 321,https://www.tcisoccertravel.com
165,Dominica Premier League Travel,"Dominican club logistics, Concacaf tournament travel, Youth development programs","Dominica Premier League clubs, National teams, FIFA scouts","Dominica, Caribbean, North America","Hotels, Airlines, Soccer training centers",info@dominicasoccertravel.com,+1 767 2 6543 321,https://www.dominicasoccertravel.com
166,São Tomé and Príncipe Soccer Travel,"São Tomé and Príncipe club travel, CAF tournament logistics, Player scouting","São Tomé and Príncipe clubs, African federations, FIFA scouts","São Tomé and Príncipe, Africa, Europe","Hotels, Airlines, Soccer training academies",info@stpsoccertravel.com,+239 2 6543 321,https://www.stpsoccertravel.com
167,Vatican City Soccer Travel,"Vatican City club travel, International friendly matches, Player scouting","Vatican City national team, European leagues, FIFA scouts","Vatican City, Italy, Europe","Hotels, Airlines, Soccer training academies",info@vaticansoccertravel.com,+39 06 6543 321,https://www.vaticansoccertravel.com
168,Martinique National Soccer Travel,"Martinique club travel, Concacaf Nations League logistics, Player scouting","Martinique National League clubs, Caribbean teams, FIFA scouts","Martinique, Caribbean, North America","Hotels, Airlines, Soccer training academies",info@martiniquesoccertravel.com,+596 2 6543 321,https://www.martiniquesoccertravel.com
169,Guadeloupe Soccer Travel,"Guadeloupe club logistics, Concacaf tournaments, Youth soccer development","Guadeloupe National League clubs, Caribbean teams, FIFA scouts","Guadeloupe, Caribbean, North America","Hotels, Airlines, Soccer training academies",info@guadeloupesoccertravel.com,+590 2 6543 321,https://www.guadeloupesoccertravel.com
170,Antigua and Barbuda Premier League Travel,"Antigua and Barbuda club travel, Concacaf qualifiers, Player scouting programs","Antigua and Barbuda Premier League clubs, National teams, FIFA scouts","Antigua and Barbuda, Caribbean, North America","Hotels, Airlines, Soccer training academies",info@antiguasoccertravel.com,+1 268 2 6543 321,https://www.antiguasoccertravel.com
171,Palestine Premier League Soccer Travel,"Palestinian club logistics, AFC Cup qualifiers, Player scouting","Palestine Premier League clubs, Middle Eastern teams, FIFA scouts","Palestine, Middle East, Asia","Hotels, Airlines, Soccer training academies",info@palestinesoccertravel.com,+970 2 6543 321,https://www.palestinesoccertravel.com
172,Faroe Islands Women’s Soccer Travel,"Faroe Islands women's club logistics, UEFA qualifiers, Player scouting programs","Faroe Islands Women’s League clubs, Scandinavian teams, FIFA scouts","Faroe Islands, Scandinavia, Europe","Hotels, Airlines, Training academies",info@faroeislandswomensoccertravel.com,+298 2 6543 321,https://www.faroeislandswomensoccertravel.com
173,Jersey Football League Travel,"Jersey club travel, UEFA friendly matches, Player scouting","Jersey Football Association clubs, European teams, FIFA scouts","Jersey, UK, Europe","Hotels, Airlines, Soccer training academies",info@jerseysoccertravel.com,+44 2 6543 321,https://www.jerseysoccertravel.com
174,Isle of Man Soccer Travel,"Isle of Man club travel, UEFA grassroots tournaments, Youth player scouting","Isle of Man League clubs, UK leagues, FIFA scouts","Isle of Man, UK, Europe","Hotels, Airlines, Soccer training academies",info@isleofmansoccertravel.com,+44 2 6543 321,https://www.isleofmansoccertravel.com
175,Saint Pierre and Miquelon Soccer Travel,"Saint Pierre club travel, French league qualifiers, Player scouting programs","Saint Pierre and Miquelon clubs, French leagues, FIFA scouts","Saint Pierre and Miquelon, Canada, France","Hotels, Airlines, Soccer training academies",info@saintpierresoccertravel.com,+508 2 6543 321,https://www.saintpierresoccertravel.com
176,Falkland Islands Soccer Travel,"Falkland Islands club travel, South American friendly matches, Youth development programs","Falkland Islands Football League clubs, South American leagues, FIFA scouts","Falkland Islands, Argentina, South America","Hotels, Airlines, Soccer training academies",info@falklandislandssoccertravel.com,+500 2 6543 321,https://www.falklandislandssoccertravel.com
177,Pitcairn Islands Soccer Travel,"Pitcairn club logistics, OFC regional tournaments, Player scouting","Pitcairn Islands teams, Pacific Islands leagues, FIFA scouts","Pitcairn Islands, Oceania, Australia","Hotels, Airlines, Soccer training academies",info@pitcairnsoccertravel.com,+872 2 6543 321,https://www.pitcairnsoccertravel.com
178,Niue Soccer Travel,"Niue club logistics, OFC tournament qualifiers, Youth soccer scouting","Niue Premier League clubs, OFC teams, FIFA scouts","Niue, Oceania, New Zealand","Hotels, Airlines, Soccer training academies",info@niuesoccertravel.com,+683 2 6543 321,https://www.niuesoccertravel.com
179,Tokelau National Soccer Travel,"Tokelau club travel, OFC Nations Cup logistics, Youth development programs","Tokelau Football Association clubs, Pacific teams, FIFA scouts","Tokelau, Oceania, New Zealand","Hotels, Airlines, Soccer training academies",info@tokelausoccertravel.com,+690 2 6543 321,https://www.tokelausoccertravel.com
180,Tristan da Cunha Soccer Travel,"Tristan da Cunha club logistics, International friendlies, Youth soccer development","Tristan da Cunha Football League clubs, African teams, FIFA scouts","Tristan da Cunha, Africa, Europe","Hotels, Airlines, Soccer training academies",info@tristandacunhasoccertravel.com,+290 2 6543 321,https://www.tristandacunhasoccertravel.com
181,Western Sahara Soccer Travel,"Western Sahara club logistics, CAF regional tournaments, Player scouting","Western Sahara Football clubs, African federations, FIFA scouts","Western Sahara, Africa, Europe","Hotels, Airlines, Soccer academies",info@westernsaharasoccertravel.com,+212 2 6543 321,https://www.westernsaharasoccertravel.com
182,Tuvalu Soccer Travel,"Tuvalu club logistics, OFC tournaments, Player scouting programs","Tuvalu Football Association clubs, OFC teams, FIFA scouts","Tuvalu, Oceania, New Zealand","Hotels, Airlines, Soccer training academies",info@tuvalusoccertravel.com,+688 2 6543 321,https://www.tuvalusoccertravel.com
183,Saint Helena Soccer Travel,"Saint Helena club travel, African qualifiers, Youth development programs","Saint Helena Football Association clubs, African teams, FIFA scouts","Saint Helena, Africa, Europe","Hotels, Airlines, Soccer academies",info@sainthelenasoccertravel.com,+290 2 6543 321,https://www.sainthelenasoccertravel.com
184,Wallis and Futuna Soccer Travel,"Wallis and Futuna club logistics, OFC qualifiers, Player scouting programs","Wallis and Futuna Football clubs, OFC teams, FIFA scouts","Wallis and Futuna, Oceania, New Zealand","Hotels, Airlines, Soccer training academies",info@wallisandfutunasoccertravel.com,+681 2 6543 321,https://www.wallisandfutunasoccertravel.com
185,Curaçao Soccer Travel,"Curaçao club logistics, Concacaf tournaments, Player scouting programs","Curaçao National League clubs, Caribbean teams, FIFA scouts","Curaçao, Caribbean, North America","Hotels, Airlines, Soccer training academies",info@curacaosoccertravel.com,+599 2 6543 321,https://www.curacaosoccertravel.com
186,French Guiana Soccer Travel,"French Guiana club travel, Concacaf Gold Cup logistics, Youth soccer scouting","French Guiana Football Association clubs, Caribbean teams, FIFA scouts","French Guiana, Caribbean, South America","Hotels, Airlines, Soccer training academies",info@frenchguianasoccertravel.com,+594 2 6543 321,https://www.frenchguianasoccertravel.com
187,Montserrat Women’s Soccer Travel,"Montserrat women's club logistics, Concacaf qualifiers, Player scouting","Montserrat Women’s National League clubs, Caribbean teams, FIFA scouts","Montserrat, Caribbean, North America","Hotels, Airlines, Soccer training academies",info@montserratwomenssoccertravel.com,+1 664 2 6543 321,https://www.montserratwomenssoccertravel.com
188,American Samoa Soccer Travel,"American Samoa club logistics, OFC Nations Cup travel, Youth development programs","American Samoa Football Association clubs, Pacific teams, FIFA scouts","American Samoa, Oceania, USA","Hotels, Airlines, Soccer training academies",info@americansamoasoccertravel.com,+1 684 2 6543 321,https://www.americansamoasoccertravel.com
189,Reunion Island Soccer Travel,"Reunion club logistics, African and European friendlies, Youth talent scouting","Reunion National League clubs, French teams, FIFA scouts","Reunion Island, Africa, France","Hotels, Airlines, Soccer training academies",info@reunionsoccertravel.com,+262 2 6543 321,https://www.reunionsoccertravel.com
190,Christmas Island Soccer Travel,"Christmas Island club logistics, AFC regional qualifiers, Player scouting","Christmas Island Football Association clubs, Australian leagues, FIFA scouts","Christmas Island, Asia, Australia","Hotels, Airlines, Soccer training academies",info@christmasislandsoccertravel.com,+61 2 6543 321,https://www.christmasislandsoccertravel.com
191,Nagorno-Karabakh Soccer Travel,"Nagorno-Karabakh club logistics, European qualifiers, Player scouting programs","Nagorno-Karabakh Football Association clubs, Armenian leagues, FIFA scouts","Nagorno-Karabakh, Armenia, Europe","Hotels, Airlines, Soccer training academies",info@nagornokarabakhsoccertravel.com,+374 2 6543 321,https://www.nagornokarabakhsoccertravel.com
192,South Ossetia Soccer Travel,"South Ossetian club logistics, UEFA-affiliated friendlies, Player scouting","South Ossetia Football Association clubs, Russian leagues, FIFA scouts","South Ossetia, Russia, Europe","Hotels, Airlines, Soccer training academies",info@southossetiasoccertravel.com,+7 2 6543 321,https://www.southossetiasoccertravel.com
193,Transnistria Soccer Travel,"Transnistrian club logistics, UEFA club competitions, Player recruitment","Transnistria National League clubs, Moldovan leagues, FIFA scouts","Transnistria, Moldova, Europe","Hotels, Airlines, Soccer academies",info@transnistriasoccertravel.com,+373 2 6543 321,https://www.transnistriasoccertravel.com
194,Abkhazia Premier League Soccer Travel,"Abkhazia club logistics, European friendlies, Youth player scouting","Abkhazia Premier League clubs, Russian leagues, FIFA scouts","Abkhazia, Georgia, Russia","Hotels, Airlines, Soccer academies",info@abkhaziasoccertravel.com,+995 2 6543 321,https://www.abkhaziasoccertravel.com
195,Kosovo Women’s Soccer Travel,"Kosovo women’s league logistics, UEFA Women’s Champions League travel, Player scouting","Kosovo Women's League clubs, European leagues, FIFA scouts","Kosovo, Europe, Balkans","Hotels, Airlines, Soccer academies",info@kosovowomenssoccertravel.com,+383 2 6543 321,https://www.kosovowomenssoccertravel.com
196,Easter Island Soccer Travel,"Easter Island club logistics, South American regional tournaments, Youth scouting","Easter Island teams, Chilean leagues, FIFA scouts","Easter Island, Chile, South America","Hotels, Airlines, Soccer training academies",info@easterislandsoccertravel.com,+56 2 6543 321,https://www.easterislandsoccertravel.com
197,Bonaire Soccer Travel,"Bonaire club logistics, Concacaf Nations League travel, Player scouting","Bonaire National League clubs, Caribbean teams, FIFA scouts","Bonaire, Caribbean, South America","Hotels, Airlines, Soccer training academies",info@bonaireislandsoccertravel.com,+599 2 6543 321,https://www.bonaireislandsoccertravel.com
198,Saint Barthélemy Soccer Travel,"Saint Barthélemy club logistics, French regional tournaments, Player scouting","Saint Barthélemy National League clubs, French leagues, FIFA scouts","Saint Barthélemy, Caribbean, Europe","Hotels, Airlines, Soccer academies",info@stbarthssoccertravel.com,+590 2 6543 321,https://www.stbarthssoccertravel.com
199,Saint Martin Soccer Travel,"Saint Martin club logistics, Concacaf regional tournaments, Youth player scouting","Saint Martin National League clubs, Caribbean teams, FIFA scouts","Saint Martin, Caribbean, North America","Hotels, Airlines, Soccer training academies",info@saintmartinsoccertravel.com,+590 2 6543 321,https://www.saintmartinsoccertravel.com
200,Niue Women’s Soccer Travel,"Niue women’s club logistics, OFC Women’s Nations Cup travel, Player scouting","Niue Women's National League clubs, OFC teams, FIFA scouts","Niue, Oceania, New Zealand","Hotels, Airlines, Soccer academies",info@niuewomenssoccertravel.com,+683 2 6543 321,https://www.niuewomenssoccertravel.com
201,Tibet Soccer Travel,"Tibetan club logistics, Asian qualifiers, Youth player scouting","Tibet National Team, Asian leagues, FIFA scouts","Tibet, China, Asia","Hotels, Airlines, Soccer training academies",info@tibetsoccertravel.com,+86 2 6543 321,https://www.tibetsoccertravel.com
202,Cocos (Keeling) Islands Soccer Travel,"Cocos Islands club logistics, OFC tournaments, Player scouting","Cocos Islands teams, Australian leagues, FIFA scouts","Cocos Islands, Australia, Oceania","Hotels, Airlines, Soccer training academies",info@cocossoccertravel.com,+61 2 6543 321,https://www.cocossoccertravel.com
203,Sint Eustatius Soccer Travel,"Sint Eustatius club logistics, Concacaf regional tournaments, Youth scouting","Sint Eustatius National League clubs, Caribbean teams, FIFA scouts","Sint Eustatius, Caribbean, North America","Hotels, Airlines, Soccer training academies",info@sinteustatiussoccertravel.com,+599 2 6543 321,https://www.sinteustatiussoccertravel.com
204,Aruba Soccer Travel,"Aruban club logistics, Concacaf Nations League travel, Player scouting","Aruba National League clubs, Caribbean teams, FIFA scouts","Aruba, Caribbean, South America","Hotels, Airlines, Soccer training academies",info@arubasoccertravel.com,+297 2 6543 321,https://www.arubasoccertravel.com
205,Guam Soccer Travel,"Guam club logistics, AFC tournaments, Youth player scouting","Guam Premier League clubs, Asian teams, FIFA scouts","Guam, Asia, Oceania","Hotels, Airlines, Soccer training academies",info@guamsoccertravel.com,+1 671 2 6543 321,https://www.guamsoccertravel.com
206,Northern Mariana Islands Soccer Travel,"Northern Mariana Islands club logistics, OFC qualifiers, Player scouting","Northern Mariana Islands Football clubs, Pacific leagues, FIFA scouts","Northern Mariana Islands, Oceania, Asia","Hotels, Airlines, Soccer training academies",info@northernmarianasoccertravel.com,+1 670 2 6543 321,https://www.northernmarianasoccertravel.com
207,Ascension Island Soccer Travel,"Ascension Island club travel, International friendlies, Youth soccer development","Ascension Island National League clubs, African teams, FIFA scouts","Ascension Island, Africa, Europe","Hotels, Airlines, Soccer training academies",info@ascensionsoccertravel.com,+247 2 6543 321,https://www.ascensionsoccertravel.com
208,Macquarie Island Soccer Travel,"Macquarie Island club logistics, OFC qualifiers, Player scouting programs","Macquarie Island Football clubs, Australian leagues, FIFA scouts","Macquarie Island, Oceania, Australia","Hotels, Airlines, Soccer training academies",info@macquariesoccertravel.com,+61 2 6543 321,https://www.macquariesoccertravel.com
209,Saint Helena Women's Soccer Travel,"Saint Helena women’s club logistics, African qualifiers, Player scouting","Saint Helena Women’s League clubs, African teams, FIFA scouts","Saint Helena, Africa, Europe","Hotels, Airlines, Soccer training academies",info@sainthelenawomensoccertravel.com,+290 2 6543 321,https://www.sainthelenawomensoccertravel.com
210,Diego Garcia Soccer Travel,"Diego Garcia club travel, International friendly matches, Youth soccer scouting","Diego Garcia Football Association clubs, African and Asian teams, FIFA scouts","Diego Garcia, Africa, Asia","Hotels, Airlines, Soccer training academies",info@diegogarciasoccertravel.com,+246 2 6543 321,https://www.diegogarciasoccertravel.com
211,Clipperton Island Soccer Travel,"Clipperton Island club logistics, French regional tournaments, Player scouting","Clipperton Football Association clubs, French leagues, FIFA scouts","Clipperton Island, France, North America","Hotels, Airlines, Soccer training academies",info@clippertonsoccertravel.com,+689 2 6543 321,https://www.clippertonsoccertravel.com
212,Socotra Island Soccer Travel,"Socotra Island club logistics, Middle Eastern qualifiers, Youth scouting","Socotra Football Association clubs, Yemeni leagues, FIFA scouts","Socotra Island, Yemen, Middle East","Hotels, Airlines, Soccer training academies",info@socotrasoccertravel.com,+967 2 6543 321,https://www.socotrasoccertravel.com
213,Kerguelen Islands Soccer Travel,"Kerguelen Islands club logistics, OFC qualifiers, Player scouting","Kerguelen National League clubs, French leagues, FIFA scouts","Kerguelen Islands, France, Oceania","Hotels, Airlines, Soccer training academies",info@kerguelensoccertravel.com,+33 2 6543 321,https://www.kerguelensoccertravel.com
214,Heard Island Soccer Travel,"Heard Island club logistics, Australian qualifiers, Player scouting","Heard Island Football Association clubs, Australian leagues, FIFA scouts","Heard Island, Australia, Oceania","Hotels, Airlines, Soccer training academies",info@heardislandsoccertravel.com,+61 2 6543 321,https://www.heardislandsoccertravel.com
215,Jan Mayen Soccer Travel,"Jan Mayen club logistics, UEFA friendlies, Youth soccer development","Jan Mayen Football clubs, Norwegian leagues, FIFA scouts","Jan Mayen, Norway, Europe","Hotels, Airlines, Soccer training academies",info@janmayensoccertravel.com,+47 2 6543 321,https://www.janmayensoccertravel.com
216,Gough Island Soccer Travel,"Gough Island club logistics, African qualifiers, Youth player scouting","Gough Island Football Association clubs, South African leagues, FIFA scouts","Gough Island, South Africa, Europe","Hotels, Airlines, Soccer training academies",info@goughislandsoccertravel.com,+27 2 6543 321,https://www.goughislandsoccertravel.com
217,Peter I Island Soccer Travel,"Peter I Island club logistics, Antarctic soccer leagues, Youth training programs","Peter I Island Football clubs, Norwegian leagues, FIFA scouts","Peter I Island, Antarctica, Norway","Hotels, Airlines, Soccer training academies",info@peterislandsoccertravel.com,+47 2 6543 321,https://www.peterislandsoccertravel.com
218,Bir Tawil Soccer Travel,"Bir Tawil club logistics, African qualifiers, Player scouting programs","Bir Tawil Football clubs, Egyptian leagues, FIFA scouts","Bir Tawil, Egypt, Africa","Hotels, Airlines, Soccer training academies",info@birtawilsoccertravel.com,+20 2 6543 321,https://www.birtawilsoccertravel.com
219,North Sentinel Island Soccer Travel,"North Sentinel Island club logistics, Indian qualifiers, Player scouting","North Sentinel Football clubs, Indian leagues, FIFA scouts","North Sentinel Island, India, Asia","Hotels, Airlines, Soccer training academies",info@northsentinelsoccertravel.com,+91 2 6543 321,https://www.northsentinelsoccertravel.com
220,Bouvet Island Soccer Travel,"Bouvet Island club logistics, Antarctic soccer tournaments, Youth scouting","Bouvet Island Football clubs, Norwegian leagues, FIFA scouts","Bouvet Island, Norway, Antarctica","Hotels, Airlines, Soccer training academies",info@bouvetislandsoccertravel.com,+47 2 6543 321,https://www.bouvetislandsoccertravel.com
221,South Georgia and South Sandwich Islands Soccer Travel,"SGSSI club logistics, South American qualifiers, Youth soccer scouting","SGSSI Football Association clubs, Argentinian leagues, FIFA scouts","South Georgia, South America, Antarctica","Hotels, Airlines, Soccer training academies",info@sgssisoccertravel.com,+500 2 6543 321,https://www.sgssisoccertravel.com
222,Hainan Island Soccer Travel,"Hainan Island club logistics, Chinese Super League qualifiers, Player scouting","Hainan Football Association clubs, Chinese leagues, FIFA scouts","Hainan, China, Asia","Hotels, Airlines, Soccer training academies",info@hainansoccertravel.com,+86 2 6543 321,https://www.hainansoccertravel.com
223,Chatham Islands Soccer Travel,"Chatham Islands club logistics, New Zealand tournaments, Player scouting","Chatham Islands National League clubs, New Zealand leagues, FIFA scouts","Chatham Islands, New Zealand, Oceania","Hotels, Airlines, Soccer training academies",info@chathamislandssoccertravel.com,+64 2 6543 321,https://www.chathamislandssoccertravel.com
224,Bermuda Women’s Soccer Travel,"Bermuda women's club logistics, Concacaf Women's Championship travel, Player scouting","Bermuda Women's League clubs, Caribbean teams, FIFA scouts","Bermuda, Caribbean, North America","Hotels, Airlines, Soccer training academies",info@bermudawomenssoccertravel.com,+1 441 2 6543 321,https://www.bermudawomensoccertravel.com
225,Tokelau Women’s Soccer Travel,"Tokelau women’s club logistics, OFC Women’s Nations Cup travel, Player scouting","Tokelau Women's National League clubs, OFC teams, FIFA scouts","Tokelau, Oceania, New Zealand","Hotels, Airlines, Soccer training academies",info@tokelauwomenssoccertravel.com,+690 2 6543 321,https://www.tokelauwomensoccertravel.com
226,Tinian Soccer Travel,"Tinian club logistics, OFC regional tournaments, Youth scouting","Tinian Football Association clubs, Pacific Islands leagues, FIFA scouts","Tinian, Northern Mariana Islands, Oceania","Hotels, Airlines, Soccer training academies",info@tiniansoccertravel.com,+1 670 2 6543 321,https://www.tiniansoccertravel.com
227,Svalbard Soccer Travel,"Svalbard club logistics, UEFA winter tournaments, Youth soccer scouting","Svalbard Football Association clubs, Norwegian leagues, FIFA scouts","Svalbard, Norway, Europe","Hotels, Airlines, Soccer training academies",info@svalbardsoccertravel.com,+47 2 6543 321,https://www.svalbardsoccertravel.com
228,Nagaland Soccer Travel,"Nagaland club logistics, Indian I-League travel, Youth scouting","Nagaland Premier League clubs, Indian leagues, FIFA scouts","Nagaland, India, Asia","Hotels, Airlines, Soccer training academies",info@nagalandsoccertravel.com,+91 2 6543 321,https://www.nagalandsoccertravel.com
229,Komi Republic Soccer Travel,"Komi Republic club logistics, Russian Premier League qualifiers, Player scouting","Komi Republic Football Association clubs, Russian leagues, FIFA scouts","Komi Republic, Russia, Europe","Hotels, Airlines, Soccer training academies",info@komisoccertravel.com,+7 2 6543 321,https://www.komisoccertravel.com
230,Altai Republic Soccer Travel,"Altai Republic club logistics, Russian lower league qualifiers, Player scouting","Altai Republic Football clubs, Russian leagues, FIFA scouts","Altai Republic, Russia, Asia","Hotels, Airlines, Soccer training academies",info@altaisoccertravel.com,+7 2 6543 321,https://www.altaisoccertravel.com
231,Baikonur Soccer Travel,"Baikonur club logistics, Kazakhstan Premier League qualifiers, Youth player scouting","Baikonur Football Association clubs, Kazakh leagues, FIFA scouts","Baikonur, Kazakhstan, Asia","Hotels, Airlines, Soccer training academies",info@baikonursoccertravel.com,+7 2 6543 321,https://www.baikonursoccertravel.com
232,Tajikistan Women’s Soccer Travel,"Tajikistan women’s club logistics, AFC Women’s Cup travel, Player scouting","Tajikistan Women's League clubs, Asian teams, FIFA scouts","Tajikistan, Asia, Middle East","Hotels, Airlines, Soccer training academies",info@tajikistanwomenssoccertravel.com,+992 2 6543 321,https://www.tajikistanwomenssoccertravel.com
233,Orkney Islands Soccer Travel,"Orkney Islands club logistics, Scottish lower league tournaments, Youth scouting","Orkney Football Association clubs, Scottish leagues, FIFA scouts","Orkney Islands, Scotland, Europe","Hotels, Airlines, Soccer training academies",info@orkneysoccertravel.com,+44 2 6543 321,https://www.orkneysoccertravel.com
234,Ladakh Soccer Travel,"Ladakh club logistics, Indian I-League qualifiers, Player scouting","Ladakh Football Association clubs, Indian leagues, FIFA scouts","Ladakh, India, Asia","Hotels, Airlines, Soccer training academies",info@ladakhsoccertravel.com,+91 2 6543 321,https://www.ladakhsoccertravel.com
235,Newfoundland and Labrador Soccer Travel,"Newfoundland club logistics, Canadian Premier League qualifiers, Youth player scouting","Newfoundland Football Association clubs, Canadian leagues, FIFA scouts","Newfoundland and Labrador, Canada, North America","Hotels, Airlines, Soccer training academies",info@newfoundlandsoccertravel.com,+1 709 2 6543 321,https://www.newfoundlandsoccertravel.com
236,Guadeloupe Women’s Soccer Travel,"Guadeloupe women’s club logistics, Concacaf Women’s tournaments, Player scouting","Guadeloupe Women's League clubs, Caribbean teams, FIFA scouts","Guadeloupe, Caribbean, North America","Hotels, Airlines, Soccer training academies",info@guadeloupewomenssoccertravel.com,+590 2 6543 321,https://www.guadeloupewomenssoccertravel.com
237,Kuril Islands Soccer Travel,"Kuril Islands club logistics, Russian regional tournaments, Youth scouting","Kuril Islands Football Association clubs, Russian leagues, FIFA scouts","Kuril Islands, Russia, Asia","Hotels, Airlines, Soccer training academies",info@kurilislandssoccertravel.com,+7 2 6543 321,https://www.kurilislandssoccertravel.com
238,Greenland Women’s Soccer Travel,"Greenland women's club logistics, UEFA Women’s tournaments, Player scouting","Greenland Women's League clubs, Scandinavian teams, FIFA scouts","Greenland, Scandinavia, Europe","Hotels, Airlines, Soccer training academies",info@greenlandwomenssoccertravel.com,+299 2 6543 321,https://www.greenlandwomenssoccertravel.com
239,Zanzibar Soccer Travel,"Zanzibar club logistics, CAF Champions League qualifiers, Player scouting","Zanzibar Premier League clubs, Tanzanian leagues, FIFA scouts","Zanzibar, Tanzania, Africa","Hotels, Airlines, Soccer training academies",info@zanzibarsoccertravel.com,+255 2 6543 321,https://www.zanzibarsoccertravel.com
240,Ascension Island Women’s Soccer Travel,"Ascension Island women’s club logistics, African qualifiers, Player scouting","Ascension Island Women's League clubs, African teams, FIFA scouts","Ascension Island, Africa, Europe","Hotels, Airlines, Soccer training academies",info@ascensionwomenssoccertravel.com,+247 2 6543 321,https://www.ascensionwomenssoccertravel.com
241,Bougainville Soccer Travel,"Bougainville club logistics, OFC Champions League travel, Player scouting","Bougainville National League clubs, Pacific teams, FIFA scouts","Bougainville, Papua New Guinea, Oceania","Hotels, Airlines, Soccer training academies",info@bougainvillesoccertravel.com,+675 2 6543 321,https://www.bougainvillesoccertravel.com
242,Nagorno-Karabakh Women’s Soccer Travel,"Nagorno-Karabakh women's club logistics, UEFA Women’s qualifiers, Player scouting","Nagorno-Karabakh Women's League clubs, Armenian leagues, FIFA scouts","Nagorno-Karabakh, Armenia, Europe","Hotels, Airlines, Soccer training academies",info@nagornokarabakhwomenssoccertravel.com,+374 2 6543 321,https://www.nagornokarabakhwomenssoccertravel.com
243,Faroe Islands Youth Soccer Travel,"Faroe Islands youth club logistics, UEFA youth tournaments, Player scouting","Faroe Islands Youth League clubs, Scandinavian teams, FIFA scouts","Faroe Islands, Scandinavia, Europe","Hotels, Airlines, Soccer training academies",info@faroeislandsyouthsoccertravel.com,+298 2 6543 321,https://www.faroeislandsyouthsoccertravel.com
244,Saint Pierre and Miquelon Women’s Soccer Travel,"Saint Pierre women's club logistics, French regional tournaments, Player scouting","Saint Pierre and Miquelon Women's League clubs, French leagues, FIFA scouts","Saint Pierre and Miquelon, Canada, France","Hotels, Airlines, Soccer training academies",info@saintpierrewomenssoccertravel.com,+508 2 6543 321,https://www.saintpierrewomenssoccertravel.com
245,Madeira Soccer Travel,"Madeira club logistics, Portuguese Cup qualifiers, Youth development programs","Madeira Premier League clubs, Portuguese leagues, FIFA scouts","Madeira, Portugal, Europe","Hotels, Airlines, Soccer training academies",info@madeirasoccertravel.com,+351 2 6543 321,https://www.madeirasoccertravel.com
246,Réunion Women’s Soccer Travel,"Réunion women's club logistics, CAF Women's Champions League travel, Player scouting","Réunion Women's League clubs, African federations, FIFA scouts","Réunion Island, Africa, France","Hotels, Airlines, Soccer training academies",info@reunionwomenssoccertravel.com,+262 2 6543 321,https://www.reunionwomenssoccertravel.com
247,Galápagos Islands Soccer Travel,"Galápagos club logistics, Ecuadorian League travel, Youth development programs","Galápagos Premier League clubs, Ecuadorian teams, FIFA scouts","Galápagos Islands, Ecuador, South America","Hotels, Airlines, Soccer training academies",info@galapagossoccertravel.com,+593 2 6543 321,https://www.galapagossoccertravel.com
248,Azores Soccer Travel,"Azores club logistics, Portuguese Cup travel, Player scouting","Azores Football Association clubs, Portuguese leagues, FIFA scouts","Azores, Portugal, Europe","Hotels, Airlines, Soccer training academies",info@azoressoccertravel.com,+351 2 6543 321,https://www.azoressoccertravel.com
249,Falkland Islands Women’s Soccer Travel,"Falkland Islands women's club logistics, South American regional tournaments, Youth scouting","Falkland Islands Women's League clubs, South American leagues, FIFA scouts","Falkland Islands, Argentina, South America","Hotels, Airlines, Soccer training academies",info@falklandislandswomenssoccertravel.com,+500 2 6543 321,https://www.falklandislandswomenssoccertravel.com
250,Djerba Soccer Travel,"Djerba club logistics, Tunisian Ligue 1 qualifiers, Player scouting","Djerba Premier League clubs, Tunisian leagues, FIFA scouts","Djerba, Tunisia, Africa","Hotels, Airlines, Soccer training academies",info@djerbasoccertravel.com,+216 2 6543 321,https://www.djerbasoccertravel.com
251,Rapa Nui Soccer Travel,"Rapa Nui club logistics, Chilean Primera B qualifiers, Youth player scouting","Rapa Nui National League clubs, Chilean leagues, FIFA scouts","Rapa Nui (Easter Island), Chile, South America","Hotels, Airlines, Soccer training academies",info@rapanuisoccertravel.com,+56 2 6543 321,https://www.rapanuisoccertravel.com
252,Transylvania Soccer Travel,"Transylvania club logistics, Romanian Cup qualifiers, Youth development programs","Transylvania Premier League clubs, Romanian leagues, FIFA scouts","Transylvania, Romania, Europe","Hotels, Airlines, Soccer training academies",info@transylvaniasoccertravel.com,+40 2 6543 321,https://www.transylvaniasoccertravel.com
253,Sulawesi Soccer Travel,"Sulawesi club logistics, Indonesian Liga 1 qualifiers, Youth player scouting","Sulawesi Premier League clubs, Indonesian leagues, FIFA scouts","Sulawesi, Indonesia, Asia","Hotels, Airlines, Soccer training academies",info@sulawesisoccertravel.com,+62 2 6543 321,https://www.sulawesisoccertravel.com
254,Borneo Soccer Travel,"Borneo club logistics, Malaysian Super League travel, Player scouting","Borneo Premier League clubs, Malaysian leagues, FIFA scouts","Borneo, Malaysia, Asia","Hotels, Airlines, Soccer training academies",info@borneosoccertravel.com,+60 2 6543 321,https://www.borneosoccertravel.com
255,Amazonas Soccer Travel,"Amazonas club logistics, Brazilian Série B qualifiers, Youth development programs","Amazonas Football Association clubs, Brazilian leagues, FIFA scouts","Amazonas, Brazil, South America","Hotels, Airlines, Soccer training academies",info@amazonassoccertravel.com,+55 2 6543 321,https://www.amazonassoccertravel.com
256,Shetland Islands Soccer Travel,"Shetland Islands club logistics, Scottish League Two qualifiers, Youth scouting","Shetland Football Association clubs, Scottish leagues, FIFA scouts","Shetland Islands, Scotland, Europe","Hotels, Airlines, Soccer training academies",info@shetlandsoccertravel.com,+44 2 6543 321,https://www.shetlandsoccertravel.com
257,Socotra Youth Soccer Travel,"Socotra youth club logistics, Middle Eastern qualifiers, Youth soccer training programs","Socotra Youth League clubs, Yemeni leagues, FIFA scouts","Socotra, Yemen, Middle East","Hotels, Airlines, Soccer training academies",info@socotrayouthsoccertravel.com,+967 2 6543 321,https://www.socotrayouthsoccertravel.com
258,Vanuatu Women’s Soccer Travel,"Vanuatu women’s club logistics, OFC Women’s tournaments, Player scouting","Vanuatu Women's League clubs, Pacific teams, FIFA scouts","Vanuatu, Oceania, Australia","Hotels, Airlines, Soccer training academies",info@vanuatuwomenssoccertravel.com,+678 2 6543 321,https://www.vanuatuwomenssoccertravel.com
259,Tierra del Fuego Soccer Travel,"Tierra del Fuego club logistics, Argentine regional tournaments, Player scouting","Tierra del Fuego Football Association clubs, Argentinian leagues, FIFA scouts","Tierra del Fuego, Argentina, South America","Hotels, Airlines, Soccer training academies",info@tierradelfuegosoccertravel.com,+54 2 6543 321,https://www.tierradelfuegosoccertravel.com
260,Patagonia Soccer Travel,"Patagonia club logistics, Chilean and Argentine qualifiers, Youth soccer scouting","Patagonia National League clubs, South American leagues, FIFA scouts","Patagonia, Chile, Argentina, South America","Hotels, Airlines, Soccer training academies",info@patagoniasoccertravel.com,+56 2 6543 321,https://www.patagoniasoccertravel.com
261,Lapland Soccer Travel,"Lapland club logistics, Finnish Cup qualifiers, Youth development programs","Lapland Football Association clubs, Scandinavian leagues, FIFA scouts","Lapland, Finland, Europe","Hotels, Airlines, Soccer training academies",info@laplandsoccertravel.com,+358 2 6543 321,https://www.laplandsoccertravel.com
262,Kamchatka Soccer Travel,"Kamchatka club logistics, Russian lower league qualifiers, Player scouting","Kamchatka Football Association clubs, Russian leagues, FIFA scouts","Kamchatka, Russia, Asia","Hotels, Airlines, Soccer training academies",info@kamchatkasoccertravel.com,+7 2 6543 321,https://www.kamchatkasoccertravel.com
263,Sardinia Soccer Travel,"Sardinia club logistics, Italian Serie C qualifiers, Youth soccer scouting","Sardinia National League clubs, Italian leagues, FIFA scouts","Sardinia, Italy, Europe","Hotels, Airlines, Soccer training academies",info@sardiniasoccertravel.com,+39 2 6543 321,https://www.sardiniasoccertravel.com
264,Madagascar Women’s Soccer Travel,"Madagascar women’s club logistics, CAF Women’s tournaments, Player scouting","Madagascar Women's League clubs, African teams, FIFA scouts","Madagascar, Africa, France","Hotels, Airlines, Soccer training academies",info@madagascarwomenssoccertravel.com,+261 2 6543 321,https://www.madagascarwomenssoccertravel.com
265,Saint Kilda Soccer Travel,"Saint Kilda club logistics, Scottish lower league tournaments, Youth player scouting","Saint Kilda Football Association clubs, Scottish leagues, FIFA scouts","Saint Kilda, Scotland, Europe","Hotels, Airlines, Soccer training academies",info@saintkildasoccertravel.com,+44 2 6543 321,https://www.saintkildasoccertravel.com
266,Tasmania Soccer Travel,"Tasmania club logistics, A-League qualifiers, Youth scouting","Tasmania Premier League clubs, Australian leagues, FIFA scouts","Tasmania, Australia, Oceania","Hotels, Airlines, Soccer training academies",info@tasmaniasoccertravel.com,+61 2 6543 321,https://www.tasmaniasoccertravel.com
267,Corsica Soccer Travel,"Corsica club logistics, French lower league tournaments, Youth player scouting","Corsica Football Association clubs, French leagues, FIFA scouts","Corsica, France, Europe","Hotels, Airlines, Soccer training academies",info@corsicasoccertravel.com,+33 2 6543 321,https://www.corsicasoccertravel.com
268,Hainan Women’s Soccer Travel,"Hainan women’s club logistics, AFC Women’s tournaments, Player scouting","Hainan Women's League clubs, Asian teams, FIFA scouts","Hainan, China, Asia","Hotels, Airlines, Soccer training academies",info@hainanwomenssoccertravel.com,+86 2 6543 321,https://www.hainanwomenssoccertravel.com
269,Solomon Islands Youth Soccer Travel,"Solomon Islands youth club logistics, OFC youth tournaments, Player scouting","Solomon Islands Youth League clubs, Pacific teams, FIFA scouts","Solomon Islands, Oceania, Australia","Hotels, Airlines, Soccer training academies",info@solomonislandsyouthsoccertravel.com,+677 2 6543 321,https://www.solomonislandsyouthsoccertravel.com
270,French Guiana Youth Soccer Travel,"French Guiana youth club logistics, Concacaf youth tournaments, Player scouting","French Guiana Youth League clubs, Caribbean teams, FIFA scouts","French Guiana, Caribbean, South America","Hotels, Airlines, Soccer training academies",info@frenchguianayouthsoccertravel.com,+594 2 6543 321,https://www.frenchguianayouthsoccertravel.com
271,Mali Desert Soccer Travel,"Malian club logistics, CAF Champions League qualifiers, Youth soccer scouting","Mali Premier League clubs, African federations, FIFA scouts","Mali, North Africa, West Africa","Hotels, Airlines, Soccer training academies",info@malisoccertravel.com,+223 2 6543 321,https://www.malisoccertravel.com
272,Fiji Women's Soccer Travel,"Fiji women's club logistics, OFC Women's Nations Cup, Player scouting","Fiji Women's League clubs, Pacific teams, FIFA scouts","Fiji, Oceania, Australia","Hotels, Airlines, Soccer training academies",info@fijiwomenssoccertravel.com,+679 2 6543 321,https://www.fijiwomenssoccertravel.com
273,Sierra Leone Youth Soccer Travel,"Sierra Leone youth club logistics, West African qualifiers, Player scouting","Sierra Leone Youth League clubs, West African teams, FIFA scouts","Sierra Leone, West Africa, Africa","Hotels, Airlines, Soccer training academies",info@sierraleoneyouthsoccertravel.com,+232 2 6543 321,https://www.sierraleoneyouthsoccertravel.com
274,Baffin Island Soccer Travel,"Baffin Island club logistics, Arctic Cup, Youth development programs","Baffin Island Football Association clubs, Canadian leagues, FIFA scouts","Baffin Island, Canada, North America","Hotels, Airlines, Soccer training academies",info@baffinsoccertravel.com,+1 867 2 6543 321,https://www.baffinsoccertravel.com
275,Yemen Highlands Soccer Travel,"Yemeni club logistics, Middle Eastern qualifiers, Player scouting","Yemen Premier League clubs, Arabian Gulf teams, FIFA scouts","Yemen, Middle East, Asia","Hotels, Airlines, Soccer training academies",info@yemensoccertravel.com,+967 2 6543 321,https://www.yemensoccertravel.com
276,Comoros Soccer Travel,"Comoros club logistics, CAF regional tournaments, Youth soccer development","Comoros Premier League clubs, East African leagues, FIFA scouts","Comoros, Africa, France","Hotels, Airlines, Soccer training academies",info@comorossoccertravel.com,+269 2 6543 321,https://www.comorossoccertravel.com
277,Turkmenistan Women’s Soccer Travel,"Turkmenistan women's club logistics, AFC Women’s tournaments, Player scouting","Turkmenistan Women's League clubs, Asian federations, FIFA scouts","Turkmenistan, Central Asia, Middle East","Hotels, Airlines, Soccer training academies",info@turkmenistanwomenssoccertravel.com,+993 2 6543 321,https://www.turkmenistanwomenssoccertravel.com
278,South Sudan Youth Soccer Travel,"South Sudan youth club logistics, CAF U20 tournaments, Player scouting","South Sudan Youth League clubs, African teams, FIFA scouts","South Sudan, East Africa, Africa","Hotels, Airlines, Soccer training academies",info@southsudanyouthsoccertravel.com,+211 2 6543 321,https://www.southsudanyouthsoccertravel.com
279,Tonga Soccer Travel,"Tonga club logistics, OFC regional qualifiers, Youth soccer scouting","Tonga National League clubs, Pacific Islands leagues, FIFA scouts","Tonga, Oceania, Australia","Hotels, Airlines, Soccer training academies",info@tongasoccertravel.com,+676 2 6543 321,https://www.tongasoccertravel.com
280,Uzbekistan Desert Soccer Travel,"Uzbekistan club logistics, AFC Champions League qualifiers, Player scouting","Uzbekistan Premier League clubs, Central Asian leagues, FIFA scouts","Uzbekistan, Central Asia, Middle East","Hotels, Airlines, Soccer training academies",info@uzbekistansoccertravel.com,+998 2 6543 321,https://www.uzbekistansoccertravel.com
281,Andaman & Nicobar Soccer Travel,"Andaman club logistics, Indian Super League qualifiers, Youth player scouting","Andaman & Nicobar Football clubs, Indian leagues, FIFA scouts","Andaman & Nicobar Islands, India, Asia","Hotels, Airlines, Soccer training academies",info@andamansoccertravel.com,+91 2 6543 321,https://www.andamansoccertravel.com
282,Belize Jungle Soccer Travel,"Belize club logistics, Concacaf Nations League, Youth soccer scouting","Belize Premier League clubs, Caribbean leagues, FIFA scouts","Belize, Central America, Caribbean","Hotels, Airlines, Soccer training academies",info@belizesoccertravel.com,+501 2 6543 321,https://www.belizesoccertravel.com
283,Bhutan Soccer Travel,"Bhutan club logistics, AFC Asian Cup qualifiers, Youth development programs","Bhutan Premier League clubs, Asian leagues, FIFA scouts","Bhutan, South Asia, Asia","Hotels, Airlines, Soccer training academies",info@bhutansoccertravel.com,+975 2 6543 321,https://www.bhutansoccertravel.com
284,Gabon Rainforest Soccer Travel,"Gabon club logistics, CAF Champions League qualifiers, Youth player scouting","Gabon Premier League clubs, African federations, FIFA scouts","Gabon, Central Africa, Africa","Hotels, Airlines, Soccer training academies",info@gabonsoccertravel.com,+241 2 6543 321,https://www.gabonsoccertravel.com
285,Kiribati Soccer Travel,"Kiribati club logistics, OFC tournaments, Player scouting programs","Kiribati National League clubs, OFC teams, FIFA scouts","Kiribati, Pacific Islands, Oceania","Hotels, Airlines, Soccer training academies",info@kiribatisoccertravel.com,+686 2 6543 321,https://www.kiribatisoccertravel.com
286,Namibia Desert Soccer Travel,"Namibia club logistics, CAF Nations Cup qualifiers, Youth soccer scouting","Namibia Premier League clubs, African teams, FIFA scouts","Namibia, Southern Africa, Africa","Hotels, Airlines, Soccer training academies",info@namibiasoccertravel.com,+264 2 6543 321,https://www.namibiasoccertravel.com
287,Uzbekistan Women's Soccer Travel,"Uzbekistan women's club logistics, AFC Women’s tournaments, Player scouting","Uzbekistan Women's League clubs, Central Asian leagues, FIFA scouts","Uzbekistan, Central Asia, Middle East","Hotels, Airlines, Soccer training academies",info@uzbekistanwomenssoccertravel.com,+998 2 6543 321,https://www.uzbekistanwomenssoccertravel.com
288,Marshall Islands Soccer Travel,"Marshall Islands club logistics, OFC tournaments, Youth player scouting","Marshall Islands National League clubs, Pacific teams, FIFA scouts","Marshall Islands, Oceania, Australia","Hotels, Airlines, Soccer training academies",info@marshallislandssoccertravel.com,+692 2 6543 321,https://www.marshallislandssoccertravel.com
289,Mauritania Desert Soccer Travel,"Mauritania club logistics, CAF Nations Cup qualifiers, Youth soccer scouting","Mauritania Premier League clubs, West African teams, FIFA scouts","Mauritania, West Africa, Africa","Hotels, Airlines, Soccer training academies",info@mauritaniasoccertravel.com,+222 2 6543 321,https://www.mauritaniasoccertravel.com
290,Laos Soccer Travel,"Laos club logistics, AFC Asian Cup qualifiers, Youth player scouting","Laos Premier League clubs, Asian leagues, FIFA scouts","Laos, Southeast Asia, Asia","Hotels, Airlines, Soccer training academies",info@laossoccertravel.com,+856 2 6543 321,https://www.laossoccertravel.com
291,Malawi Lake Soccer Travel,"Malawi club logistics, CAF Champions League qualifiers, Youth soccer scouting","Malawi Premier League clubs, African federations, FIFA scouts","Malawi, East Africa, Africa","Hotels, Airlines, Soccer training academies",info@malawisoccertravel.com,+265 2 6543 321,https://www.malawisoccertravel.com
292,Brunei Soccer Travel,"Brunei club logistics, ASEAN Cup travel, Player scouting","Brunei Premier League clubs, Southeast Asian teams, FIFA scouts","Brunei, Southeast Asia, Asia","Hotels, Airlines, Soccer training academies",info@bruneisoccertravel.com,+673 2 6543 321,https://www.bruneisoccertravel.com
293,Saint Vincent Soccer Travel,"Saint Vincent club logistics, Concacaf regional tournaments, Youth soccer scouting","Saint Vincent Premier League clubs, Caribbean teams, FIFA scouts","Saint Vincent and the Grenadines, Caribbean, North America","Hotels, Airlines, Soccer training academies",info@saintvincentsoccertravel.com,+1 784 2 6543 321,https://www.saintvincentsoccertravel.com
294,Vatican City Soccer Travel,"Vatican City club logistics, European friendlies, Player scouting","Vatican City National Team, Italian lower leagues, FIFA scouts","Vatican City, Italy, Europe","Hotels, Airlines, Soccer training academies",info@vaticansoccertravel.com,+39 2 6543 321,https://www.vaticansoccertravel.com
295,Tuvalu Soccer Travel,"Tuvalu club logistics, OFC Nations Cup qualifiers, Player scouting","Tuvalu National League clubs, OFC teams, FIFA scouts","Tuvalu, Oceania, Pacific Islands","Hotels, Airlines, Soccer training academies",info@tuvalusoccertravel.com,+688 2 6543 321,https://www.tuvalusoccertravel.com
296,Cook Islands Women's Soccer Travel,"Cook Islands women’s club logistics, OFC Women's tournaments, Player scouting","Cook Islands Women's League clubs, Pacific teams, FIFA scouts","Cook Islands, Oceania, New Zealand","Hotels, Airlines, Soccer training academies",info@cookislandswomenssoccertravel.com,+682 2 6543 321,https://www.cookislandswomenssoccertravel.com
297,Togo Highlands Soccer Travel,"Togo club logistics, CAF qualifiers, Youth soccer scouting","Togo Premier League clubs, West African teams, FIFA scouts","Togo, West Africa, Africa","Hotels, Airlines, Soccer training academies",info@togosoccertravel.com,+228 2 6543 321,https://www.togosoccertravel.com
298,New Caledonia Soccer Travel,"New Caledonia club logistics, OFC regional qualifiers, Youth soccer development","New Caledonia Football clubs, OFC teams, FIFA scouts","New Caledonia, Oceania, France","Hotels, Airlines, Soccer training academies",info@newcaledoniasoccertravel.com,+687 2 6543 321,https://www.newcaledoniasoccertravel.com
299,Solomon Islands Beach Soccer Travel,"Solomon Islands beach soccer logistics, OFC Beach Soccer tournaments, Player scouting","Solomon Islands Beach Soccer teams, Pacific teams, FIFA scouts","Solomon Islands, Oceania, Australia","Hotels, Airlines, Soccer training academies",info@solomonislandsbeachsoccertravel.com,+677 2 6543 321,https://www.solomonislandsbeachsoccertravel.com
300,Madagascar Youth Soccer Travel,"Madagascar youth club logistics, African U20 tournaments, Player scouting","Madagascar Youth League clubs, African teams, FIFA scouts","Madagascar, Africa, France","Hotels, Airlines, Soccer training academies",info@madagascaryouthsoccertravel.com,+261 2 6543 321,https://www.madagascaryouthsoccertravel.com
301,Bali Soccer Travel,"Bali club logistics, Indonesian Liga 1 qualifiers, Player scouting","Bali United, Indonesian leagues, FIFA scouts","Bali, Indonesia, Asia","Hotels, Airlines, Soccer training academies",info@balisoccertravel.com,+62 2 6543 321,https://www.balisoccertravel.com
302,Cape Verde Soccer Travel,"Cape Verde club logistics, CAF regional tournaments, Youth soccer development","Cape Verde Premier League clubs, West African leagues, FIFA scouts","Cape Verde, Africa, Portugal","Hotels, Airlines, Soccer training academies",info@capeverdesoccertravel.com,+238 2 6543 321,https://www.capeverdesoccertravel.com
303,Guam Premier Soccer Travel,"Guam club logistics, AFC regional tournaments, Youth soccer scouting","Guam Premier League clubs, Asian leagues, FIFA scouts","Guam, Asia, Pacific Islands","Hotels, Airlines, Soccer training academies",info@guamsoccertravel.com,+1 671 2 6543 321,https://www.guamsoccertravel.com
304,Suriname Soccer Travel,"Suriname club logistics, Concacaf qualifiers, Youth soccer scouting","Suriname Premier League clubs, South American teams, FIFA scouts","Suriname, South America, Caribbean","Hotels, Airlines, Soccer training academies",info@surinamesoccertravel.com,+597 2 6543 321,https://www.surinamesoccertravel.com
305,Montserrat Soccer Travel,"Montserrat club logistics, Concacaf Nations League, Player scouting","Montserrat National League clubs, Caribbean teams, FIFA scouts","Montserrat, Caribbean, North America","Hotels, Airlines, Soccer training academies",info@montserratsoccertravel.com,+1 664 2 6543 321,https://www.montserratsoccertravel.com
306,Timor-Leste Soccer Travel,"Timor-Leste club logistics, AFC Asian Cup qualifiers, Player scouting","Timor-Leste Premier League clubs, Southeast Asian teams, FIFA scouts","Timor-Leste, Southeast Asia, Asia","Hotels, Airlines, Soccer training academies",info@timorlestesoccertravel.com,+670 2 6543 321,https://www.timorlestesoccertravel.com
307,Bolivia Altiplano Soccer Travel,"Bolivia club logistics, Copa Libertadores travel, Player scouting","Bolivia Premier League clubs, South American teams, FIFA scouts","Bolivia, South America, Latin America","Hotels, Airlines, Soccer training academies",info@boliviasoccertravel.com,+591 2 6543 321,https://www.boliviasoccertravel.com
308,Zanzibar Women's Soccer Travel,"Zanzibar women's club logistics, CAF Women's qualifiers, Player scouting","Zanzibar Women's League clubs, African federations, FIFA scouts","Zanzibar, Africa, Tanzania","Hotels, Airlines, Soccer training academies",info@zanzibarwomenssoccertravel.com,+255 2 6543 321,https://www.zanzibarwomenssoccertravel.com
309,South Georgia & South Sandwich Soccer Travel,"South Georgia club logistics, South American tournaments, Youth soccer scouting","South Georgia National League clubs, Argentinian leagues, FIFA scouts","South Georgia, Argentina, South America","Hotels, Airlines, Soccer training academies",info@southgeorgiasoccertravel.com,+500 2 6543 321,https://www.southgeorgiasoccertravel.com
310,Nauru Soccer Travel,"Nauru club logistics, OFC Nations Cup travel, Youth soccer scouting","Nauru National League clubs, Pacific Islands teams, FIFA scouts","Nauru, Pacific Islands, Oceania","Hotels, Airlines, Soccer training academies",info@naurusoccertravel.com,+674 2 6543 321,https://www.naurusoccertravel.com
311,Samoa Soccer Travel,"Samoa club logistics, OFC qualifiers, Youth soccer development","Samoa Premier League clubs, OFC teams, FIFA scouts","Samoa, Pacific Islands, Oceania","Hotels, Airlines, Soccer training academies",info@samoasoccertravel.com,+685 2 6543 321,https://www.samoasoccertravel.com
312,Bhutan Women's Soccer Travel,"Bhutan women's club logistics, AFC Women’s tournaments, Player scouting","Bhutan Women's League clubs, Asian federations, FIFA scouts","Bhutan, South Asia, Asia","Hotels, Airlines, Soccer training academies",info@bhutanwomenssoccertravel.com,+975 2 6543 321,https://www.bhutanwomenssoccertravel.com
313,Solomon Islands Women's Soccer Travel,"Solomon Islands women’s club logistics, OFC Women's Nations Cup travel, Player scouting","Solomon Islands Women's League clubs, Pacific teams, FIFA scouts","Solomon Islands, Oceania, Australia","Hotels, Airlines, Soccer training academies",info@solomonislandswomenssoccertravel.com,+677 2 6543 321,https://www.solomonislandswomenssoccertravel.com
314,Saint Lucia Soccer Travel,"Saint Lucia club logistics, Concacaf Nations League travel, Player scouting","Saint Lucia Premier League clubs, Caribbean teams, FIFA scouts","Saint Lucia, Caribbean, North America","Hotels, Airlines, Soccer training academies",info@saintluciasoccertravel.com,+1 758 2 6543 321,https://www.saintluciasoccertravel.com
315,Lesotho Soccer Travel,"Lesotho club logistics, CAF regional tournaments, Youth soccer development","Lesotho Premier League clubs, African federations, FIFA scouts","Lesotho, Southern Africa, Africa","Hotels, Airlines, Soccer training academies",info@lesothosoccertravel.com,+266 2 6543 321,https://www.lesothosoccertravel.com
316,Chad Desert Soccer Travel,"Chad club logistics, CAF regional qualifiers, Player scouting","Chad Premier League clubs, African teams, FIFA scouts","Chad, Central Africa, Africa","Hotels, Airlines, Soccer training academies",info@chadsoccertravel.com,+235 2 6543 321,https://www.chadsoccertravel.com
317,Liechtenstein Soccer Travel,"Liechtenstein club logistics, UEFA regional tournaments, Youth soccer scouting","Liechtenstein Football Association clubs, Swiss leagues, FIFA scouts","Liechtenstein, Switzerland, Europe","Hotels, Airlines, Soccer training academies",info@liechtensteinsoccertravel.com,+423 2 6543 321,https://www.liechtensteinsoccertravel.com
318,Eritrea Soccer Travel,"Eritrea club logistics, CAF tournaments, Youth soccer scouting","Eritrea Premier League clubs, African federations, FIFA scouts","Eritrea, East Africa, Africa","Hotels, Airlines, Soccer training academies",info@eritreasoccertravel.com,+291 2 6543 321,https://www.eritreasoccertravel.com
319,San Marino Soccer Travel,"San Marino club logistics, UEFA regional qualifiers, Youth soccer scouting","San Marino Football Association clubs, Italian leagues, FIFA scouts","San Marino, Italy, Europe","Hotels, Airlines, Soccer training academies",info@sanmarinosoccertravel.com,+378 2 6543 321,https://www.sanmarinosoccertravel.com
320,Western Sahara Soccer Travel,"Western Sahara club logistics, African regional tournaments, Player scouting","Western Sahara National League clubs, North African teams, FIFA scouts","Western Sahara, North Africa, Africa","Hotels, Airlines, Soccer training academies",info@westernsaharasoccertravel.com,+212 2 6543 321,https://www.westernsaharasoccertravel.com
321,Comoros Youth Soccer Travel,"Comoros youth club logistics, CAF U20 tournaments, Player scouting","Comoros Youth League clubs, African teams, FIFA scouts","Comoros, Africa, France","Hotels, Airlines, Soccer training academies",info@comorosyouthsoccertravel.com,+269 2 6543 321,https://www.comorosyouthsoccertravel.com
322,Djibouti Soccer Travel,"Djibouti club logistics, CAF regional qualifiers, Youth soccer scouting","Djibouti Premier League clubs, East African leagues, FIFA scouts","Djibouti, East Africa, Africa","Hotels, Airlines, Soccer training academies",info@djiboutisoccertravel.com,+253 2 6543 321,https://www.djiboutisoccertravel.com
323,Falkland Islands Soccer Travel,"Falkland Islands club logistics, South American tournaments, Youth player scouting","Falkland Islands Football clubs, South American leagues, FIFA scouts","Falkland Islands, Argentina, South America","Hotels, Airlines, Soccer training academies",info@falklandislandssoccertravel.com,+500 2 6543 321,https://www.falklandislandssoccertravel.com
324,French Polynesia Soccer Travel,"French Polynesia club logistics, OFC Nations Cup qualifiers, Player scouting","French Polynesia National League clubs, OFC teams, FIFA scouts","French Polynesia, Pacific Islands, Oceania","Hotels, Airlines, Soccer training academies",info@frenchpolynesiasoccertravel.com,+689 2 6543 321,https://www.frenchpolynesiasoccertravel.com
325,Mayotte Soccer Travel,"Mayotte club logistics, CAF regional tournaments, Youth soccer development","Mayotte Premier League clubs, African federations, FIFA scouts","Mayotte, Africa, France","Hotels, Airlines, Soccer training academies",info@mayottesoccertravel.com,+262 2 6543 321,https://www.mayottesoccertravel.com
326,Tokelau Soccer Travel,"Tokelau club logistics, OFC regional qualifiers, Youth soccer scouting","Tokelau National League clubs, OFC teams, FIFA scouts","Tokelau, Pacific Islands, Oceania","Hotels, Airlines, Soccer training academies",info@tokelausoccertravel.com,+690 2 6543 321,https://www.tokelausoccertravel.com
327,Gibraltar Soccer Travel,"Gibraltar club logistics, UEFA regional tournaments, Youth soccer scouting","Gibraltar Premier League clubs, European leagues, FIFA scouts","Gibraltar, Europe, UK","Hotels, Airlines, Soccer training academies",info@gibraltarsoccertravel.com,+350 2 6543 321,https://www.gibraltarsoccertravel.com
328,Pitcairn Islands Soccer Travel,"Pitcairn Islands club logistics, OFC qualifiers, Youth player scouting","Pitcairn Islands Football clubs, OFC teams, FIFA scouts","Pitcairn Islands, Pacific Islands, Oceania","Hotels, Airlines, Soccer training academies",info@pitcairnsoccertravel.com,+64 2 6543 321,https://www.pitcairnsoccertravel.com
329,Saint Helena Soccer Travel,"Saint Helena club logistics, African qualifiers, Youth soccer scouting","Saint Helena Football clubs, South African leagues, FIFA scouts","Saint Helena, Africa, UK","Hotels, Airlines, Soccer training academies",info@sainthelenasoccertravel.com,+290 2 6543 321,https://www.sainthelenasoccertravel.com
330,Caribbean Islands Soccer Travel,"Caribbean club logistics, Concacaf qualifiers, Youth soccer scouting","Caribbean Premier League clubs, Concacaf teams, FIFA scouts","Caribbean, Central America, North America","Hotels, Airlines, Soccer training academies",info@caribbeansoccertravel.com,+1 809 2 6543 321,https://www.caribbeansoccertravel.com
331,Reunion Island Soccer Travel,"Reunion club logistics, CAF regional tournaments, Youth soccer scouting","Reunion Premier League clubs, African federations, FIFA scouts","Reunion, Africa, France","Hotels, Airlines, Soccer training academies",info@reunionsoccertravel.com,+262 2 6543 321,https://www.reunionsoccertravel.com
332,Curaçao Soccer Travel,"Curaçao club logistics, Concacaf regional tournaments, Youth soccer scouting","Curaçao Premier League clubs, Caribbean teams, FIFA scouts","Curaçao, Caribbean, Netherlands","Hotels, Airlines, Soccer training academies",info@curacaosoccertravel.com,+599 2 6543 321,https://www.curacaosoccertravel.com
333,Aruba Soccer Travel,"Aruba club logistics, Concacaf Nations League, Player scouting","Aruba Premier League clubs, Caribbean teams, FIFA scouts","Aruba, Caribbean, Netherlands","Hotels, Airlines, Soccer training academies",info@arubasoccertravel.com,+297 2 6543 321,https://www.arubasoccertravel.com
334,Bermuda Youth Soccer Travel,"Bermuda youth club logistics, Concacaf youth tournaments, Player scouting","Bermuda Youth League clubs, North American teams, FIFA scouts","Bermuda, North America, Caribbean","Hotels, Airlines, Soccer training academies",info@bermudayouthsoccertravel.com,+1 441 2 6543 321,https://www.bermudayouthsoccertravel.com
335,Seychelles Soccer Travel,"Seychelles club logistics, CAF regional tournaments, Youth soccer scouting","Seychelles Premier League clubs, African teams, FIFA scouts","Seychelles, Africa, Indian Ocean","Hotels, Airlines, Soccer training academies",info@seychellessoccertravel.com,+248 2 6543 321,https://www.seychellessoccertravel.com
336,Palau Soccer Travel,"Palau club logistics, OFC qualifiers, Youth soccer scouting","Palau National League clubs, Pacific teams, FIFA scouts","Palau, Pacific Islands, Oceania","Hotels, Airlines, Soccer training academies",info@palausoccertravel.com,+680 2 6543 321,https://www.palausoccertravel.com
337,Sao Tome and Principe Soccer Travel,"Sao Tome club logistics, CAF qualifiers, Youth soccer scouting","Sao Tome and Principe Premier League clubs, African teams, FIFA scouts","Sao Tome and Principe, Africa, Portugal","Hotels, Airlines, Soccer training academies",info@saotomesoccertravel.com,+239 2 6543 321,https://www.saotomesoccertravel.com
338,Antigua and Barbuda Soccer Travel,"Antigua club logistics, Concacaf regional tournaments, Youth soccer scouting","Antigua Premier League clubs, Caribbean teams, FIFA scouts","Antigua and Barbuda, Caribbean, North America","Hotels, Airlines, Soccer training academies",info@antiguasoccertravel.com,+1 268 2 6543 321,https://www.antiguasoccertravel.com
339,Martinique Soccer Travel,"Martinique club logistics, Concacaf Nations League, Player scouting","Martinique Premier League clubs, Caribbean teams, FIFA scouts","Martinique, Caribbean, France","Hotels, Airlines, Soccer training academies",info@martiniquesoccertravel.com,+596 2 6543 321,https://www.martiniquesoccertravel.com
340,Barbados Soccer Travel,"Barbados club logistics, Concacaf regional tournaments, Youth soccer scouting","Barbados Premier League clubs, Caribbean teams, FIFA scouts","Barbados, Caribbean, North America","Hotels, Airlines, Soccer training academies",info@barbadossoccertravel.com,+1 246 2 6543 321,https://www.barbadossoccertravel.com
341,Grenada Soccer Travel,"Grenada club logistics, Concacaf regional tournaments, Youth soccer scouting","Grenada Premier League clubs, Caribbean teams, FIFA scouts","Grenada, Caribbean, North America","Hotels, Airlines, Soccer training academies",info@grenadasoccertravel.com,+1 473 2 6543 321,https://www.grenadasoccertravel.com
342,Saint Kitts and Nevis Soccer Travel,"Saint Kitts club logistics, Concacaf regional tournaments, Player scouting","Saint Kitts Premier League clubs, Caribbean teams, FIFA scouts","Saint Kitts and Nevis, Caribbean, North America","Hotels, Airlines, Soccer training academies",info@saintkittssoccertravel.com,+1 869 2 6543 321,https://www.saintkittssoccertravel.com
343,Belize Premier Soccer Travel,"Belize club logistics, Concacaf Nations League, Youth soccer scouting","Belize Premier League clubs, Central American teams, FIFA scouts","Belize, Central America, Caribbean","Hotels, Airlines, Soccer training academies",info@belizesoccertravel.com,+501 2 6543 321,https://www.belizesoccertravel.com
344,Dominica Soccer Travel,"Dominica club logistics, Concacaf regional tournaments, Youth soccer scouting","Dominica Premier League clubs, Caribbean teams, FIFA scouts","Dominica, Caribbean, North America","Hotels, Airlines, Soccer training academies",info@dominicasoccertravel.com,+1 767 2 6543 321,https://www.dominicasoccertravel.com
345,Faroe Islands Women's Soccer Travel,"Faroe Islands women’s club logistics, UEFA Women's qualifiers, Player scouting","Faroe Islands Women's League clubs, Scandinavian teams, FIFA scouts","Faroe Islands, Scandinavia, Europe","Hotels, Airlines, Soccer training academies",info@faroeislandswomenssoccertravel.com,+298 2 6543 321,https://www.faroeislandswomenssoccertravel.com
346,Malta Soccer Travel,"Malta club logistics, UEFA regional tournaments, Youth soccer scouting","Malta Premier League clubs, European teams, FIFA scouts","Malta, Europe, Mediterranean","Hotels, Airlines, Soccer training academies",info@maltasoccertravel.com,+356 2 6543 321,https://www.maltasoccertravel.com
347,Monaco Elite Soccer Travel,"Monaco club logistics, Ligue 1 travel, Youth soccer development","AS Monaco, European leagues, FIFA scouts","Monaco, France, Europe","Hotels, Airlines, Soccer training academies",info@monacosoccertravel.com,+377 2 6543 321,https://www.monacosoccertravel.com
348,Andorra Soccer Travel,"Andorra club logistics, UEFA regional qualifiers, Player scouting","Andorra Premier League clubs, European teams, FIFA scouts","Andorra, Spain, Europe","Hotels, Airlines, Soccer training academies",info@andorrasoccertravel.com,+376 2 6543 321,https://www.andorrasoccertravel.com
349,Kosovo Soccer Travel,"Kosovo club logistics, UEFA regional tournaments, Youth soccer scouting","Kosovo Premier League clubs, European teams, FIFA scouts","Kosovo, Balkans, Europe","Hotels, Airlines, Soccer training academies",info@kosovosoccertravel.com,+383 2 6543 321,https://www.kosovosoccertravel.com
350,Svalbard Arctic Soccer Travel,"Svalbard club logistics, Scandinavian tournaments, Youth soccer scouting","Svalbard Football Association clubs, Nordic leagues, FIFA scouts","Svalbard, Norway, Europe","Hotels, Airlines, Soccer training academies",info@svalbardsoccertravel.com,+47 2 6543 321,https://www.svalbardsoccertravel.com
351,Bonaire Soccer Travel,"Bonaire club logistics, Concacaf regional tournaments, Youth soccer scouting","Bonaire Premier League clubs, Caribbean teams, FIFA scouts","Bonaire, Caribbean, Netherlands","Hotels, Airlines, Soccer training academies",info@bonairesoccertravel.com,+5997 2 6543 321,https://www.bonairesoccertravel.com
352,Anguilla Soccer Travel,"Anguilla club logistics, Concacaf Nations League, Player scouting","Anguilla Premier League clubs, Caribbean teams, FIFA scouts","Anguilla, Caribbean, North America","Hotels, Airlines, Soccer training academies",info@anguillasoccertravel.com,+1 264 2 6543 321,https://www.anguillasoccertravel.com
353,Montserrat Elite Soccer Travel,"Montserrat club logistics, Concacaf qualifiers, Youth soccer scouting","Montserrat Premier League clubs, Caribbean teams, FIFA scouts","Montserrat, Caribbean, North America","Hotels, Airlines, Soccer training academies",info@montserratsoccertravel.com,+1 664 2 6543 321,https://www.montserratsoccertravel.com
354,Vanuatu Beach Soccer Travel,"Vanuatu beach soccer logistics, OFC Beach Soccer tournaments, Player scouting","Vanuatu Beach Soccer teams, Pacific teams, FIFA scouts","Vanuatu, Oceania, Australia","Hotels, Airlines, Soccer training academies",info@vanuatubeachsoccertravel.com,+678 2 6543 321,https://www.vanuatubeachsoccertravel.com
355,Cayman Islands Soccer Travel,"Cayman Islands club logistics, Concacaf regional tournaments, Youth soccer scouting","Cayman Islands Premier League clubs, Caribbean teams, FIFA scouts","Cayman Islands, Caribbean, North America","Hotels, Airlines, Soccer training academies",info@caymanislandssoccertravel.com,+1 345 2 6543 321,https://www.caymanislandssoccertravel.com
356,Gambia Soccer Travel,"Gambia club logistics, CAF regional qualifiers, Player scouting","Gambia Premier League clubs, West African teams, FIFA scouts","Gambia, West Africa, Africa","Hotels, Airlines, Soccer training academies",info@gambiasoccertravel.com,+220 2 6543 321,https://www.gambiasoccertravel.com
357,Niger Soccer Travel,"Niger club logistics, CAF regional tournaments, Youth soccer scouting","Niger Premier League clubs, African teams, FIFA scouts","Niger, West Africa, Africa","Hotels, Airlines, Soccer training academies",info@nigersoccertravel.com,+227 2 6543 321,https://www.nigersoccertravel.com
358,Equatorial Guinea Soccer Travel,"Equatorial Guinea club logistics, CAF regional qualifiers, Player scouting","Equatorial Guinea Premier League clubs, African teams, FIFA scouts","Equatorial Guinea, Central Africa, Africa","Hotels, Airlines, Soccer training academies",info@equatorialguineasoccertravel.com,+240 2 6543 321,https://www.equatorialguineasoccertravel.com
359,Swaziland Soccer Travel,"Swaziland club logistics, CAF regional tournaments, Youth soccer scouting","Swaziland Premier League clubs, African teams, FIFA scouts","Eswatini (Swaziland), Southern Africa, Africa","Hotels, Airlines, Soccer training academies",info@swazilandsoccertravel.com,+268 2 6543 321,https://www.swazilandsoccertravel.com
360,Newfoundland Soccer Travel,"Newfoundland club logistics, Canadian tournaments, Youth soccer scouting","Newfoundland Football Association clubs, Canadian leagues, FIFA scouts","Newfoundland, Canada, North America","Hotels, Airlines, Soccer training academies",info@newfoundlandsoccertravel.com,+1 709 2 6543 321,https://www.newfoundlandsoccertravel.com
361,Turks and Caicos Soccer Travel,"Turks and Caicos club logistics, Concacaf regional tournaments, Youth soccer scouting","Turks and Caicos Premier League clubs, Caribbean teams, FIFA scouts","Turks and Caicos, Caribbean, North America","Hotels, Airlines, Soccer training academies",info@turkscaicosoccertravel.com,+1 649 2 6543 321,https://www.turkscaicosoccertravel.com
362,Saint Pierre and Miquelon Soccer Travel,"Saint Pierre club logistics, Canadian regional tournaments, Youth soccer scouting","Saint Pierre and Miquelon League clubs, Canadian teams, FIFA scouts","Saint Pierre and Miquelon, Canada, North America","Hotels, Airlines, Soccer training academies",info@saintpierresoccertravel.com,+508 2 6543 321,https://www.saintpierresoccertravel.com
363,Bhutan Youth Soccer Travel,"Bhutan youth club logistics, AFC U19 tournaments, Player scouting","Bhutan Youth League clubs, Asian teams, FIFA scouts","Bhutan, South Asia, Asia","Hotels, Airlines, Soccer training academies",info@bhutanyouthsoccertravel.com,+975 2 6543 321,https://www.bhutanyouthsoccertravel.com
364,Papua New Guinea Women's Soccer Travel,"PNG women's club logistics, OFC Women’s Nations Cup, Player scouting","PNG Women's League clubs, Pacific teams, FIFA scouts","Papua New Guinea, Oceania, Australia","Hotels, Airlines, Soccer training academies",info@pngwomenssoccertravel.com,+675 2 6543 321,https://www.pngwomenssoccertravel.com
365,Kuwait Elite Soccer Travel,"Kuwait club logistics, AFC Champions League qualifiers, Player scouting","Kuwait Premier League clubs, Middle Eastern leagues, FIFA scouts","Kuwait, Middle East, Asia","Hotels, Airlines, Soccer training academies",info@kuwaitsoccertravel.com,+965 2 6543 321,https://www.kuwaitsoccertravel.com
366,Brunei Youth Soccer Travel,"Brunei youth club logistics, ASEAN tournaments, Player scouting","Brunei Youth League clubs, Southeast Asian teams, FIFA scouts","Brunei, Southeast Asia, Asia","Hotels, Airlines, Soccer training academies",info@bruneiyouthsoccertravel.com,+673 2 6543 321,https://www.bruneiyouthsoccertravel.com
367,Malawi Beach Soccer Travel,"Malawi beach soccer logistics, CAF Beach Soccer qualifiers, Player scouting","Malawi Beach Soccer teams, African teams, FIFA scouts","Malawi, East Africa, Africa","Hotels, Airlines, Soccer training academies",info@malawibeachsoccertravel.com,+265 2 6543 321,https://www.malawibeachsoccertravel.com
368,Yemen Premier Soccer Travel,"Yemen club logistics, AFC Asian Cup qualifiers, Youth player scouting","Yemen Premier League clubs, Arabian Gulf teams, FIFA scouts","Yemen, Middle East, Asia","Hotels, Airlines, Soccer training academies",info@yemensoccertravel.com,+967 2 6543 321,https://www.yemensoccertravel.com
369,Western Samoa Soccer Travel,"Western Samoa club logistics, OFC Nations Cup qualifiers, Player scouting","Western Samoa National League clubs, OFC teams, FIFA scouts","Western Samoa, Pacific Islands, Oceania","Hotels, Airlines, Soccer training academies",info@westernsamoasoccertravel.com,+685 2 6543 321,https://www.westernsamoasoccertravel.com
370,Nepal Elite Soccer Travel,"Nepal club logistics, AFC tournaments, Youth player scouting","Nepal Premier League clubs, South Asian teams, FIFA scouts","Nepal, South Asia, Asia","Hotels, Airlines, Soccer training academies",info@nepalsoccertravel.com,+977 2 6543 321,https://www.nepalsoccertravel.com
371,Maldives Soccer Travel,"Maldives club logistics, AFC Cup qualifiers, Player scouting","Maldives Premier League clubs, South Asian teams, FIFA scouts","Maldives, South Asia, Asia","Hotels, Airlines, Soccer training academies",info@maldivessoccertravel.com,+960 2 6543 321,https://www.maldivessoccertravel.com
372,Sudan Premier Soccer Travel,"Sudan club logistics, CAF Champions League qualifiers, Youth soccer scouting","Sudan Premier League clubs, African teams, FIFA scouts","Sudan, North Africa, Africa","Hotels, Airlines, Soccer training academies",info@sudansoccertravel.com,+249 2 6543 321,https://www.sudansoccertravel.com
373,Mauritius Soccer Travel,"Mauritius club logistics, CAF qualifiers, Youth soccer development","Mauritius Premier League clubs, African teams, FIFA scouts","Mauritius, Africa, Indian Ocean","Hotels, Airlines, Soccer training academies",info@mauritiussoccertravel.com,+230 2 6543 321,https://www.mauritiussoccertravel.com
374,Chad Youth Soccer Travel,"Chad youth club logistics, African U19 tournaments, Player scouting","Chad Youth League clubs, Central African teams, FIFA scouts","Chad, Central Africa, Africa","Hotels, Airlines, Soccer training academies",info@chadyouthsoccertravel.com,+235 2 6543 321,https://www.chadyouthsoccertravel.com
375,Bangladesh Soccer Travel,"Bangladesh club logistics, AFC tournaments, Youth soccer scouting","Bangladesh Premier League clubs, South Asian teams, FIFA scouts","Bangladesh, South Asia, Asia","Hotels, Airlines, Soccer training academies",info@bangladeshsoccertravel.com,+880 2 6543 321,https://www.bangladeshsoccertravel.com
376,Tajikistan Elite Soccer Travel,"Tajikistan club logistics, AFC Champions League qualifiers, Player scouting","Tajikistan Premier League clubs, Central Asian teams, FIFA scouts","Tajikistan, Central Asia, Asia","Hotels, Airlines, Soccer training academies",info@tajikistansoccertravel.com,+992 2 6543 321,https://www.tajikistansoccertravel.com
377,Bhutan Premier Soccer Travel,"Bhutan club logistics, AFC Cup qualifiers, Youth soccer scouting","Bhutan Premier League clubs, Asian teams, FIFA scouts","Bhutan, South Asia, Asia","Hotels, Airlines, Soccer training academies",info@bhutansoccertravel.com,+975 2 6543 321,https://www.bhutansoccertravel.com
378,Lebanon Soccer Travel,"Lebanon club logistics, AFC Champions League, Player scouting","Lebanon Premier League clubs, Middle Eastern teams, FIFA scouts","Lebanon, Middle East, Asia","Hotels, Airlines, Soccer training academies",info@lebanonsoccertravel.com,+961 2 6543 321,https://www.lebanonsoccertravel.com
379,Syria Soccer Travel,"Syria club logistics, AFC tournaments, Youth soccer scouting","Syria Premier League clubs, Middle Eastern teams, FIFA scouts","Syria, Middle East, Asia","Hotels, Airlines, Soccer training academies",info@syriasoccertravel.com,+963 2 6543 321,https://www.syriasoccertravel.com
380,Tonga Soccer Travel,"Tonga club logistics, OFC Nations Cup qualifiers, Youth soccer scouting","Tonga Premier League clubs, Pacific teams, FIFA scouts","Tonga, Oceania, Pacific Islands","Hotels, Airlines, Soccer training academies",info@tongasoccertravel.com,+676 2 6543 321,https://www.tongasoccertravel.com
381,Uzbekistan Premier Soccer Travel,"Uzbekistan club logistics, AFC Champions League, Youth player scouting","Uzbekistan Premier League clubs, Central Asian teams, FIFA scouts","Uzbekistan, Central Asia, Asia","Hotels, Airlines, Soccer training academies",info@uzbekistansoccertravel.com,+998 2 6543 321,https://www.uzbekistansoccertravel.com
382,Ethiopia Soccer Travel,"Ethiopia club logistics, CAF Champions League qualifiers, Youth soccer scouting","Ethiopia Premier League clubs, African teams, FIFA scouts","Ethiopia, East Africa, Africa","Hotels, Airlines, Soccer training academies",info@ethiopiasoccertravel.com,+251 2 6543 321,https://www.ethiopiasoccertravel.com
383,Kyrgyzstan Elite Soccer Travel,"Kyrgyzstan club logistics, AFC Cup qualifiers, Player scouting","Kyrgyzstan Premier League clubs, Central Asian teams, FIFA scouts","Kyrgyzstan, Central Asia, Asia","Hotels, Airlines, Soccer training academies",info@kyrgyzstansoccertravel.com,+996 2 6543 321,https://www.kyrgyzstansoccertravel.com
384,Madagascar Premier Soccer Travel,"Madagascar club logistics, CAF qualifiers, Youth soccer scouting","Madagascar Premier League clubs, African teams, FIFA scouts","Madagascar, Africa, Indian Ocean","Hotels, Airlines, Soccer training academies",info@madagascarsoccertravel.com,+261 2 6543 321,https://www.madagascarsoccertravel.com
385,North Macedonia Soccer Travel,"North Macedonia club logistics, UEFA regional qualifiers, Player scouting","North Macedonia Premier League clubs, European teams, FIFA scouts","North Macedonia, Balkans, Europe","Hotels, Airlines, Soccer training academies",info@northmacedoniasoccertravel.com,+389 2 6543 321,https://www.northmacedoniasoccertravel.com
386,Gabon Youth Soccer Travel,"Gabon youth club logistics, CAF U19 tournaments, Player scouting","Gabon Youth League clubs, Central African teams, FIFA scouts","Gabon, Central Africa, Africa","Hotels, Airlines, Soccer training academies",info@gabonyouthsoccertravel.com,+241 2 6543 321,https://www.gabonyouthsoccertravel.com
387,Afghanistan Soccer Travel,"Afghanistan club logistics, AFC Cup qualifiers, Youth soccer scouting","Afghanistan Premier League clubs, South Asian teams, FIFA scouts","Afghanistan, South Asia, Asia","Hotels, Airlines, Soccer training academies",info@afghanistansoccertravel.com,+93 2 6543 321,https://www.afghanistansoccertravel.com
388,Pakistan Soccer Travel,"Pakistan club logistics, AFC regional tournaments, Youth player scouting","Pakistan Premier League clubs, South Asian teams, FIFA scouts","Pakistan, South Asia, Asia","Hotels, Airlines, Soccer training academies",info@pakistansoccertravel.com,+92 2 6543 321,https://www.pakistansoccertravel.com
389,Jordan Premier Soccer Travel,"Jordan club logistics, AFC Cup qualifiers, Player scouting","Jordan Premier League clubs, Middle Eastern teams, FIFA scouts","Jordan, Middle East, Asia","Hotels, Airlines, Soccer training academies",info@jordansoccertravel.com,+962 2 6543 321,https://www.jordansoccertravel.com
390,Oman Soccer Travel,"Oman club logistics, AFC Champions League qualifiers, Youth soccer scouting","Oman Premier League clubs, Middle Eastern teams, FIFA scouts","Oman, Middle East, Asia","Hotels, Airlines, Soccer training academies",info@omansoccertravel.com,+968 2 6543 321,https://www.omansoccertravel.com
391,Bolivia Premier Soccer Travel,"Bolivia club logistics, Copa Libertadores travel, Player scouting","Bolivia Premier League clubs, South American teams, FIFA scouts","Bolivia, South America, Latin America","Hotels, Airlines, Soccer training academies",info@boliviasoccertravel.com,+591 2 6543 321,https://www.boliviasoccertravel.com
392,Honduras Soccer Travel,"Honduras club logistics, Concacaf Champions League, Youth soccer scouting","Honduras Premier League clubs, Central American teams, FIFA scouts","Honduras, Central America, North America","Hotels, Airlines, Soccer training academies",info@hondurassoccertravel.com,+504 2 6543 321,https://www.hondurassoccertravel.com
393,Trinidad and Tobago Soccer Travel,"Trinidad and Tobago club logistics, Concacaf qualifiers, Player scouting","Trinidad and Tobago Premier League clubs, Caribbean teams, FIFA scouts","Trinidad and Tobago, Caribbean, North America","Hotels, Airlines, Soccer training academies",info@trinidadsoccertravel.com,+1 868 2 6543 321,https://www.trinidadsoccertravel.com
394,Panama Soccer Travel,"Panama club logistics, Concacaf Gold Cup travel, Player scouting","Panama Premier League clubs, Central American teams, FIFA scouts","Panama, Central America, North America","Hotels, Airlines, Soccer training academies",info@panamasoccertravel.com,+507 2 6543 321,https://www.panamasoccertravel.com
395,Venezuela Soccer Travel,"Venezuela club logistics, Copa Sudamericana travel, Youth player scouting","Venezuela Premier League clubs, South American teams, FIFA scouts","Venezuela, South America, Latin America","Hotels, Airlines, Soccer training academies",info@venezuelasoccertravel.com,+58 2 6543 321,https://www.venezuelasoccertravel.com
396,Paraguay Soccer Travel,"Paraguay club logistics, Copa Libertadores, Youth player scouting","Paraguay Premier League clubs, South American teams, FIFA scouts","Paraguay, South America, Latin America","Hotels, Airlines, Soccer training academies",info@paraguaysoccertravel.com,+595 2 6543 321,https://www.paraguaysoccertravel.com
397,Ecuador Soccer Travel,"Ecuador club logistics, Copa America, Youth player scouting","Ecuador Premier League clubs, South American teams, FIFA scouts","Ecuador, South America, Latin America","Hotels, Airlines, Soccer training academies",info@ecuadorsoccertravel.com,+593 2 6543 321,https://www.ecuadorsoccertravel.com
398,El Salvador Soccer Travel,"El Salvador club logistics, Concacaf Gold Cup travel, Player scouting","El Salvador Premier League clubs, Central American teams, FIFA scouts","El Salvador, Central America, North America","Hotels, Airlines, Soccer training academies",info@elsalvadorsoccertravel.com,+503 2 6543 321,https://www.elsalvadorsoccertravel.com
399,Cuba Soccer Travel,"Cuba club logistics, Concacaf Nations League travel, Player scouting","Cuba Premier League clubs, Caribbean teams, FIFA scouts","Cuba, Caribbean, North America","Hotels, Airlines, Soccer training academies",info@cubasoccertravel.com,+53 2 6543 321,https://www.cubasoccertravel.com
400,Suriname Elite Soccer Travel,"Suriname club logistics, Concacaf Champions League travel, Player scouting","Suriname Premier League clubs, South American teams, FIFA scouts","Suriname, South America, Caribbean","Hotels, Airlines, Soccer training academies",info@surinamesoccertravel.com,+597 2 6543 321,https://www.surinamesoccertravel.com
401,Guyana Soccer Travel,"Guyana club logistics, Concacaf Nations League travel, Player scouting","Guyana Premier League clubs, Caribbean teams, FIFA scouts","Guyana, South America, Caribbean","Hotels, Airlines, Soccer training academies",info@guyanasoccertravel.com,+592 2 6543 321,https://www.guyanasoccertravel.com
402,Nicaragua Soccer Travel,"Nicaragua club logistics, Concacaf qualifiers, Youth player scouting","Nicaragua Premier League clubs, Central American teams, FIFA scouts","Nicaragua, Central America, North America","Hotels, Airlines, Soccer training academies",info@nicaraguasoccertravel.com,+505 2 6543 321,https://www.nicaraguasoccertravel.com
403,Dominican Republic Soccer Travel,"Dominican Republic club logistics, Concacaf qualifiers, Youth soccer scouting","Dominican Republic Premier League clubs, Caribbean teams, FIFA scouts","Dominican Republic, Caribbean, North America","Hotels, Airlines, Soccer training academies",info@dominicansoccertravel.com,+1 809 2 6543 321,https://www.dominicansoccertravel.com
404,Haiti Soccer Travel,"Haiti club logistics, Concacaf Gold Cup travel, Player scouting","Haiti Premier League clubs, Caribbean teams, FIFA scouts","Haiti, Caribbean, North America","Hotels, Airlines, Soccer training academies",info@haitisoccertravel.com,+509 2 6543 321,https://www.haitisoccertravel.com
405,Laos Soccer Travel,"Laos club logistics, ASEAN regional tournaments, Youth player scouting","Laos Premier League clubs, Southeast Asian teams, FIFA scouts","Laos, Southeast Asia, Asia","Hotels, Airlines, Soccer training academies",info@laossoccertravel.com,+856 2 6543 321,https://www.laossoccertravel.com
406,Myanmar Soccer Travel,"Myanmar club logistics, AFC Cup qualifiers, Youth soccer scouting","Myanmar Premier League clubs, Southeast Asian teams, FIFA scouts","Myanmar, Southeast Asia, Asia","Hotels, Airlines, Soccer training academies",info@myanmarsoccertravel.com,+95 2 6543 321,https://www.myanmarsoccertravel.com
407,Cambodia Soccer Travel,"Cambodia club logistics, AFC Champions League, Player scouting","Cambodia Premier League clubs, Southeast Asian teams, FIFA scouts","Cambodia, Southeast Asia, Asia","Hotels, Airlines, Soccer training academies",info@cambodiasoccertravel.com,+855 2 6543 321,https://www.cambodiasoccertravel.com
408,Brunei Soccer Travel,"Brunei club logistics, AFC regional qualifiers, Youth soccer scouting","Brunei Premier League clubs, Southeast Asian teams, FIFA scouts","Brunei, Southeast Asia, Asia","Hotels, Airlines, Soccer training academies",info@bruneisoccertravel.com,+673 2 6543 321,https://www.bruneisoccertravel.com
409,Timor-Leste Soccer Travel,"Timor-Leste club logistics, OFC Nations Cup qualifiers, Player scouting","Timor-Leste Premier League clubs, Southeast Asian teams, FIFA scouts","Timor-Leste, Southeast Asia, Oceania","Hotels, Airlines, Soccer training academies",info@timorlestesoccertravel.com,+670 2 6543 321,https://www.timorlestesoccertravel.com
410,Mongolia Soccer Travel,"Mongolia club logistics, AFC regional tournaments, Youth soccer scouting","Mongolia Premier League clubs, East Asian teams, FIFA scouts","Mongolia, East Asia, Asia","Hotels, Airlines, Soccer training academies",info@mongoliasoccertravel.com,+976 2 6543 321,https://www.mongoliasoccertravel.com
411,Tonga Soccer Travel,"Tonga club logistics, OFC Nations Cup qualifiers, Youth soccer scouting","Tonga Premier League clubs, Pacific teams, FIFA scouts","Tonga, Oceania, Pacific Islands","Hotels, Airlines, Soccer training academies",info@tongasoccertravel.com,+676 2 6543 321,https://www.tongasoccertravel.com
412,Fiji Soccer Travel,"Fiji club logistics, OFC Champions League, Player scouting","Fiji Premier League clubs, Pacific teams, FIFA scouts","Fiji, Oceania, Pacific Islands","Hotels, Airlines, Soccer training academies",info@fijisoccertravel.com,+679 2 6543 321,https://www.fijisoccertravel.com
413,Vanuatu Soccer Travel,"Vanuatu club logistics, OFC Nations Cup travel, Youth player scouting","Vanuatu Premier League clubs, Pacific teams, FIFA scouts","Vanuatu, Oceania, Pacific Islands","Hotels, Airlines, Soccer training academies",info@vanuatusoccertravel.com,+678 2 6543 321,https://www.vanuatusoccertravel.com
414,Kiribati Soccer Travel,"Kiribati club logistics, OFC regional qualifiers, Youth soccer scouting","Kiribati Premier League clubs, Pacific teams, FIFA scouts","Kiribati, Oceania, Pacific Islands","Hotels, Airlines, Soccer training academies",info@kiribatisoccertravel.com,+686 2 6543 321,https://www.kiribatisoccertravel.com
415,Solomon Islands Soccer Travel,"Solomon Islands club logistics, OFC qualifiers, Player scouting","Solomon Islands Premier League clubs, Pacific teams, FIFA scouts","Solomon Islands, Oceania, Pacific Islands","Hotels, Airlines, Soccer training academies",info@solomonislandssoccertravel.com,+677 2 6543 321,https://www.solomonislandssoccertravel.com
416,Tuvalu Soccer Travel,"Tuvalu club logistics, OFC Nations Cup travel, Youth player scouting","Tuvalu Premier League clubs, Pacific teams, FIFA scouts","Tuvalu, Oceania, Pacific Islands","Hotels, Airlines, Soccer training academies",info@tuvalusoccertravel.com,+688 2 6543 321,https://www.tuvalusoccertravel.com
417,Papua New Guinea Soccer Travel,"Papua New Guinea club logistics, OFC qualifiers, Player scouting","Papua New Guinea Premier League clubs, Pacific teams, FIFA scouts","Papua New Guinea, Oceania, Pacific Islands","Hotels, Airlines, Soccer training academies",info@pngsoccertravel.com,+675 2 6543 321,https://www.pngsoccertravel.com
418,Samoa Soccer Travel,"Samoa club logistics, OFC qualifiers, Youth player scouting","Samoa Premier League clubs, Pacific teams, FIFA scouts","Samoa, Oceania, Pacific Islands","Hotels, Airlines, Soccer training academies",info@samoasoccertravel.com,+685 2 6543 321,https://www.samoasoccertravel.com
419,Micronesia Soccer Travel,"Micronesia club logistics, OFC regional tournaments, Youth soccer scouting","Micronesia Football clubs, Pacific teams, FIFA scouts","Micronesia, Oceania, Pacific Islands","Hotels, Airlines, Soccer training academies",info@micronesiassoccertravel.com,+691 2 6543 321,https://www.micronesiassoccertravel.com
420,Palau Soccer Travel,"Palau club logistics, OFC qualifiers, Youth soccer scouting","Palau Premier League clubs, Pacific teams, FIFA scouts","Palau, Oceania, Pacific Islands","Hotels, Airlines, Soccer training academies",info@palausoccertravel.com,+680 2 6543 321,https://www.palausoccertravel.com
421,Cook Islands Soccer Travel,"Cook Islands club logistics, OFC Champions League travel, Player scouting","Cook Islands Premier League clubs, Pacific teams, FIFA scouts","Cook Islands, Oceania, Pacific Islands","Hotels, Airlines, Soccer training academies",info@cookislandssoccertravel.com,+682 2 6543 321,https://www.cookislandssoccertravel.com
422,American Samoa Soccer Travel,"American Samoa club logistics, OFC Nations Cup, Youth player scouting","American Samoa Premier League clubs, Pacific teams, FIFA scouts","American Samoa, Oceania, Pacific Islands","Hotels, Airlines, Soccer training academies",info@americansamoasoccertravel.com,+1 684 2 6543 321,https://www.americansamoasoccertravel.com
423,Guam Soccer Travel,"Guam club logistics, AFC Cup qualifiers, Youth player scouting","Guam Premier League clubs, Asian teams, FIFA scouts","Guam, Pacific Islands, Asia","Hotels, Airlines, Soccer training academies",info@guamsoccertravel.com,+1 671 2 6543 321,https://www.guamsoccertravel.com
424,Niue Soccer Travel,"Niue club logistics, OFC regional tournaments, Youth soccer scouting","Niue Football clubs, Pacific teams, FIFA scouts","Niue, Oceania, Pacific Islands","Hotels, Airlines, Soccer training academies",info@niuesoccertravel.com,+683 2 6543 321,https://www.niuesoccertravel.com
425,Pitcairn Islands Soccer Travel,"Pitcairn Islands club logistics, OFC qualifiers, Youth player scouting","Pitcairn Islands Football clubs, OFC teams, FIFA scouts","Pitcairn Islands, Pacific Islands, Oceania","Hotels, Airlines, Soccer training academies",info@pitcairnsoccertravel.com,+64 2 6543 321,https://www.pitcairnsoccertravel.com
426,Saint Vincent and the Grenadines Soccer Travel,"SVG club logistics, Concacaf Nations League travel, Player scouting","Saint Vincent Premier League clubs, Caribbean teams, FIFA scouts","Saint Vincent and the Grenadines, Caribbean, North America","Hotels, Airlines, Soccer training academies",info@svgoccertravel.com,+1 784 2 6543 321,https://www.svgoccertravel.com
427,Bahamas Soccer Travel,"Bahamas club logistics, Concacaf Gold Cup travel, Youth player scouting","Bahamas Premier League clubs, Caribbean teams, FIFA scouts","Bahamas, Caribbean, North America","Hotels, Airlines, Soccer training academies",info@bahamassoccertravel.com,+1 242 2 6543 321,https://www.bahamassoccertravel.com
428,Saint Martin Soccer Travel,"Saint Martin club logistics, Concacaf regional tournaments, Player scouting","Saint Martin Premier League clubs, Caribbean teams, FIFA scouts","Saint Martin, Caribbean, North America","Hotels, Airlines, Soccer training academies",info@saintmartinsoccertravel.com,+590 2 6543 321,https://www.saintmartinsoccertravel.com
429,Greenland Soccer Travel,"Greenland club logistics, UEFA regional tournaments, Youth soccer scouting","Greenland Football Association clubs, Nordic leagues, FIFA scouts","Greenland, Denmark, Europe","Hotels, Airlines, Soccer training academies",info@greenlandsoccertravel.com,+299 2 6543 321,https://www.greenlandsoccertravel.com
430,Luxembourg Soccer Travel,"Luxembourg club logistics, UEFA qualifiers, Youth player scouting","Luxembourg Premier League clubs, European teams, FIFA scouts","Luxembourg, Europe","Hotels, Airlines, Soccer training academies",info@luxembourgsoccertravel.com,+352 2 6543 321,https://www.luxembourgsoccertravel.com
431,Andorra Soccer Travel,"Andorra club logistics, UEFA regional qualifiers, Player scouting","Andorra Premier League clubs, European teams, FIFA scouts","Andorra, Spain, Europe","Hotels, Airlines, Soccer training academies",info@andorrasoccertravel.com,+376 2 6543 321,https://www.andorrasoccertravel.com
432,San Marino Soccer Travel,"San Marino club logistics, UEFA regional tournaments, Youth soccer scouting","San Marino Premier League clubs, European teams, FIFA scouts","San Marino, Italy, Europe","Hotels, Airlines, Soccer training academies",info@sanmarinosoccertravel.com,+378 2 6543 321,https://www.sanmarinosoccertravel.com
433,Liechtenstein Soccer Travel,"Liechtenstein club logistics, UEFA qualifiers, Youth player scouting","Liechtenstein Premier League clubs, Swiss Super League teams, FIFA scouts","Liechtenstein, Switzerland, Europe","Hotels, Airlines, Soccer training academies",info@liechtensteinsoccertravel.com,+423 2 6543 321,https://www.liechtensteinsoccertravel.com
434,Faroe Islands Soccer Travel,"Faroe Islands club logistics, UEFA Nations League, Youth soccer scouting","Faroe Islands Premier League clubs, Nordic leagues, FIFA scouts","Faroe Islands, Scandinavia, Europe","Hotels, Airlines, Soccer training academies",info@faroeislandssoccertravel.com,+298 2 6543 321,https://www.faroeislandssoccertravel.com
435,Montserrat Soccer Travel,"Montserrat club logistics, Concacaf qualifiers, Youth player scouting","Montserrat Premier League clubs, Caribbean teams, FIFA scouts","Montserrat, Caribbean, North America","Hotels, Airlines, Soccer training academies",info@montserratsoccertravel.com,+1 664 2 6543 321,https://www.montserratsoccertravel.com
436,Saint Barthélemy Soccer Travel,"Saint Barthélemy club logistics, Concacaf regional tournaments, Player scouting","Saint Barthélemy Premier League clubs, Caribbean teams, FIFA scouts","Saint Barthélemy, Caribbean, France","Hotels, Airlines, Soccer training academies",info@saintbartssoccertravel.com,+590 2 6543 321,https://www.saintbartssoccertravel.com
437,Saint Eustatius Soccer Travel,"Saint Eustatius club logistics, Concacaf Nations League travel, Player scouting","Saint Eustatius Premier League clubs, Caribbean teams, FIFA scouts","Saint Eustatius, Caribbean, Netherlands","Hotels, Airlines, Soccer training academies",info@sainteustatiussoccertravel.com,+599 2 6543 321,https://www.sainteustatiussoccertravel.com
438,Saint Helena Soccer Travel,"Saint Helena club logistics, CAF qualifiers, Youth soccer scouting","Saint Helena Premier League clubs, South African leagues, FIFA scouts","Saint Helena, Africa, UK","Hotels, Airlines, Soccer training academies",info@sainthelenasoccertravel.com,+290 2 6543 321,https://www.sainthelenasoccertravel.com
439,Svalbard Arctic Soccer Travel,"Svalbard club logistics, Scandinavian tournaments, Youth soccer scouting","Svalbard Football Association clubs, Nordic leagues, FIFA scouts","Svalbard, Norway, Europe","Hotels, Airlines, Soccer training academies",info@svalbardsoccertravel.com,+47 2 6543 321,https://www.svalbardsoccertravel.com
440,Antarctic Football Expedition Travel,"Logistics for Antarctic football tournaments, Team expeditions, Sports tourism","Antarctic research stations' football teams, FIFA experimental teams, University sports programs","Antarctica, South Pole research bases","Scientific research bases, Expedition ships, Extreme weather gear providers",info@antarcticfootballtravel.com,+672 2 6543 321,https://www.antarcticfootballtravel.com
441,Cayman Islands Elite Soccer Travel,"Cayman Islands club logistics, Concacaf Gold Cup qualifiers, Youth player scouting","Cayman Islands Premier League clubs, Caribbean teams, FIFA scouts","Cayman Islands, Caribbean, North America","Hotels, Airlines, Soccer training academies",info@caymanislandssoccertravel.com,+1 345 2 6543 321,https://www.caymanislandssoccertravel.com
442,Djibouti Soccer Travel,"Djibouti club logistics, CAF Champions League, Youth player scouting","Djibouti Premier League clubs, East African teams, FIFA scouts","Djibouti, East Africa, Africa","Hotels, Airlines, Soccer training academies",info@djiboutisoccertravel.com,+253 2 6543 321,https://www.djiboutisoccertravel.com
443,Malawi Soccer Travel,"Malawi club logistics, CAF regional tournaments, Youth player scouting","Malawi Premier League clubs, African teams, FIFA scouts","Malawi, Southern Africa, Africa","Hotels, Airlines, Soccer training academies",info@malawisoccertravel.com,+265 2 6543 321,https://www.malawisoccertravel.com
444,Zambia Soccer Travel,"Zambia club logistics, CAF Champions League travel, Player scouting","Zambia Premier League clubs, African teams, FIFA scouts","Zambia, Southern Africa, Africa","Hotels, Airlines, Soccer training academies",info@zambiasoccertravel.com,+260 2 6543 321,https://www.zambiasoccertravel.com
445,Rwanda Soccer Travel,"Rwanda club logistics, CAF qualifiers, Youth player scouting","Rwanda Premier League clubs, African teams, FIFA scouts","Rwanda, East Africa, Africa","Hotels, Airlines, Soccer training academies",info@rwandasoccertravel.com,+250 2 6543 321,https://www.rwandasoccertravel.com
446,Burundi Soccer Travel,"Burundi club logistics, CAF regional tournaments, Youth soccer scouting","Burundi Premier League clubs, African teams, FIFA scouts","Burundi, East Africa, Africa","Hotels, Airlines, Soccer training academies",info@burundisoccertravel.com,+257 2 6543 321,https://www.burundisoccertravel.com
447,Comoros Soccer Travel,"Comoros club logistics, CAF regional tournaments, Youth player scouting","Comoros Premier League clubs, African teams, FIFA scouts","Comoros, Indian Ocean, Africa","Hotels, Airlines, Soccer training academies",info@comorossoccertravel.com,+269 2 6543 321,https://www.comorossoccertravel.com
448,Lesotho Soccer Travel,"Lesotho club logistics, CAF regional tournaments, Youth player scouting","Lesotho Premier League clubs, Southern African teams, FIFA scouts","Lesotho, Southern Africa, Africa","Hotels, Airlines, Soccer training academies",info@lesothosoccertravel.com,+266 2 6543 321,https://www.lesothosoccertravel.com
449,Sao Tome and Principe Soccer Travel,"Sao Tome club logistics, CAF qualifiers, Youth soccer scouting","Sao Tome and Principe Premier League clubs, African teams, FIFA scouts","Sao Tome and Principe, Africa, Portugal","Hotels, Airlines, Soccer training academies",info@saotomesoccertravel.com,+239 2 6543 321,https://www.saotomesoccertravel.com
450,Eritrea Soccer Travel,"Eritrea club logistics, CAF regional tournaments, Youth soccer scouting","Eritrea Premier League clubs, East African teams, FIFA scouts","Eritrea, East Africa, Africa","Hotels, Airlines, Soccer training academies",info@eritreasoccertravel.com,+291 2 6543 321,https://www.eritreasoccertravel.com
451,Chad Soccer Travel,"Chad club logistics, CAF regional tournaments, Youth soccer scouting","Chad Premier League clubs, Central African teams, FIFA scouts","Chad, Central Africa, Africa","Hotels, Airlines, Soccer training academies",info@chadsoccertravel.com,+235 2 6543 321,https://www.chadsoccertravel.com
452,Central African Republic Soccer Travel,"CAR club logistics, CAF qualifiers, Youth player scouting","Central African Republic Premier League clubs, African teams, FIFA scouts","Central African Republic, Africa","Hotels, Airlines, Soccer training academies",info@carsoccertravel.com,+236 2 6543 321,https://www.carsoccertravel.com
453,Guinea-Bissau Soccer Travel,"Guinea-Bissau club logistics, CAF regional tournaments, Youth player scouting","Guinea-Bissau Premier League clubs, African teams, FIFA scouts","Guinea-Bissau, West Africa, Africa","Hotels, Airlines, Soccer training academies",info@guineabissausoccertravel.com,+245 2 6543 321,https://www.guineabissausoccertravel.com
454,Gabon Soccer Travel,"Gabon club logistics, CAF Champions League, Youth player scouting","Gabon Premier League clubs, African teams, FIFA scouts","Gabon, Central Africa, Africa","Hotels, Airlines, Soccer training academies",info@gabonsoccertravel.com,+241 2 6543 321,https://www.gabonsoccertravel.com
455,Togo Soccer Travel,"Togo club logistics, CAF qualifiers, Youth soccer scouting","Togo Premier League clubs, African teams, FIFA scouts","Togo, West Africa, Africa","Hotels, Airlines, Soccer training academies",info@togosoccertravel.com,+228 2 6543 321,https://www.togosoccertravel.com
456,Benin Soccer Travel,"Benin club logistics, CAF regional tournaments, Youth soccer scouting","Benin Premier League clubs, African teams, FIFA scouts","Benin, West Africa, Africa","Hotels, Airlines, Soccer training academies",info@beninsoccertravel.com,+229 2 6543 321,https://www.beninsoccertravel.com
457,Niger Soccer Travel,"Niger club logistics, CAF qualifiers, Youth soccer scouting","Niger Premier League clubs, West African teams, FIFA scouts","Niger, West Africa, Africa","Hotels, Airlines, Soccer training academies",info@nigersoccertravel.com,+227 2 6543 321,https://www.nigersoccertravel.com
458,Burkina Faso Soccer Travel,"Burkina Faso club logistics, CAF Champions League, Player scouting","Burkina Faso Premier League clubs, West African teams, FIFA scouts","Burkina Faso, West Africa, Africa","Hotels, Airlines, Soccer training academies",info@burkinafasosoccertravel.com,+226 2 6543 321,https://www.burkinafasosoccertravel.com
459,Equatorial Guinea Soccer Travel,"Equatorial Guinea club logistics, CAF Champions League, Youth player scouting","Equatorial Guinea Premier League clubs, African teams, FIFA scouts","Equatorial Guinea, Central Africa, Africa","Hotels, Airlines, Soccer training academies",info@equatorialguineasoccertravel.com,+240 2 6543 321,https://www.equatorialguineasoccertravel.com
460,South Sudan Soccer Travel,"South Sudan club logistics, CAF regional tournaments, Youth player scouting","South Sudan Premier League clubs, African teams, FIFA scouts","South Sudan, East Africa, Africa","Hotels, Airlines, Soccer training academies",info@southsudansoccertravel.com,+211 2 6543 321,https://www.southsudansoccertravel.com
461,Mozambique Soccer Travel,"Mozambique club logistics, CAF Champions League, Youth player scouting","Mozambique Premier League clubs, African teams, FIFA scouts","Mozambique, Southern Africa, Africa","Hotels, Airlines, Soccer training academies",info@mozambiquesoccertravel.com,+258 2 6543 321,https://www.mozambiquesoccertravel.com
462,Namibia Soccer Travel,"Namibia club logistics, CAF qualifiers, Youth soccer scouting","Namibia Premier League clubs, African teams, FIFA scouts","Namibia, Southern Africa, Africa","Hotels, Airlines, Soccer training academies",info@namibiasoccertravel.com,+264 2 6543 321,https://www.namibiasoccertravel.com
463,Liberia Soccer Travel,"Liberia club logistics, CAF qualifiers, Youth player scouting","Liberia Premier League clubs, West African teams, FIFA scouts","Liberia, West Africa, Africa","Hotels, Airlines, Soccer training academies",info@liberiasoccertravel.com,+231 2 6543 321,https://www.liberiasoccertravel.com
464,Sierra Leone Soccer Travel,"Sierra Leone club logistics, CAF Champions League, Youth player scouting","Sierra Leone Premier League clubs, West African teams, FIFA scouts","Sierra Leone, West Africa, Africa","Hotels, Airlines, Soccer training academies",info@sierraleonesoccertravel.com,+232 2 6543 321,https://www.sierraleonesoccertravel.com
465,Madagascar Soccer Travel,"Madagascar club logistics, CAF regional tournaments, Youth soccer scouting","Madagascar Premier League clubs, African teams, FIFA scouts","Madagascar, Indian Ocean, Africa","Hotels, Airlines, Soccer training academies",info@madagascarsoccertravel.com,+261 2 6543 321,https://www.madagascarsoccertravel.com
466,Eswatini (Swaziland) Soccer Travel,"Eswatini club logistics, CAF qualifiers, Youth soccer scouting","Eswatini Premier League clubs, Southern African teams, FIFA scouts","Eswatini (Swaziland), Southern Africa, Africa","Hotels, Airlines, Soccer training academies",info@eswatinisoccertravel.com,+268 2 6543 321,https://www.eswatinisoccertravel.com
467,Botswana Soccer Travel,"Botswana club logistics, CAF qualifiers, Youth player scouting","Botswana Premier League clubs, Southern African teams, FIFA scouts","Botswana, Southern Africa, Africa","Hotels, Airlines, Soccer training academies",info@botswanasoccertravel.com,+267 2 6543 321,https://www.botswanasoccertravel.com
468,Gambia Soccer Travel,"Gambia club logistics, CAF Champions League, Youth player scouting","Gambia Premier League clubs, West African teams, FIFA scouts","Gambia, West Africa, Africa","Hotels, Airlines, Soccer training academies",info@gambiasoccertravel.com,+220 2 6543 321,https://www.gambiasoccertravel.com
469,Malawi Youth Soccer Travel,"Malawi youth club logistics, CAF U20 qualifiers, Youth soccer scouting","Malawi Youth League clubs, Southern African teams, FIFA scouts","Malawi, Southern Africa, Africa","Hotels, Airlines, Soccer training academies",info@malawi-youthsoccertravel.com,+265 2 6543 321,https://www.malawi-youthsoccertravel.com
470,Somalia Soccer Travel,"Somalia club logistics, CAF qualifiers, Youth player scouting","Somalia Premier League clubs, East African teams, FIFA scouts","Somalia, East Africa, Africa","Hotels, Airlines, Soccer training academies",info@somaliasoccertravel.com,+252 2 6543 321,https://www.somaliasoccertravel.com
471,Tunisia Soccer Travel,"Tunisia club logistics, CAF Champions League, Youth player scouting","Espérance de Tunis, Club Africain, Étoile du Sahel, FIFA scouts","Tunisia, North Africa, Africa","Hotels, Airlines, Soccer training academies",info@tunisiassoccertravel.com,+216 2 6543 321,https://www.tunisiassoccertravel.com
472,Algeria Soccer Travel,"Algeria club logistics, CAF regional tournaments, Youth soccer scouting","MC Alger, USM Alger, JS Kabylie, African teams, FIFA scouts","Algeria, North Africa, Africa","Hotels, Airlines, Soccer training academies",info@algeriasoccertravel.com,+213 2 6543 321,https://www.algeriasoccertravel.com
473,Morocco Soccer Travel,"Morocco club logistics, CAF Champions League, Youth player scouting","Wydad Casablanca, Raja Casablanca, FUS Rabat, FIFA scouts","Morocco, North Africa, Africa","Hotels, Airlines, Soccer training academies",info@moroccosoccertravel.com,+212 2 6543 321,https://www.moroccosoccertravel.com
474,Egypt Soccer Travel,"Egypt club logistics, CAF Champions League, Youth soccer scouting","Al Ahly, Zamalek, Pyramids FC, FIFA scouts","Egypt, North Africa, Africa","Hotels, Airlines, Soccer training academies",info@egyptsoccertravel.com,+20 2 6543 321,https://www.egyptsoccertravel.com
475,Sudan Soccer Travel,"Sudan club logistics, CAF Champions League, Youth player scouting","Al Hilal Omdurman, Al-Merrikh SC, Sudanese teams, FIFA scouts","Sudan, North Africa, Africa","Hotels, Airlines, Soccer training academies",info@sudansoccertravel.com,+249 2 6543 321,https://www.sudansoccertravel.com
476,Ethiopia Soccer Travel,"Ethiopia club logistics, CAF regional tournaments, Youth player scouting","Ethiopia Premier League clubs, East African teams, FIFA scouts","Ethiopia, East Africa, Africa","Hotels, Airlines, Soccer training academies",info@ethiopiasoccertravel.com,+251 2 6543 321,https://www.ethiopiasoccertravel.com
477,South Africa Soccer Travel,"South Africa club logistics, PSL tournaments, CAF Champions League","Mamelodi Sundowns, Kaizer Chiefs, Orlando Pirates, FIFA scouts","South Africa, Southern Africa, Africa","Hotels, Airlines, Soccer training academies",info@southafricasoccertravel.com,+27 2 6543 321,https://www.southafricasoccertravel.com
478,Kenya Soccer Travel,"Kenya club logistics, CECAFA tournaments, Youth soccer scouting","Gor Mahia, AFC Leopards, Kenyan national team, FIFA scouts","Kenya, East Africa, Africa","Hotels, Airlines, Soccer training academies",info@kenyasoccertravel.com,+254 2 6543 321,https://www.kenyasoccertravel.com
479,Nigeria Soccer Travel,"Nigeria club logistics, CAF Champions League, Youth player scouting","Enyimba FC, Kano Pillars, Rivers United, FIFA scouts","Nigeria, West Africa, Africa","Hotels, Airlines, Soccer training academies",info@nigeriasoccertravel.com,+234 2 6543 321,https://www.nigeriasoccertravel.com
480,Ghana Soccer Travel,"Ghana club logistics, CAF Champions League, Youth player scouting","Asante Kotoko, Hearts of Oak, Ghanaian national team, FIFA scouts","Ghana, West Africa, Africa","Hotels, Airlines, Soccer training academies",info@ghanasoccertravel.com,+233 2 6543 321,https://www.ghanasoccertravel.com
481,Senegal Soccer Travel,"Senegal club logistics, CAF Champions League, Youth player scouting","ASC Jaraaf, Génération Foot, Senegalese national team, FIFA scouts","Senegal, West Africa, Africa","Hotels, Airlines, Soccer training academies",info@senegalsoccertravel.com,+221 2 6543 321,https://www.senegalsoccertravel.com
482,Mali Soccer Travel,"Mali club logistics, CAF regional tournaments, Youth soccer scouting","Stade Malien, Djoliba AC, Malian national team, FIFA scouts","Mali, West Africa, Africa","Hotels, Airlines, Soccer training academies",info@malisoccertravel.com,+223 2 6543 321,https://www.malisoccertravel.com
483,Ivory Coast Soccer Travel,"Ivory Coast club logistics, CAF Champions League, Youth player scouting","ASEC Mimosas, AFAD Djékanou, Ivorian national team, FIFA scouts","Ivory Coast, West Africa, Africa","Hotels, Airlines, Soccer training academies",info@ivorycoastsoccertravel.com,+225 2 6543 321,https://www.ivorycoastsoccertravel.com
484,Angola Soccer Travel,"Angola club logistics, CAF Champions League, Youth player scouting","Petro de Luanda, Primeiro de Agosto, FIFA scouts","Angola, Southern Africa, Africa","Hotels, Airlines, Soccer training academies",info@angolasoccertravel.com,+244 2 6543 321,https://www.angolasoccertravel.com
485,Tanzania Soccer Travel,"Tanzania club logistics, CECAFA tournaments, Youth player scouting","Simba SC, Young Africans SC, Tanzanian national team, FIFA scouts","Tanzania, East Africa, Africa","Hotels, Airlines, Soccer training academies",info@tanzaniasoccertravel.com,+255 2 6543 321,https://www.tanzaniasoccertravel.com
486,Zambia Elite Soccer Travel,"Zambia club logistics, CAF Champions League, Youth player scouting","ZESCO United, Nkana FC, Zambian national team, FIFA scouts","Zambia, Southern Africa, Africa","Hotels, Airlines, Soccer training academies",info@zambiasoccertravel.com,+260 2 6543 321,https://www.zambiasoccertravel.com
487,Mauritania Soccer Travel,"Mauritania club logistics, CAF qualifiers, Youth soccer scouting","FC Nouadhibou, Mauritanian national team, FIFA scouts","Mauritania, West Africa, Africa","Hotels, Airlines, Soccer training academies",info@mauritaniasoccertravel.com,+222 2 6543 321,https://www.mauritaniasoccertravel.com
488,Cape Verde Soccer Travel,"Cape Verde club logistics, CAF regional tournaments, Youth player scouting","Académica do Mindelo, Cape Verdean national team, FIFA scouts","Cape Verde, West Africa, Africa","Hotels, Airlines, Soccer training academies",info@capeverdesoccertravel.com,+238 2 6543 321,https://www.capeverdesoccertravel.com
489,Uganda Soccer Travel,"Uganda club logistics, CECAFA tournaments, Youth soccer scouting","Vipers SC, KCCA FC, Ugandan national team, FIFA scouts","Uganda, East Africa, Africa","Hotels, Airlines, Soccer training academies",info@ugandasoccertravel.com,+256 2 6543 321,https://www.ugandasoccertravel.com
490,Guinea Soccer Travel,"Guinea club logistics, CAF Champions League, Youth player scouting","Horoya AC, Guinean national team, FIFA scouts","Guinea, West Africa, Africa","Hotels, Airlines, Soccer training academies",info@guineasoccertravel.com,+224 2 6543 321,https://www.guineasoccertravel.com
491,Burundi Elite Soccer Travel,"Burundi club logistics, CAF regional tournaments, Youth player scouting","Vital'O FC, Burundi national team, FIFA scouts","Burundi, East Africa, Africa","Hotels, Airlines, Soccer training academies",info@burundisoccertravel.com,+257 2 6543 321,https://www.burundisoccertravel.com
492,Rwanda Premier Soccer Travel,"Rwanda club logistics, CAF Champions League, Youth soccer scouting","APR FC, Rayon Sports, Rwandan national team, FIFA scouts","Rwanda, East Africa, Africa","Hotels, Airlines, Soccer training academies",info@rwandasoccertravel.com,+250 2 6543 321,https://www.rwandasoccertravel.com
493,Chad Soccer Travel,"Chad club logistics, CAF qualifiers, Youth soccer scouting","Elect-Sport FC, Chad national team, FIFA scouts","Chad, Central Africa, Africa","Hotels, Airlines, Soccer training academies",info@chadsoccertravel.com,+235 2 6543 321,https://www.chadsoccertravel.com
494,Togo Soccer Travel,"Togo club logistics, CAF Champions League, Youth player scouting","AS Togo-Port, Togolese national team, FIFA scouts","Togo, West Africa, Africa","Hotels, Airlines, Soccer training academies",info@togosoccertravel.com,+228 2 6543 321,https://www.togosoccertravel.com
495,Equatorial Guinea Soccer Travel,"Equatorial Guinea club logistics, CAF regional tournaments, Youth player scouting","Deportivo Mongomo, Equatorial Guinea national team, FIFA scouts","Equatorial Guinea, Central Africa, Africa","Hotels, Airlines, Soccer training academies",info@equatorialguineasoccertravel.com,+240 2 6543 321,https://www.equatorialguineasoccertravel.com
496,Benin Soccer Travel,"Benin club logistics, CAF qualifiers, Youth soccer scouting","Buffles du Borgou FC, Benin national team, FIFA scouts","Benin, West Africa, Africa","Hotels, Airlines, Soccer training academies",info@beninsoccertravel.com,+229 2 6543 321,https://www.beninsoccertravel.com
497,Gabon Soccer Travel,"Gabon club logistics, CAF Champions League, Youth soccer scouting","CF Mounana, Gabonese national team, FIFA scouts","Gabon, Central Africa, Africa","Hotels, Airlines, Soccer training academies",info@gabonsoccertravel.com,+241 2 6543 321,https://www.gabonsoccertravel.com
498,Comoros Soccer Travel,"Comoros club logistics, CAF qualifiers, Youth player scouting","Comoros national team, FIFA scouts","Comoros, Indian Ocean, Africa","Hotels, Airlines, Soccer training academies",info@comorossoccertravel.com,+269 2 6543 321,https://www.comorossoccertravel.com
499,Djibouti Soccer Travel,"Djibouti club logistics, CAF regional tournaments, Youth soccer scouting","Djibouti national team, FIFA scouts","Djibouti, East Africa, Africa","Hotels, Airlines, Soccer training academies",info@djiboutisoccertravel.com,+253 2 6543 321,https://www.djiboutisoccertravel.com
500,Eritrea Soccer Travel,"Eritrea club logistics, CAF qualifiers, Youth soccer scouting","Eritrea national team, FIFA scouts","Eritrea, East Africa, Africa","Hotels, Airlines, Soccer training academies",info@eritreasoccertravel.com,+291 2 6543 321,https://www.eritreasoccertravel.com
501,São Tomé and Príncipe Soccer Travel,"São Tomé club logistics, CAF qualifiers, Youth soccer scouting","São Tomé national team, FIFA scouts","São Tomé and Príncipe, Central Africa, Africa","Hotels, Airlines, Soccer training academies",info@saotomesoccertravel.com,+239 2 6543 321,https://www.saotomesoccertravel.com
502,Liberia Soccer Travel,"Liberia club logistics, CAF Champions League, Youth player scouting","Liberian Premier League clubs, Liberian national team, FIFA scouts","Liberia, West Africa, Africa","Hotels, Airlines, Soccer training academies",info@liberiasoccertravel.com,+231 2 6543 321,https://www.liberiasoccertravel.com
503,Sierra Leone Soccer Travel,"Sierra Leone club logistics, CAF regional tournaments, Youth player scouting","Sierra Leone Premier League clubs, Sierra Leone national team, FIFA scouts","Sierra Leone, West Africa, Africa","Hotels, Airlines, Soccer training academies",info@sierraleonesoccertravel.com,+232 2 6543 321,https://www.sierraleonesoccertravel.com
504,Malawi Soccer Travel,"Malawi club logistics, CAF Champions League, Youth player scouting","Big Bullets FC, Silver Strikers FC, Malawian national team, FIFA scouts","Malawi, Southern Africa, Africa","Hotels, Airlines, Soccer training academies",info@malawisoccertravel.com,+265 2 6543 321,https://www.malawisoccertravel.com
505,Somalia Soccer Travel,"Somalia club logistics, CAF qualifiers, Youth soccer scouting","Somalia Premier League clubs, Somalia national team, FIFA scouts","Somalia, East Africa, Africa","Hotels, Airlines, Soccer training academies",info@somaliasoccertravel.com,+252 2 6543 321,https://www.somaliasoccertravel.com
506,South Sudan Soccer Travel,"South Sudan club logistics, CAF regional tournaments, Youth player scouting","South Sudan Premier League clubs, South Sudan national team, FIFA scouts","South Sudan, East Africa, Africa","Hotels, Airlines, Soccer training academies",info@southsudansoccertravel.com,+211 2 6543 321,https://www.southsudansoccertravel.com
507,Eswatini Soccer Travel,"Eswatini club logistics, CAF qualifiers, Youth soccer scouting","Royal Leopards FC, Young Buffaloes FC, Eswatini national team, FIFA scouts","Eswatini (Swaziland), Southern Africa, Africa","Hotels, Airlines, Soccer training academies",info@eswatinisoccertravel.com,+268 2 6543 321,https://www.eswatinisoccertravel.com
508,Mozambique Soccer Travel,"Mozambique club logistics, CAF Champions League, Youth player scouting","UD Songo, Costa do Sol, Mozambique national team, FIFA scouts","Mozambique, Southern Africa, Africa","Hotels, Airlines, Soccer training academies",info@mozambiquesoccertravel.com,+258 2 6543 321,https://www.mozambiquesoccertravel.com
509,Namibia Soccer Travel,"Namibia club logistics, CAF regional tournaments, Youth soccer scouting","African Stars FC, Black Africa SC, Namibia national team, FIFA scouts","Namibia, Southern Africa, Africa","Hotels, Airlines, Soccer training academies",info@namibiasoccertravel.com,+264 2 6543 321,https://www.namibiasoccertravel.com
510,Botswana Soccer Travel,"Botswana club logistics, CAF Champions League, Youth player scouting","Township Rollers FC, Gaborone United, Botswana national team, FIFA scouts","Botswana, Southern Africa, Africa","Hotels, Airlines, Soccer training academies",info@botswanasoccertravel.com,+267 2 6543 321,https://www.botswanasoccertravel.com
511,Lesotho Soccer Travel,"Lesotho club logistics, CAF qualifiers, Youth player scouting","Bantu FC, Matlama FC, Lesotho national team, FIFA scouts","Lesotho, Southern Africa, Africa","Hotels, Airlines, Soccer training academies",info@lesothosoccertravel.com,+266 2 6543 321,https://www.lesothosoccertravel.com
512,Reunion Soccer Travel,"Reunion club logistics, CAF regional tournaments, Youth soccer scouting","Saint-Pierroise, Reunion national team, FIFA scouts","Reunion, Indian Ocean, Africa","Hotels, Airlines, Soccer training academies",info@reunionsoccertravel.com,+262 2 6543 321,https://www.reunionsoccertravel.com
513,Seychelles Soccer Travel,"Seychelles club logistics, CAF qualifiers, Youth soccer scouting","Saint Michel United FC, Seychelles national team, FIFA scouts","Seychelles, Indian Ocean, Africa","Hotels, Airlines, Soccer training academies",info@seychellessoccertravel.com,+248 2 6543 321,https://www.seychellessoccertravel.com
514,Mayotte Soccer Travel,"Mayotte club logistics, CAF regional tournaments, Youth soccer scouting","Mayotte national team, FIFA scouts","Mayotte, Indian Ocean, Africa","Hotels, Airlines, Soccer training academies",info@mayottesoccertravel.com,+269 2 6543 321,https://www.mayottesoccertravel.com
515,Zanzibar Soccer Travel,"Zanzibar club logistics, CECAFA tournaments, Youth player scouting","Zanzibar national team, Zanzibar Premier League clubs, FIFA scouts","Zanzibar, East Africa, Africa","Hotels, Airlines, Soccer training academies",info@zanzibarsoccertravel.com,+255 2 6543 321,https://www.zanzibarsoccertravel.com
516,Eritrea Soccer Travel,"Eritrea club logistics, CAF qualifiers, Youth player scouting","Eritrea national team, FIFA scouts","Eritrea, East Africa, Africa","Hotels, Airlines, Soccer training academies",info@eritreasoccertravel.com,+291 2 6543 321,https://www.eritreasoccertravel.com
517,Mauritius Soccer Travel,"Mauritius club logistics, CAF regional tournaments, Youth player scouting","Mauritius national team, Mauritian Premier League clubs, FIFA scouts","Mauritius, Indian Ocean, Africa","Hotels, Airlines, Soccer training academies",info@mauritiussoccertravel.com,+230 2 6543 321,https://www.mauritiussoccertravel.com
518,Sudan Soccer Travel,"Sudan club logistics, CAF Champions League, Youth soccer scouting","Al-Hilal Omdurman, Al-Merrikh SC, Sudanese national team, FIFA scouts","Sudan, North Africa, Africa","Hotels, Airlines, Soccer training academies",info@sudansoccertravel.com,+249 2 6543 321,https://www.sudansoccertravel.com
519,Madagascar Soccer Travel,"Madagascar club logistics, CAF qualifiers, Youth player scouting","Madagascar Premier League clubs, Madagascar national team, FIFA scouts","Madagascar, Indian Ocean, Africa","Hotels, Airlines, Soccer training academies",info@madagascarsoccertravel.com,+261 2 6543 321,https://www.madagascarsoccertravel.com
520,Central African Republic Soccer Travel,"Central African Republic club logistics, CAF regional tournaments, Youth player scouting","CAF national team, Central African Republic Premier League clubs, FIFA scouts","Central African Republic, Africa","Hotels, Airlines, Soccer training academies",info@car-soccertravel.com,+236 2 6543 321,https://www.car-soccertravel.com
521,Gambia Soccer Travel,"Gambia club logistics, CAF Champions League, Youth player scouting","Gambia national team, Real de Banjul FC, Wallidan FC, FIFA scouts","Gambia, West Africa, Africa","Hotels, Airlines, Soccer training academies",info@gambiasoccertravel.com,+220 2 6543 321,https://www.gambiasoccertravel.com
522,Guinea-Bissau Soccer Travel,"Guinea-Bissau club logistics, CAF regional tournaments, Youth soccer scouting","Guinea-Bissau national team, Sport Bissau e Benfica, FIFA scouts","Guinea-Bissau, West Africa, Africa","Hotels, Airlines, Soccer training academies",info@guineabissausoccertravel.com,+245 2 6543 321,https://www.guineabissausoccertravel.com
523,Tanzania Elite Soccer Travel,"Tanzania club logistics, CAF Champions League, Youth player scouting","Tanzanian national team, Simba SC, Young Africans SC, FIFA scouts","Tanzania, East Africa, Africa","Hotels, Airlines, Soccer training academies",info@tanzaniasoccertravel.com,+255 2 6543 321,https://www.tanzaniasoccertravel.com
524,Rwanda Soccer Travel,"Rwanda club logistics, CAF qualifiers, Youth player scouting","Rwanda national team, APR FC, Rayon Sports, FIFA scouts","Rwanda, East Africa, Africa","Hotels, Airlines, Soccer training academies",info@rwandasoccertravel.com,+250 2 6543 321,https://www.rwandasoccertravel.com
525,Botswana Soccer Travel,"Botswana club logistics, CAF Champions League, Youth player scouting","Botswana national team, Township Rollers FC, Gaborone United, FIFA scouts","Botswana, Southern Africa, Africa","Hotels, Airlines, Soccer training academies",info@botswanasoccertravel.com,+267 2 6543 321,https://www.botswanasoccertravel.com
526,Burkina Faso Soccer Travel,"Burkina Faso club logistics, CAF regional tournaments, Youth player scouting","Burkina Faso national team, ASFA Yennenga, Salitas FC, FIFA scouts","Burkina Faso, West Africa, Africa","Hotels, Airlines, Soccer training academies",info@burkinafasosoccertravel.com,+226 2 6543 321,https://www.burkinafasosoccertravel.com
527,Zambia Soccer Travel,"Zambia club logistics, CAF Champions League, Youth player scouting","Zambian national team, ZESCO United, Nkana FC, FIFA scouts","Zambia, Southern Africa, Africa","Hotels, Airlines, Soccer training academies",info@zambiasoccertravel.com,+260 2 6543 321,https://www.zambiasoccertravel.com
528,Cape Verde Soccer Travel,"Cape Verde club logistics, CAF regional tournaments, Youth player scouting","Cape Verde national team, Académica do Mindelo, FIFA scouts","Cape Verde, West Africa, Africa","Hotels, Airlines, Soccer training academies",info@capeverdesoccertravel.com,+238 2 6543 321,https://www.capeverdesoccertravel.com
529,Malawi Soccer Travel,"Malawi club logistics, CAF qualifiers, Youth player scouting","Malawi national team, Big Bullets FC, Silver Strikers FC, FIFA scouts","Malawi, Southern Africa, Africa","Hotels, Airlines, Soccer training academies",info@malawisoccertravel.com,+265 2 6543 321,https://www.malawisoccertravel.com
530,Djibouti Soccer Travel,"Djibouti club logistics, CAF regional tournaments, Youth soccer scouting","Djibouti national team, FIFA scouts","Djibouti, East Africa, Africa","Hotels, Airlines, Soccer training academies",info@djiboutisoccertravel.com,+253 2 6543 321,https://www.djiboutisoccertravel.com
531,Sudan Premier Soccer Travel,"Sudan club logistics, CAF Champions League, Youth player scouting","Al Hilal Omdurman, Al-Merrikh SC, Sudanese national team, FIFA scouts","Sudan, North Africa, Africa","Hotels, Airlines, Soccer training academies",info@sudansoccertravel.com,+249 2 6543 321,https://www.sudansoccertravel.com
532,Mauritania Elite Soccer Travel,"Mauritania club logistics, CAF qualifiers, Youth soccer scouting","FC Nouadhibou, Mauritanian national team, FIFA scouts","Mauritania, West Africa, Africa","Hotels, Airlines, Soccer training academies",info@mauritaniasoccertravel.com,+222 2 6543 321,https://www.mauritaniasoccertravel.com
533,Madagascar Soccer Travel,"Madagascar club logistics, CAF qualifiers, Youth player scouting","Fosa Juniors FC, Malagasy national team, FIFA scouts","Madagascar, Indian Ocean, Africa","Hotels, Airlines, Soccer training academies",info@madagascarsoccertravel.com,+261 2 6543 321,https://www.madagascarsoccertravel.com
534,Ethiopia Soccer Travel,"Ethiopia club logistics, CECAFA tournaments, Youth soccer scouting","Ethiopian Coffee SC, St. George FC, Ethiopian national team, FIFA scouts","Ethiopia, East Africa, Africa","Hotels, Airlines, Soccer training academies",info@ethiopiasoccertravel.com,+251 2 6543 321,https://www.ethiopiasoccertravel.com
535,Mozambique Soccer Travel,"Mozambique club logistics, CAF Champions League, Youth player scouting","UD Songo, Costa do Sol, Mozambique national team, FIFA scouts","Mozambique, Southern Africa, Africa","Hotels, Airlines, Soccer training academies",info@mozambiquesoccertravel.com,+258 2 6543 321,https://www.mozambiquesoccertravel.com
536,Somalia Soccer Travel,"Somalia club logistics, CAF qualifiers, Youth soccer scouting","Horseed FC, Somalia national team, FIFA scouts","Somalia, East Africa, Africa","Hotels, Airlines, Soccer training academies",info@somaliasoccertravel.com,+252 2 6543 321,https://www.somaliasoccertravel.com
537,South Sudan Soccer Travel,"South Sudan club logistics, CAF regional tournaments, Youth player scouting","Al-Salam Wau, South Sudan national team, FIFA scouts","South Sudan, East Africa, Africa","Hotels, Airlines, Soccer training academies",info@southsudansoccertravel.com,+211 2 6543 321,https://www.southsudansoccertravel.com
538,Sierra Leone Soccer Travel,"Sierra Leone club logistics, CAF regional tournaments, Youth player scouting","East End Lions FC, Sierra Leone national team, FIFA scouts","Sierra Leone, West Africa, Africa","Hotels, Airlines, Soccer training academies",info@sierraleonesoccertravel.com,+232 2 6543 321,https://www.sierraleonesoccertravel.com
539,Liberia Soccer Travel,"Liberia club logistics, CAF Champions League, Youth player scouting","LPRC Oilers, Liberian national team, FIFA scouts","Liberia, West Africa, Africa","Hotels, Airlines, Soccer training academies",info@liberiasoccertravel.com,+231 2 6543 321,https://www.liberiasoccertravel.com
540,Cape Verde Soccer Travel,"Cape Verde club logistics, CAF regional tournaments, Youth player scouting","Academica do Mindelo, Cape Verde national team, FIFA scouts","Cape Verde, West Africa, Africa","Hotels, Airlines, Soccer training academies",info@capeverdesoccertravel.com,+238 2 6543 321,https://www.capeverdesoccertravel.com
541,Comoros Soccer Travel,"Comoros club logistics, CAF qualifiers, Youth player scouting","Comoros national team, Volcan Club, FIFA scouts","Comoros, Indian Ocean, Africa","Hotels, Airlines, Soccer training academies",info@comorossoccertravel.com,+269 2 6543 321,https://www.comorossoccertravel.com
542,Djibouti Soccer Travel,"Djibouti club logistics, CAF regional tournaments, Youth player scouting","Djibouti national team, AS Arta Solar 7, FIFA scouts","Djibouti, East Africa, Africa","Hotels, Airlines, Soccer training academies",info@djiboutisoccertravel.com,+253 2 6543 321,https://www.djiboutisoccertravel.com
543,Togo Soccer Travel,"Togo club logistics, CAF Champions League, Youth player scouting","Togolese national team, ASKO de Kara, FIFA scouts","Togo, West Africa, Africa","Hotels, Airlines, Soccer training academies",info@togosoccertravel.com,+228 2 6543 321,https://www.togosoccertravel.com
544,Guinea Soccer Travel,"Guinea club logistics, CAF Champions League, Youth player scouting","Guinean national team, Horoya AC, FIFA scouts","Guinea, West Africa, Africa","Hotels, Airlines, Soccer training academies",info@guineasoccertravel.com,+224 2 6543 321,https://www.guineasoccertravel.com
545,Benin Soccer Travel,"Benin club logistics, CAF qualifiers, Youth soccer scouting","Beninese national team, Buffles du Borgou FC, FIFA scouts","Benin, West Africa, Africa","Hotels, Airlines, Soccer training academies",info@beninsoccertravel.com,+229 2 6543 321,https://www.beninsoccertravel.com
546,Equatorial Guinea Soccer Travel,"Equatorial Guinea club logistics, CAF regional tournaments, Youth player scouting","Equatorial Guinea national team, Deportivo Mongomo, FIFA scouts","Equatorial Guinea, Central Africa, Africa","Hotels, Airlines, Soccer training academies",info@equatorialguineasoccertravel.com,+240 2 6543 321,https://www.equatorialguineasoccertravel.com
547,Lesotho Soccer Travel,"Lesotho club logistics, CAF qualifiers, Youth player scouting","Lesotho national team, Bantu FC, FIFA scouts","Lesotho, Southern Africa, Africa","Hotels, Airlines, Soccer training academies",info@lesothosoccertravel.com,+266 2 6543 321,https://www.lesothosoccertravel.com
548,Seychelles Soccer Travel,"Seychelles club logistics, CAF qualifiers, Youth soccer scouting","Seychelles national team, Saint Michel United FC, FIFA scouts","Seychelles, Indian Ocean, Africa","Hotels, Airlines, Soccer training academies",info@seychellessoccertravel.com,+248 2 6543 321,https://www.seychellessoccertravel.com
549,Mauritius Soccer Travel,"Mauritius club logistics, CAF regional tournaments, Youth player scouting","Mauritius national team, AS Port-Louis 2000, FIFA scouts","Mauritius, Indian Ocean, Africa","Hotels, Airlines, Soccer training academies",info@mauritiussoccertravel.com,+230 2 6543 321,https://www.mauritiussoccertravel.com
550,Zanzibar Soccer Travel,"Zanzibar club logistics, CECAFA tournaments, Youth soccer scouting","Zanzibar national team, Zanzibar Premier League clubs, FIFA scouts","Zanzibar, East Africa, Africa","Hotels, Airlines, Soccer training academies",info@zanzibarsoccertravel.com,+255 2 6543 321,https://www.zanzibarsoccertravel.com
551,Burundi Soccer Travel,"Burundi club logistics, CAF qualifiers, Youth player scouting","Burundi national team, Vital'O FC, FIFA scouts","Burundi, East Africa, Africa","Hotels, Airlines, Soccer training academies",info@burundisoccertravel.com,+257 2 6543 321,https://www.burundisoccertravel.com
552,Gabon Soccer Travel,"Gabon club logistics, CAF Champions League, Youth player scouting","Gabonese national team, CF Mounana, FIFA scouts","Gabon, Central Africa, Africa","Hotels, Airlines, Soccer training academies",info@gabonsoccertravel.com,+241 2 6543 321,https://www.gabonsoccertravel.com
553,Chad Soccer Travel,"Chad club logistics, CAF regional tournaments, Youth player scouting","Chad national team, Elect-Sport FC, FIFA scouts","Chad, Central Africa, Africa","Hotels, Airlines, Soccer training academies",info@chadsoccertravel.com,+235 2 6543 321,https://www.chadsoccertravel.com
554,Niger Soccer Travel,"Niger club logistics, CAF qualifiers, Youth player scouting","Niger national team, ASN Nigelec, FIFA scouts","Niger, West Africa, Africa","Hotels, Airlines, Soccer training academies",info@nigersoccertravel.com,+227 2 6543 321,https://www.nigersoccertravel.com
555,Tanzania Soccer Travel,"Tanzania club logistics, CAF Champions League, Youth player scouting","Tanzania national team, Azam FC, FIFA scouts","Tanzania, East Africa, Africa","Hotels, Airlines, Soccer training academies",info@tanzaniasoccertravel.com,+255 2 6543 321,https://www.tanzaniasoccertravel.com
556,Rwanda Elite Soccer Travel,"Rwanda club logistics, CAF Champions League, Youth soccer scouting","Rwanda national team, AS Kigali, FIFA scouts","Rwanda, East Africa, Africa","Hotels, Airlines, Soccer training academies",info@rwandasoccertravel.com,+250 2 6543 321,https://www.rwandasoccertravel.com
557,Gambia Soccer Travel,"Gambia club logistics, CAF Champions League, Youth player scouting","Gambia national team, Gamtel FC, FIFA scouts","Gambia, West Africa, Africa","Hotels, Airlines, Soccer training academies",info@gambiasoccertravel.com,+220 2 6543 321,https://www.gambiasoccertravel.com
558,Liberia Soccer Travel,"Liberia club logistics, CAF Champions League, Youth player scouting","Liberia national team, Nimba United, FIFA scouts","Liberia, West Africa, Africa","Hotels, Airlines, Soccer training academies",info@liberiasoccertravel.com,+231 2 6543 321,https://www.liberiasoccertravel.com
559,Malawi Soccer Travel,"Malawi club logistics, CAF qualifiers, Youth player scouting","Malawi national team, Blue Eagles FC, FIFA scouts","Malawi, Southern Africa, Africa","Hotels, Airlines, Soccer training academies",info@malawisoccertravel.com,+265 2 6543 321,https://www.malawisoccertravel.com
560,South Sudan Soccer Travel,"South Sudan club logistics, CAF regional tournaments, Youth player scouting","South Sudan national team, Munuki FC, FIFA scouts","South Sudan, East Africa, Africa","Hotels, Airlines, Soccer training academies",info@southsudansoccertravel.com,+211 2 6543 321,https://www.southsudansoccertravel.com
561,São Tomé Soccer Travel,"São Tomé club logistics, CAF qualifiers, Youth player scouting","São Tomé national team, Sporting Praia Cruz, FIFA scouts","São Tomé and Príncipe, Central Africa, Africa","Hotels, Airlines, Soccer training academies",info@saotomesoccertravel.com,+239 2 6543 321,https://www.saotomesoccertravel.com
562,Eswatini Soccer Travel,"Eswatini club logistics, CAF qualifiers, Youth soccer scouting","Eswatini national team, Mbabane Swallows FC, FIFA scouts","Eswatini (Swaziland), Southern Africa, Africa","Hotels, Airlines, Soccer training academies",info@eswatinisoccertravel.com,+268 2 6543 321,https://www.eswatinisoccertravel.com
563,Mozambique Soccer Travel,"Mozambique club logistics, CAF Champions League, Youth player scouting","Mozambique national team, Ferroviário de Maputo, FIFA scouts","Mozambique, Southern Africa, Africa","Hotels, Airlines, Soccer training academies",info@mozambiquesoccertravel.com,+258 2 6543 321,https://www.mozambiquesoccertravel.com
564,Mauritius Soccer Travel,"Mauritius club logistics, CAF regional tournaments, Youth player scouting","Mauritius national team, ASPL 2000, FIFA scouts","Mauritius, Indian Ocean, Africa","Hotels, Airlines, Soccer training academies",info@mauritiussoccertravel.com,+230 2 6543 321,https://www.mauritiussoccertravel.com
565,Reunion Soccer Travel,"Reunion club logistics, CAF regional tournaments, Youth soccer scouting","Reunion national team, JS Saint-Pierroise, FIFA scouts","Reunion, Indian Ocean, Africa","Hotels, Airlines, Soccer training academies",info@reunionsoccertravel.com,+262 2 6543 321,https://www.reunionsoccertravel.com
566,Malawi Soccer Travel,"Malawi club logistics, CAF qualifiers, Youth player scouting","Malawi national team, Silver Strikers FC, FIFA scouts","Malawi, Southern Africa, Africa","Hotels, Airlines, Soccer training academies",info@malawisoccertravel.com,+265 2 6543 321,https://www.malawisoccertravel.com
567,Zambia Soccer Travel,"Zambia club logistics, CAF Champions League, Youth player scouting","Zambia national team, Power Dynamos FC, FIFA scouts","Zambia, Southern Africa, Africa","Hotels, Airlines, Soccer training academies",info@zambiasoccertravel.com,+260 2 6543 321,https://www.zambiasoccertravel.com
568,Eritrea Soccer Travel,"Eritrea club logistics, CAF qualifiers, Youth soccer scouting","Eritrea national team, Red Sea FC, FIFA scouts","Eritrea, East Africa, Africa","Hotels, Airlines, Soccer training academies",info@eritreasoccertravel.com,+291 2 6543 321,https://www.eritreasoccertravel.com
569,Botswana Soccer Travel,"Botswana club logistics, CAF Champions League, Youth player scouting","Botswana national team, Jwaneng Galaxy FC, FIFA scouts","Botswana, Southern Africa, Africa","Hotels, Airlines, Soccer training academies",info@botswanasoccertravel.com,+267 2 6543 321,https://www.botswanasoccertravel.com
570,Angola Soccer Travel,"Angola club logistics, CAF Champions League, Youth player scouting","Angola national team, Petro de Luanda, FIFA scouts","Angola, Southern Africa, Africa","Hotels, Airlines, Soccer training academies",info@angolasoccertravel.com,+244 2 6543 321,https://www.angolasoccertravel.com
571,Central African Republic Soccer Travel,"Central African Republic club logistics, CAF regional tournaments, Youth player scouting","CAF national team, Tempête Mocaf, FIFA scouts","Central African Republic, Central Africa, Africa","Hotels, Airlines, Soccer training academies",info@car-soccertravel.com,+236 2 6543 321,https://www.car-soccertravel.com
572,Burkina Faso Soccer Travel,"Burkina Faso club logistics, CAF Champions League, Youth player scouting","Burkina Faso national team, ASFA Yennenga, FIFA scouts","Burkina Faso, West Africa, Africa","Hotels, Airlines, Soccer training academies",info@burkinafasosoccertravel.com,+226 2 6543 321,https://www.burkinafasosoccertravel.com
573,Chad Soccer Travel,"Chad club logistics, CAF qualifiers, Youth soccer scouting","Chad national team, Renaissance FC, FIFA scouts","Chad, Central Africa, Africa","Hotels, Airlines, Soccer training academies",info@chadsoccertravel.com,+235 2 6543 321,https://www.chadsoccertravel.com
574,Sierra Leone Soccer Travel,"Sierra Leone club logistics, CAF Champions League, Youth player scouting","Sierra Leone national team, FC Kallon, FIFA scouts","Sierra Leone, West Africa, Africa","Hotels, Airlines, Soccer training academies",info@sierraleonesoccertravel.com,+232 2 6543 321,https://www.sierraleonesoccertravel.com
575,Gabon Soccer Travel,"Gabon club logistics, CAF Champions League, Youth player scouting","Gabon national team, Mangasport FC, FIFA scouts","Gabon, Central Africa, Africa","Hotels, Airlines, Soccer training academies",info@gabonsoccertravel.com,+241 2 6543 321,https://www.gabonsoccertravel.com
576,Niger Soccer Travel,"Niger club logistics, CAF qualifiers, Youth soccer scouting","Niger national team, AS SONIDEP, FIFA scouts","Niger, West Africa, Africa","Hotels, Airlines, Soccer training academies",info@nigersoccertravel.com,+227 2 6543 321,https://www.nigersoccertravel.com
577,Togo Soccer Travel,"Togo club logistics, CAF Champions League, Youth player scouting","Togo national team, AC Semassi FC, FIFA scouts","Togo, West Africa, Africa","Hotels, Airlines, Soccer training academies",info@togosoccertravel.com,+228 2 6543 321,https://www.togosoccertravel.com
578,Equatorial Guinea Soccer Travel,"Equatorial Guinea club logistics, CAF Champions League, Youth player scouting","Equatorial Guinea national team, Futuro Kings FC, FIFA scouts","Equatorial Guinea, Central Africa, Africa","Hotels, Airlines, Soccer training academies",info@equatorialguineasoccertravel.com,+240 2 6543 321,https://www.equatorialguineasoccertravel.com
579,Cape Verde Soccer Travel,"Cape Verde club logistics, CAF Champions League, Youth player scouting","Cape Verde national team, Mindelense FC, FIFA scouts","Cape Verde, West Africa, Africa","Hotels, Airlines, Soccer training academies",info@capeverdesoccertravel.com,+238 2 6543 321,https://www.capeverdesoccertravel.com
580,Lesotho Soccer Travel,"Lesotho club logistics, CAF qualifiers, Youth player scouting","Lesotho national team, Lesotho Correctional Services FC, FIFA scouts","Lesotho, Southern Africa, Africa","Hotels, Airlines, Soccer training academies",info@lesothosoccertravel.com,+266 2 6543 321,https://www.lesothosoccertravel.com
581,Benin Soccer Travel,"Benin club logistics, CAF qualifiers, Youth soccer scouting","Benin national team, Dragons de l'Ouémé, FIFA scouts","Benin, West Africa, Africa","Hotels, Airlines, Soccer training academies",info@beninsoccertravel.com,+229 2 6543 321,https://www.beninsoccertravel.com
582,Zanzibar Soccer Travel,"Zanzibar club logistics, CECAFA tournaments, Youth soccer scouting","Zanzibar national team, KMKM SC, FIFA scouts","Zanzibar, East Africa, Africa","Hotels, Airlines, Soccer training academies",info@zanzibarsoccertravel.com,+255 2 6543 321,https://www.zanzibarsoccertravel.com
583,Burundi Soccer Travel,"Burundi club logistics, CAF qualifiers, Youth player scouting","Burundi national team, Musongati FC, FIFA scouts","Burundi, East Africa, Africa","Hotels, Airlines, Soccer training academies",info@burundisoccertravel.com,+257 2 6543 321,https://www.burundisoccertravel.com
584,Djibouti Soccer Travel,"Djibouti club logistics, CAF regional tournaments, Youth soccer scouting","Djibouti national team, AS Port, FIFA scouts","Djibouti, East Africa, Africa","Hotels, Airlines, Soccer training academies",info@djiboutisoccertravel.com,+253 2 6543 321,https://www.djiboutisoccertravel.com
585,Comoros Soccer Travel,"Comoros club logistics, CAF qualifiers, Youth player scouting","Comoros national team, Fomboni FC, FIFA scouts","Comoros, Indian Ocean, Africa","Hotels, Airlines, Soccer training academies",info@comorossoccertravel.com,+269 2 6543 321,https://www.comorossoccertravel.com
586,Mauritania Soccer Travel,"Mauritania club logistics, CAF qualifiers, Youth soccer scouting","Mauritania national team, FC Tevragh-Zeina, FIFA scouts","Mauritania, West Africa, Africa","Hotels, Airlines, Soccer training academies",info@mauritaniasoccertravel.com,+222 2 6543 321,https://www.mauritaniasoccertravel.com
587,Mozambique Soccer Travel,"Mozambique club logistics, CAF Champions League, Youth player scouting","Mozambique national team, Liga Desportiva de Maputo, FIFA scouts","Mozambique, Southern Africa, Africa","Hotels, Airlines, Soccer training academies",info@mozambiquesoccertravel.com,+258 2 6543 321,https://www.mozambiquesoccertravel.com
588,Liberia Soccer Travel,"Liberia club logistics, CAF Champions League, Youth player scouting","Liberia national team, Barrack Young Controllers FC, FIFA scouts","Liberia, West Africa, Africa","Hotels, Airlines, Soccer training academies",info@liberiasoccertravel.com,+231 2 6543 321,https://www.liberiasoccertravel.com
589,Malawi Soccer Travel,"Malawi club logistics, CAF qualifiers, Youth player scouting","Malawi national team, Karonga United, FIFA scouts","Malawi, Southern Africa, Africa","Hotels, Airlines, Soccer training academies",info@malawisoccertravel.com,+265 2 6543 321,https://www.malawisoccertravel.com
590,South Sudan Soccer Travel,"South Sudan club logistics, CAF regional tournaments, Youth player scouting","South Sudan national team, Kator FC, FIFA scouts","South Sudan, East Africa, Africa","Hotels, Airlines, Soccer training academies",info@southsudansoccertravel.com,+211 2 6543 321,https://www.southsudansoccertravel.com
591,São Tomé Soccer Travel,"São Tomé club logistics, CAF qualifiers, Youth player scouting","São Tomé national team, UDRA São Tomé, FIFA scouts","São Tomé and Príncipe, Central Africa, Africa","Hotels, Airlines, Soccer training academies",info@saotomesoccertravel.com,+239 2 6543 321,https://www.saotomesoccertravel.com
592,Seychelles Soccer Travel,"Seychelles club logistics, CAF qualifiers, Youth soccer scouting","Seychelles national team, Côte d’Or FC, FIFA scouts","Seychelles, Indian Ocean, Africa","Hotels, Airlines, Soccer training academies",info@seychellessoccertravel.com,+248 2 6543 321,https://www.seychellessoccertravel.com
593,Gambia Soccer Travel,"Gambia club logistics, CAF Champions League, Youth player scouting","Gambia national team, Brikama United, FIFA scouts","Gambia, West Africa, Africa","Hotels, Airlines, Soccer training academies",info@gambiasoccertravel.com,+220 2 6543 321,https://www.gambiasoccertravel.com
594,Rwanda Soccer Travel,"Rwanda club logistics, CAF Champions League, Youth soccer scouting","Rwanda national team, Police FC, FIFA scouts","Rwanda, East Africa, Africa","Hotels, Airlines, Soccer training academies",info@rwandasoccertravel.com,+250 2 6543 321,https://www.rwandasoccertravel.com
595,Botswana Soccer Travel,"Botswana club logistics, CAF Champions League, Youth player scouting","Botswana national team, Orapa United FC, FIFA scouts","Botswana, Southern Africa, Africa","Hotels, Airlines, Soccer training academies",info@botswanasoccertravel.com,+267 2 6543 321,https://www.botswanasoccertravel.com
596,Ethiopia Soccer Travel,"Ethiopia club logistics, CECAFA tournaments, Youth soccer scouting","Ethiopia national team, Bahir Dar Kenema FC, FIFA scouts","Ethiopia, East Africa, Africa","Hotels, Airlines, Soccer training academies",info@ethiopiasoccertravel.com,+251 2 6543 321,https://www.ethiopiasoccertravel.com
597,Madagascar Soccer Travel,"Madagascar club logistics, CAF qualifiers, Youth player scouting","Madagascar national team, AS Adema, FIFA scouts","Madagascar, Indian Ocean, Africa","Hotels, Airlines, Soccer training academies",info@madagascarsoccertravel.com,+261 2 6543 321,https://www.madagascarsoccertravel.com
598,Namibia Soccer Travel,"Namibia club logistics, CAF Champions League, Youth player scouting","Namibia national team, Tura Magic FC, FIFA scouts","Namibia, Southern Africa, Africa","Hotels, Airlines, Soccer training academies",info@namibiasoccertravel.com,+264 2 6543 321,https://www.namibiasoccertravel.com
599,Eswatini Soccer Travel,"Eswatini club logistics, CAF qualifiers, Youth soccer scouting","Eswatini national team, Manzini Wanderers FC, FIFA scouts","Eswatini (Swaziland), Southern Africa, Africa","Hotels, Airlines, Soccer training academies",info@eswatinisoccertravel.com,+268 2 6543 321,https://www.eswatinisoccertravel.com
600,Sudan Soccer Travel,"Sudan club logistics, CAF Champions League, Youth player scouting","Sudan national team, Al-Merrikh SC, FIFA scouts","Sudan, North Africa, Africa","Hotels, Airlines, Soccer training academies",info@sudansoccertravel.com,+249 2 6543 321,https://www.sudansoccertravel.com
