id,ranking,club name,country,league,stadium,formation_preference,playing_style,market_budget,salary_budget,transfer_history,avg_transfer_fee_paid,avg_contract_length,verified_status,recruitment_priority,scouting_focus,profile_rating,sponsorship_deals,social_media_links
C-1,265,1o de Agosto,Angola,Girabola,Estadio 11 de Novembro,'3-4-2-1',North African Technical,3634855000.0,1453942000.0,"{""last_5_transfers"": [{""year"": 2021, ""player"": ""Player_309"", ""fee"": 1748933.16, ""type"": ""Out""}, {""year"": 2021, ""player"": ""Player_94"", ""fee"": 2891704.44, ""type"": ""In""}, {""year"": 2021, ""player"": ""Player_439"", ""fee"": 977711.08, ""type"": ""In""}, {""year"": 2021, ""player"": ""Player_149"", ""fee"": 458770.78, ""type"": ""Out""}, {""year"": 2024, ""player"": ""Player_560"", ""fee"": 2074298.52, ""type"": ""In""}], ""total_spend"": 9175798.51, ""total_income"": 7954560.36}",523560.5389799951,3 years,True,Academy graduates,Asian market,5.87,"{""kit_sponsor"": ""Adidas"", ""main_sponsor"": ""Soci\u00e9t\u00e9 G\u00e9n\u00e9rale"", ""value"": ""925415 TND"", ""duration"": ""3 years""}","{""facebook"": ""facebook.com/club_5989"", ""twitter"": ""twitter.com/club_7549"", ""instagram"": ""instagram.com/club_1407""}"
C-2,2530,1o de Maio,Angola,Segunda Divisao,Estadio 11 de Novembro,'4-5-1',High Press,954001000.0,381600400.0,"{""last_5_transfers"": [{""year"": 2020, ""player"": ""Player_7"", ""fee"": 1049510.97, ""type"": ""In""}, {""year"": 2024, ""player"": ""Player_197"", ""fee"": 4780988.69, ""type"": ""In""}, {""year"": 2020, ""player"": ""Player_4"", ""fee"": 3102302.79, ""type"": ""Out""}, {""year"": 2022, ""player"": ""Player_628"", ""fee"": 2086626.88, ""type"": ""In""}, {""year"": 2020, ""player"": ""Player_500"", ""fee"": 2242347.41, ""type"": ""In""}], ""total_spend"": 8875047.5, ""total_income"": 6045470.91}",269316.3820510474,2 years,True,Young prospects,African talents,7.82,"{""kit_sponsor"": ""Umbro"", ""main_sponsor"": ""Al Baraka Bank"", ""value"": ""702286 TND"", ""duration"": ""1 years""}","{""facebook"": ""facebook.com/club_8015"", ""twitter"": ""twitter.com/club_7504"", ""instagram"": ""instagram.com/club_9509""}"
C-3,945,Abia Warriors,Nigeria,Nigeria Professional Football League,Moshood Abiola National Stadium,'3-6-1',Tiki-Taka Adaptation,1161430000.0,464572000.0,"{""last_5_transfers"": [{""year"": 2019, ""player"": ""Player_159"", ""fee"": 4292979.22, ""type"": ""Out""}, {""year"": 2020, ""player"": ""Player_53"", ""fee"": 2875249.88, ""type"": ""Out""}, {""year"": 2019, ""player"": ""Player_640"", ""fee"": 2955442.42, ""type"": ""In""}, {""year"": 2020, ""player"": ""Player_309"", ""fee"": 1317351.43, ""type"": ""In""}, {""year"": 2020, ""player"": ""Player_730"", ""fee"": 2427933.87, ""type"": ""Out""}], ""total_spend"": 7673106.81, ""total_income"": 7874161.44}",184675.71871255364,2 years,False,International players,Local academy,7.39,"{""kit_sponsor"": ""Macron"", ""main_sponsor"": ""Tunisie Telecom"", ""value"": ""324602 TND"", ""duration"": ""4 years""}","{""facebook"": ""facebook.com/club_2626"", ""twitter"": ""twitter.com/club_9073"", ""instagram"": ""instagram.com/club_5595""}"
C-4,2267,AC Mamahira,Mali,Malian Premiere Division,Stade 26 Mars,'3-5-1-1',Defensive Structure,412650000.0,165060000.0,"{""last_5_transfers"": [{""year"": 2024, ""player"": ""Player_682"", ""fee"": 4873421.42, ""type"": ""Out""}, {""year"": 2019, ""player"": ""Player_631"", ""fee"": 4569242.79, ""type"": ""Out""}, {""year"": 2019, ""player"": ""Player_189"", ""fee"": 4284704.64, ""type"": ""Out""}, {""year"": 2021, ""player"": ""Player_95"", ""fee"": 1553401.2, ""type"": ""Out""}, {""year"": 2023, ""player"": ""Player_739"", ""fee"": 1868172.69, ""type"": ""Out""}], ""total_spend"": 9557632.0, ""total_income"": 4553198.72}",307666.3741210743,4 years,False,Local talent,European market,0.47,"{""kit_sponsor"": ""Hummel"", ""main_sponsor"": ""Vitalait"", ""value"": ""602836 TND"", ""duration"": ""5 years""}","{""facebook"": ""facebook.com/club_5262"", ""twitter"": ""twitter.com/club_2037"", ""instagram"": ""instagram.com/club_6131""}"
C-5,1128,Academia F. Amadou Diallo,Ivory Coast,Ligue 2,Stade Olympique Alassane Ouattara,'3-3-3-1',Tiki-Taka Adaptation,2912799000.0,1165119600.0,"{""last_5_transfers"": [{""year"": 2020, ""player"": ""Player_967"", ""fee"": 3128669.2, ""type"": ""Out""}, {""year"": 2024, ""player"": ""Player_531"", ""fee"": 3931128.55, ""type"": ""In""}, {""year"": 2024, ""player"": ""Player_401"", ""fee"": 4604841.05, ""type"": ""Out""}, {""year"": 2023, ""player"": ""Player_933"", ""fee"": 901610.67, ""type"": ""In""}, {""year"": 2021, ""player"": ""Player_871"", ""fee"": 1451505.23, ""type"": ""Out""}], ""total_spend"": 1644849.9, ""total_income"": 2115816.53}",699152.8218712634,2 years,False,Proven professionals,Local academy,8.85,"{""kit_sponsor"": ""Kappa"", ""main_sponsor"": ""Samsung"", ""value"": ""504225 TND"", ""duration"": ""4 years""}","{""facebook"": ""facebook.com/club_4578"", ""twitter"": ""twitter.com/club_2497"", ""instagram"": ""instagram.com/club_3260""}"
C-6,1774,Academica do Soyo,Angola,Segunda Divisao,Estadio 11 de Novembro,'5-4-1',Total Football,3055183000.0,1222073200.0,"{""last_5_transfers"": [{""year"": 2023, ""player"": ""Player_825"", ""fee"": 4577264.64, ""type"": ""In""}, {""year"": 2024, ""player"": ""Player_267"", ""fee"": 2603489.7, ""type"": ""In""}, {""year"": 2024, ""player"": ""Player_819"", ""fee"": 1220479.21, ""type"": ""In""}, {""year"": 2019, ""player"": ""Player_21"", ""fee"": 4429456.6, ""type"": ""Out""}, {""year"": 2020, ""player"": ""Player_998"", ""fee"": 938483.71, ""type"": ""Out""}], ""total_spend"": 3259722.78, ""total_income"": 4372127.23}",217031.8627567824,2 years,False,Academy graduates,African talents,2.31,"{""kit_sponsor"": ""New Balance"", ""main_sponsor"": ""Turkish Airlines"", ""value"": ""110845 TND"", ""duration"": ""5 years""}","{""facebook"": ""facebook.com/club_9446"", ""twitter"": ""twitter.com/club_4870"", ""instagram"": ""instagram.com/club_3542""}"
C-7,1963,Academica Lobito,Angola,Segunda Divisao,Estadio 11 de Novembro,'3-5-2',Quick Counter-attacks,2048498000.0,819399200.0,"{""last_5_transfers"": [{""year"": 2024, ""player"": ""Player_213"", ""fee"": 1829333.05, ""type"": ""Out""}, {""year"": 2023, ""player"": ""Player_451"", ""fee"": 3723654.13, ""type"": ""Out""}, {""year"": 2023, ""player"": ""Player_544"", ""fee"": 1295331.04, ""type"": ""Out""}, {""year"": 2022, ""player"": ""Player_64"", ""fee"": 3186519.99, ""type"": ""Out""}, {""year"": 2023, ""player"": ""Player_749"", ""fee"": 4002593.29, ""type"": ""Out""}], ""total_spend"": 6960891.45, ""total_income"": 3725733.46}",859405.8219256887,2 years,True,Local talent,European market,0.63,"{""kit_sponsor"": ""Joma"", ""main_sponsor"": ""Carrefour"", ""value"": ""895305 TND"", ""duration"": ""4 years""}","{""facebook"": ""facebook.com/club_2806"", ""twitter"": ""twitter.com/club_5874"", ""instagram"": ""instagram.com/club_2238""}"
C-8,1591,Accra Great Olympics,Ghana,Ghana Premier League,Baba Yara Stadium,'4-3-1-2',Wing Play,22034000.0,8813600.0,"{""last_5_transfers"": [{""year"": 2020, ""player"": ""Player_75"", ""fee"": 594999.08, ""type"": ""In""}, {""year"": 2023, ""player"": ""Player_687"", ""fee"": 2683451.53, ""type"": ""In""}, {""year"": 2019, ""player"": ""Player_247"", ""fee"": 4462804.37, ""type"": ""In""}, {""year"": 2020, ""player"": ""Player_637"", ""fee"": 645736.02, ""type"": ""Out""}, {""year"": 2019, ""player"": ""Player_56"", ""fee"": 186010.04, ""type"": ""In""}], ""total_spend"": 7191681.86, ""total_income"": 4167626.81}",914553.9648726552,3 years,False,Experienced players,Asian market,9.68,"{""kit_sponsor"": ""Hummel"", ""main_sponsor"": ""Soci\u00e9t\u00e9 G\u00e9n\u00e9rale"", ""value"": ""509417 TND"", ""duration"": ""1 years""}","{""facebook"": ""facebook.com/club_7071"", ""twitter"": ""twitter.com/club_9191"", ""instagram"": ""instagram.com/club_9206""}"
C-9,2070,Accra Lions FC,Ghana,Division One League,Baba Yara Stadium,'5-4-1',Possession-based,18251000.0,7300400.0,"{""last_5_transfers"": [{""year"": 2020, ""player"": ""Player_371"", ""fee"": 2863232.13, ""type"": ""Out""}, {""year"": 2024, ""player"": ""Player_593"", ""fee"": 203983.25, ""type"": ""Out""}, {""year"": 2019, ""player"": ""Player_736"", ""fee"": 4099209.61, ""type"": ""Out""}, {""year"": 2022, ""player"": ""Player_649"", ""fee"": 412900.38, ""type"": ""In""}, {""year"": 2022, ""player"": ""Player_105"", ""fee"": 1264654.25, ""type"": ""Out""}], ""total_spend"": 5517688.41, ""total_income"": 7534107.93}",608155.2895961909,3 years,False,Local talent,South American prospects,7.54,"{""kit_sponsor"": ""Nike"", ""main_sponsor"": ""Mercedes"", ""value"": ""469891 TND"", ""duration"": ""5 years""}","{""facebook"": ""facebook.com/club_9958"", ""twitter"": ""twitter.com/club_8661"", ""instagram"": ""instagram.com/club_8419""}"
C-10,2538,Adamawa United,Nigeria,Nigeria National League,Moshood Abiola National Stadium,'4-3-1-2',Attacking Overload,1280944000.0,512377600.0,"{""last_5_transfers"": [{""year"": 2021, ""player"": ""Player_55"", ""fee"": 210845.87, ""type"": ""Out""}, {""year"": 2024, ""player"": ""Player_456"", ""fee"": 2701469.82, ""type"": ""In""}, {""year"": 2022, ""player"": ""Player_224"", ""fee"": 1957141.41, ""type"": ""In""}, {""year"": 2020, ""player"": ""Player_158"", ""fee"": 4756846.76, ""type"": ""In""}, {""year"": 2024, ""player"": ""Player_959"", ""fee"": 1816155.25, ""type"": ""In""}], ""total_spend"": 5012880.99, ""total_income"": 1186969.99}",696211.1493640003,2 years,False,Academy graduates,African talents,8.58,"{""kit_sponsor"": ""Kappa"", ""main_sponsor"": ""Turkish Airlines"", ""value"": ""525041 TND"", ""duration"": ""4 years""}","{""facebook"": ""facebook.com/club_3565"", ""twitter"": ""twitter.com/club_8300"", ""instagram"": ""instagram.com/club_1959""}"
C-11,929,Aduana Stars,Ghana,Ghana Premier League,Baba Yara Stadium,'4-2-4',Direct Play,27563000.0,11025200.0,"{""last_5_transfers"": [{""year"": 2023, ""player"": ""Player_879"", ""fee"": 2584017.97, ""type"": ""Out""}, {""year"": 2020, ""player"": ""Player_723"", ""fee"": 2472855.79, ""type"": ""In""}, {""year"": 2021, ""player"": ""Player_652"", ""fee"": 2747468.13, ""type"": ""In""}, {""year"": 2021, ""player"": ""Player_716"", ""fee"": 1617733.36, ""type"": ""In""}, {""year"": 2024, ""player"": ""Player_169"", ""fee"": 3620287.81, ""type"": ""In""}], ""total_spend"": 2790891.31, ""total_income"": 1991855.36}",144829.3259135176,3 years,True,Young prospects,Local academy,7.76,"{""kit_sponsor"": ""Le Coq Sportif"", ""main_sponsor"": ""STB Bank"", ""value"": ""206880 TND"", ""duration"": ""5 years""}","{""facebook"": ""facebook.com/club_5741"", ""twitter"": ""twitter.com/club_4594"", ""instagram"": ""instagram.com/club_7484""}"
C-12,2215,Adzope,Ivory Coast,Ligue 1,Stade Olympique Alassane Ouattara,'4-1-4-1',Technical Dribbling,2842547000.0,1137018800.0,"{""last_5_transfers"": [{""year"": 2019, ""player"": ""Player_844"", ""fee"": 3436430.21, ""type"": ""In""}, {""year"": 2019, ""player"": ""Player_574"", ""fee"": 952485.89, ""type"": ""Out""}, {""year"": 2020, ""player"": ""Player_384"", ""fee"": 2368497.03, ""type"": ""Out""}, {""year"": 2024, ""player"": ""Player_276"", ""fee"": 1549546.3, ""type"": ""In""}, {""year"": 2022, ""player"": ""Player_80"", ""fee"": 3803876.12, ""type"": ""Out""}], ""total_spend"": 1188164.77, ""total_income"": 5364581.27}",830885.4383929165,2 years,False,Academy graduates,Young talents,7.01,"{""kit_sponsor"": ""Hummel"", ""main_sponsor"": ""Vitalait"", ""value"": ""248351 TND"", ""duration"": ""4 years""}","{""facebook"": ""facebook.com/club_1604"", ""twitter"": ""twitter.com/club_9011"", ""instagram"": ""instagram.com/club_7393""}"
C-13,1234,Africa Sports National,Ivory Coast,Ligue 1,Stade Olympique Alassane Ouattara,'4-3-3',Attacking Overload,404973000.0,161989200.0,"{""last_5_transfers"": [{""year"": 2019, ""player"": ""Player_22"", ""fee"": 1076816.75, ""type"": ""In""}, {""year"": 2019, ""player"": ""Player_798"", ""fee"": 618309.18, ""type"": ""Out""}, {""year"": 2023, ""player"": ""Player_208"", ""fee"": 2829365.65, ""type"": ""Out""}, {""year"": 2020, ""player"": ""Player_460"", ""fee"": 4130607.93, ""type"": ""Out""}, {""year"": 2024, ""player"": ""Player_32"", ""fee"": 1072710.15, ""type"": ""In""}], ""total_spend"": 2511742.03, ""total_income"": 4366138.76}",660358.7198355163,4 years,True,International players,Asian market,1.71,"{""kit_sponsor"": ""Under Armour"", ""main_sponsor"": ""TotalEnergies"", ""value"": ""158059 TND"", ""duration"": ""3 years""}","{""facebook"": ""facebook.com/club_4929"", ""twitter"": ""twitter.com/club_2310"", ""instagram"": ""instagram.com/club_8980""}"
C-14,1450,Aigle Royal,Cameroon,Elite Two,Olembe Stadium,'3-4-2-1',East African Speed,1847969000.0,739187600.0,"{""last_5_transfers"": [{""year"": 2024, ""player"": ""Player_665"", ""fee"": 926452.52, ""type"": ""In""}, {""year"": 2022, ""player"": ""Player_718"", ""fee"": 2754432.71, ""type"": ""Out""}, {""year"": 2021, ""player"": ""Player_910"", ""fee"": 2613525.29, ""type"": ""Out""}, {""year"": 2019, ""player"": ""Player_999"", ""fee"": 1403520.49, ""type"": ""In""}, {""year"": 2020, ""player"": ""Player_150"", ""fee"": 414159.02, ""type"": ""Out""}], ""total_spend"": 3914172.89, ""total_income"": 7663460.21}",660666.2548415171,2 years,False,International players,Asian market,8.71,"{""kit_sponsor"": ""Joma"", ""main_sponsor"": ""Ooredoo"", ""value"": ""780730 TND"", ""duration"": ""4 years""}","{""facebook"": ""facebook.com/club_9227"", ""twitter"": ""twitter.com/club_2928"", ""instagram"": ""instagram.com/club_5720""}"
C-15,2117,Ain Fakroun,Algeria,Ligue Professionnelle 1,Stade 5 Juillet 1962,'3-5-2',Possession Control,92521000.0,37008400.0,"{""last_5_transfers"": [{""year"": 2023, ""player"": ""Player_155"", ""fee"": 4703232.82, ""type"": ""In""}, {""year"": 2021, ""player"": ""Player_142"", ""fee"": 3291486.24, ""type"": ""Out""}, {""year"": 2023, ""player"": ""Player_781"", ""fee"": 3269005.78, ""type"": ""Out""}, {""year"": 2023, ""player"": ""Player_149"", ""fee"": 3408107.39, ""type"": ""In""}, {""year"": 2021, ""player"": ""Player_803"", ""fee"": 932413.66, ""type"": ""Out""}], ""total_spend"": 3052728.31, ""total_income"": 1313429.24}",610852.4571506106,3 years,False,Young prospects,Young talents,1.03,"{""kit_sponsor"": ""Umbro"", ""main_sponsor"": ""Nike"", ""value"": ""145553 TND"", ""duration"": ""1 years""}","{""facebook"": ""facebook.com/club_3973"", ""twitter"": ""twitter.com/club_9591"", ""instagram"": ""instagram.com/club_2911""}"
C-16,1117,Ajax Cape Town,South Africa,Premier Soccer League,FNB Stadium,'5-2-3',North African Technical,13270000.0,5308000.0,"{""last_5_transfers"": [{""year"": 2024, ""player"": ""Player_771"", ""fee"": 728133.34, ""type"": ""Out""}, {""year"": 2022, ""player"": ""Player_563"", ""fee"": 720290.85, ""type"": ""Out""}, {""year"": 2024, ""player"": ""Player_441"", ""fee"": 2689576.84, ""type"": ""In""}, {""year"": 2024, ""player"": ""Player_818"", ""fee"": 386786.4, ""type"": ""In""}, {""year"": 2020, ""player"": ""Player_236"", ""fee"": 1805787.3, ""type"": ""In""}], ""total_spend"": 3548658.58, ""total_income"": 2240515.81}",238532.31741967343,2 years,False,Local talent,Young talents,5.19,"{""kit_sponsor"": ""Le Coq Sportif"", ""main_sponsor"": ""Magasin G\u00e9n\u00e9ral"", ""value"": ""266758 TND"", ""duration"": ""4 years""}","{""facebook"": ""facebook.com/club_4466"", ""twitter"": ""twitter.com/club_5706"", ""instagram"": ""instagram.com/club_3134""}"
C-17,1843,Akokana,Niger,Niger Premier League,Stade General Seyni Kountche,'4-1-3-2',Possession-based,2191776000.0,876710400.0,"{""last_5_transfers"": [{""year"": 2019, ""player"": ""Player_320"", ""fee"": 3822416.35, ""type"": ""Out""}, {""year"": 2021, ""player"": ""Player_50"", ""fee"": 2801351.23, ""type"": ""In""}, {""year"": 2021, ""player"": ""Player_806"", ""fee"": 3784204.66, ""type"": ""In""}, {""year"": 2024, ""player"": ""Player_31"", ""fee"": 855648.94, ""type"": ""Out""}, {""year"": 2023, ""player"": ""Player_644"", ""fee"": 2016372.75, ""type"": ""Out""}], ""total_spend"": 8460413.74, ""total_income"": 7381574.33}",388378.9858353376,3 years,False,Young prospects,Young talents,1.0,"{""kit_sponsor"": ""Umbro"", ""main_sponsor"": ""Puma"", ""value"": ""243796 TND"", ""duration"": ""4 years""}","{""facebook"": ""facebook.com/club_6546"", ""twitter"": ""twitter.com/club_4915"", ""instagram"": ""instagram.com/club_7580""}"
C-18,1394,Akwa Starlets,Nigeria,Nigeria Professional Football League,Moshood Abiola National Stadium,'3-4-2-1',Total Football,2135288000.0,854115200.0,"{""last_5_transfers"": [{""year"": 2020, ""player"": ""Player_960"", ""fee"": 3842429.39, ""type"": ""In""}, {""year"": 2020, ""player"": ""Player_812"", ""fee"": 2764552.1, ""type"": ""In""}, {""year"": 2020, ""player"": ""Player_93"", ""fee"": 4971355.06, ""type"": ""Out""}, {""year"": 2023, ""player"": ""Player_359"", ""fee"": 3814050.8, ""type"": ""Out""}, {""year"": 2020, ""player"": ""Player_510"", ""fee"": 687683.68, ""type"": ""Out""}], ""total_spend"": 5130253.54, ""total_income"": 5215268.63}",599683.1159213894,4 years,True,Proven professionals,Local academy,0.32,"{""kit_sponsor"": ""New Balance"", ""main_sponsor"": ""TotalEnergies"", ""value"": ""767783 TND"", ""duration"": ""1 years""}","{""facebook"": ""facebook.com/club_1632"", ""twitter"": ""twitter.com/club_5952"", ""instagram"": ""instagram.com/club_6390""}"
C-19,530,Akwa United,Nigeria,Nigeria Professional Football League,Moshood Abiola National Stadium,'3-3-3-1',Total Football,864915000.0,345966000.0,"{""last_5_transfers"": [{""year"": 2022, ""player"": ""Player_418"", ""fee"": 4469875.67, ""type"": ""In""}, {""year"": 2022, ""player"": ""Player_61"", ""fee"": 2500796.21, ""type"": ""Out""}, {""year"": 2023, ""player"": ""Player_857"", ""fee"": 475744.32, ""type"": ""Out""}, {""year"": 2024, ""player"": ""Player_657"", ""fee"": 4699097.08, ""type"": ""Out""}, {""year"": 2022, ""player"": ""Player_222"", ""fee"": 4814881.68, ""type"": ""In""}], ""total_spend"": 5995869.14, ""total_income"": 6936947.61}",552569.8885360854,2 years,True,Academy graduates,African talents,0.17,"{""kit_sponsor"": ""Puma"", ""main_sponsor"": ""D\u00e9lice"", ""value"": ""136700 TND"", ""duration"": ""3 years""}","{""facebook"": ""facebook.com/club_3927"", ""twitter"": ""twitter.com/club_8097"", ""instagram"": ""instagram.com/club_8423""}"
C-20,2015,Al Ahli Khartoum,Sudan,Sudan Premier League,Al Merreikh Stadium,'3-4-2-1',Southern African Mix,2090213000.0,836085200.0,"{""last_5_transfers"": [{""year"": 2024, ""player"": ""Player_291"", ""fee"": 4343651.73, ""type"": ""Out""}, {""year"": 2019, ""player"": ""Player_119"", ""fee"": 907502.16, ""type"": ""In""}, {""year"": 2022, ""player"": ""Player_517"", ""fee"": 1791997.9, ""type"": ""In""}, {""year"": 2022, ""player"": ""Player_524"", ""fee"": 3395873.32, ""type"": ""In""}, {""year"": 2020, ""player"": ""Player_989"", ""fee"": 4485961.31, ""type"": ""In""}], ""total_spend"": 1502537.02, ""total_income"": 5184454.33}",863375.7250902246,3 years,True,Proven professionals,Young talents,9.3,"{""kit_sponsor"": ""Hummel"", ""main_sponsor"": ""BMW"", ""value"": ""217033 TND"", ""duration"": ""4 years""}","{""facebook"": ""facebook.com/club_3780"", ""twitter"": ""twitter.com/club_9141"", ""instagram"": ""instagram.com/club_6318""}"
C-21,1509,Al Ahli Tripoli,Libya,Libyan Premier League,11 June Stadium,'5-2-3',Physical Power Play,7226000.0,2890400.0,"{""last_5_transfers"": [{""year"": 2024, ""player"": ""Player_683"", ""fee"": 4952268.51, ""type"": ""In""}, {""year"": 2022, ""player"": ""Player_344"", ""fee"": 3377349.19, ""type"": ""Out""}, {""year"": 2023, ""player"": ""Player_395"", ""fee"": 4995799.1, ""type"": ""Out""}, {""year"": 2019, ""player"": ""Player_345"", ""fee"": 846188.34, ""type"": ""Out""}, {""year"": 2023, ""player"": ""Player_372"", ""fee"": 2703053.42, ""type"": ""In""}], ""total_spend"": 9065970.66, ""total_income"": 6796238.28}",624912.8574364785,3 years,True,Local talent,Young talents,4.06,"{""kit_sponsor"": ""Local Brand"", ""main_sponsor"": ""Turkish Airlines"", ""value"": ""110483 TND"", ""duration"": ""1 years""}","{""facebook"": ""facebook.com/club_8536"", ""twitter"": ""twitter.com/club_1947"", ""instagram"": ""instagram.com/club_1515""}"
C-22,2361,Al Ahli Wad Medani,Sudan,Sudan Premier League,Al Merreikh Stadium,'5-4-1',Technical Dribbling,481708000.0,192683200.0,"{""last_5_transfers"": [{""year"": 2020, ""player"": ""Player_450"", ""fee"": 127829.41, ""type"": ""Out""}, {""year"": 2023, ""player"": ""Player_883"", ""fee"": 4171230.5, ""type"": ""Out""}, {""year"": 2023, ""player"": ""Player_623"", ""fee"": 2939477.74, ""type"": ""In""}, {""year"": 2022, ""player"": ""Player_196"", ""fee"": 301904.99, ""type"": ""In""}, {""year"": 2020, ""player"": ""Player_259"", ""fee"": 891188.89, ""type"": ""Out""}], ""total_spend"": 5678182.19, ""total_income"": 4720542.75}",609684.733596099,3 years,False,Proven professionals,Under-23 talents,6.94,"{""kit_sponsor"": ""Kappa"", ""main_sponsor"": ""Al Baraka Bank"", ""value"": ""625320 TND"", ""duration"": ""4 years""}","{""facebook"": ""facebook.com/club_6897"", ""twitter"": ""twitter.com/club_7684"", ""instagram"": ""instagram.com/club_6260""}"
C-23,61,Al Ahly,Egypt,Egyptian Premier League,Cairo International Stadium,'4-3-3',Southern African Mix,99826000.0,39930400.0,"{""last_5_transfers"": [{""year"": 2019, ""player"": ""Player_553"", ""fee"": 810241.94, ""type"": ""In""}, {""year"": 2023, ""player"": ""Player_937"", ""fee"": 2481624.32, ""type"": ""In""}, {""year"": 2020, ""player"": ""Player_879"", ""fee"": 2799706.23, ""type"": ""In""}, {""year"": 2022, ""player"": ""Player_706"", ""fee"": 207203.31, ""type"": ""In""}, {""year"": 2024, ""player"": ""Player_236"", ""fee"": 1404519.54, ""type"": ""In""}], ""total_spend"": 2390770.23, ""total_income"": 4774398.22}",549650.1203685896,4 years,True,Young prospects,Young talents,3.28,"{""kit_sponsor"": ""Kappa"", ""main_sponsor"": ""Soci\u00e9t\u00e9 G\u00e9n\u00e9rale"", ""value"": ""248985 TND"", ""duration"": ""1 years""}","{""facebook"": ""facebook.com/club_6303"", ""twitter"": ""twitter.com/club_4908"", ""instagram"": ""instagram.com/club_6597""}"
C-24,1878,Al Ahly Benghazi,Libya,Libyan Premier League,11 June Stadium,'4-4-2',Direct Play,20710000.0,8284000.0,"{""last_5_transfers"": [{""year"": 2021, ""player"": ""Player_842"", ""fee"": 4156942.26, ""type"": ""In""}, {""year"": 2023, ""player"": ""Player_29"", ""fee"": 2712829.42, ""type"": ""Out""}, {""year"": 2019, ""player"": ""Player_174"", ""fee"": 4907553.11, ""type"": ""Out""}, {""year"": 2024, ""player"": ""Player_556"", ""fee"": 4415448.73, ""type"": ""In""}, {""year"": 2024, ""player"": ""Player_713"", ""fee"": 4892248.82, ""type"": ""Out""}], ""total_spend"": 6859503.11, ""total_income"": 7178809.23}",343477.2065134949,2 years,False,Academy graduates,Established professionals,5.46,"{""kit_sponsor"": ""Hummel"", ""main_sponsor"": ""D\u00e9lice"", ""value"": ""966386 TND"", ""duration"": ""4 years""}","{""facebook"": ""facebook.com/club_7687"", ""twitter"": ""twitter.com/club_8119"", ""instagram"": ""instagram.com/club_3834""}"
C-25,2083,Al Ahly Merowe,Sudan,Sudan Premier League,Al Merreikh Stadium,'4-3-2-1',Possession-based,1217977000.0,487190800.0,"{""last_5_transfers"": [{""year"": 2021, ""player"": ""Player_616"", ""fee"": 4928789.7, ""type"": ""In""}, {""year"": 2023, ""player"": ""Player_146"", ""fee"": 3984699.79, ""type"": ""Out""}, {""year"": 2019, ""player"": ""Player_381"", ""fee"": 1926441.06, ""type"": ""In""}, {""year"": 2022, ""player"": ""Player_31"", ""fee"": 2681103.45, ""type"": ""Out""}, {""year"": 2024, ""player"": ""Player_784"", ""fee"": 2041709.98, ""type"": ""In""}], ""total_spend"": 8222515.34, ""total_income"": 7566704.67}",803639.2192786784,4 years,False,International players,Local academy,7.94,"{""kit_sponsor"": ""Umbro"", ""main_sponsor"": ""Puma"", ""value"": ""165565 TND"", ""duration"": ""4 years""}","{""facebook"": ""facebook.com/club_1390"", ""twitter"": ""twitter.com/club_2011"", ""instagram"": ""instagram.com/club_6218""}"
C-26,791,Al Ahly Shendi,Sudan,Sudan Premier League,Al Merreikh Stadium,'4-4-1-1',Physical Power Play,1030629000.0,412251600.0,"{""last_5_transfers"": [{""year"": 2022, ""player"": ""Player_665"", ""fee"": 3236733.34, ""type"": ""Out""}, {""year"": 2023, ""player"": ""Player_335"", ""fee"": 1637116.74, ""type"": ""In""}, {""year"": 2019, ""player"": ""Player_483"", ""fee"": 1511703.78, ""type"": ""Out""}, {""year"": 2019, ""player"": ""Player_356"", ""fee"": 4862856.87, ""type"": ""In""}, {""year"": 2023, ""player"": ""Player_322"", ""fee"": 3237346.5, ""type"": ""Out""}], ""total_spend"": 3297451.46, ""total_income"": 817101.67}",738175.1592017933,4 years,False,Local talent,South American prospects,7.86,"{""kit_sponsor"": ""Macron"", ""main_sponsor"": ""Samsung"", ""value"": ""987990 TND"", ""duration"": ""1 years""}","{""facebook"": ""facebook.com/club_3191"", ""twitter"": ""twitter.com/club_3815"", ""instagram"": ""instagram.com/club_7061""}"
C-27,2400,Al Amir,Sudan,Sudan Premier League,Al Merreikh Stadium,'4-2-4',High Press,1153114000.0,461245600.0,"{""last_5_transfers"": [{""year"": 2019, ""player"": ""Player_36"", ""fee"": 4826065.37, ""type"": ""In""}, {""year"": 2023, ""player"": ""Player_918"", ""fee"": 2465810.03, ""type"": ""In""}, {""year"": 2020, ""player"": ""Player_976"", ""fee"": 2555536.58, ""type"": ""Out""}, {""year"": 2019, ""player"": ""Player_768"", ""fee"": 3174945.23, ""type"": ""Out""}, {""year"": 2023, ""player"": ""Player_937"", ""fee"": 3779340.95, ""type"": ""In""}], ""total_spend"": 4676287.39, ""total_income"": 4610952.05}",566959.4623789216,4 years,True,Experienced players,European market,2.85,"{""kit_sponsor"": ""Puma"", ""main_sponsor"": ""Orange"", ""value"": ""585267 TND"", ""duration"": ""4 years""}","{""facebook"": ""facebook.com/club_2887"", ""twitter"": ""twitter.com/club_9921"", ""instagram"": ""instagram.com/club_9447""}"
C-28,2112,Al Fallah Atbara FC,Sudan,Sudan Premier League,Al Merreikh Stadium,'4-1-3-2',Defensive Solidarity,1549388000.0,619755200.0,"{""last_5_transfers"": [{""year"": 2020, ""player"": ""Player_161"", ""fee"": 113434.79, ""type"": ""In""}, {""year"": 2023, ""player"": ""Player_97"", ""fee"": 1941413.69, ""type"": ""In""}, {""year"": 2024, ""player"": ""Player_406"", ""fee"": 4933314.31, ""type"": ""In""}, {""year"": 2023, ""player"": ""Player_177"", ""fee"": 599513.28, ""type"": ""Out""}, {""year"": 2022, ""player"": ""Player_797"", ""fee"": 1247082.26, ""type"": ""In""}], ""total_spend"": 3257820.12, ""total_income"": 3679681.39}",862692.1348929171,4 years,False,Proven professionals,African talents,6.71,"{""kit_sponsor"": ""Under Armour"", ""main_sponsor"": ""Audi"", ""value"": ""170301 TND"", ""duration"": ""3 years""}","{""facebook"": ""facebook.com/club_9008"", ""twitter"": ""twitter.com/club_5622"", ""instagram"": ""instagram.com/club_7308""}"
C-29,1920,Al Hilal Kadougli,Sudan,Sudan Premier League,Al Merreikh Stadium,'3-4-3',Wing Play,848146000.0,339258400.0,"{""last_5_transfers"": [{""year"": 2019, ""player"": ""Player_50"", ""fee"": 3528849.43, ""type"": ""In""}, {""year"": 2021, ""player"": ""Player_256"", ""fee"": 1891496.0, ""type"": ""Out""}, {""year"": 2019, ""player"": ""Player_912"", ""fee"": 4801679.15, ""type"": ""In""}, {""year"": 2024, ""player"": ""Player_630"", ""fee"": 1488257.13, ""type"": ""Out""}, {""year"": 2021, ""player"": ""Player_799"", ""fee"": 1517332.76, ""type"": ""Out""}], ""total_spend"": 1272155.8, ""total_income"": 7342615.83}",618004.705482066,2 years,False,Young prospects,African talents,8.58,"{""kit_sponsor"": ""Macron"", ""main_sponsor"": ""TotalEnergies"", ""value"": ""356608 TND"", ""duration"": ""5 years""}","{""facebook"": ""facebook.com/club_5232"", ""twitter"": ""twitter.com/club_9030"", ""instagram"": ""instagram.com/club_7149""}"
C-30,272,Al Hilal Omdurman,Sudan,Sudan Premier League,Al Merreikh Stadium,'4-4-1-1',Tiki-Taka Adaptation,1184072000.0,473628800.0,"{""last_5_transfers"": [{""year"": 2022, ""player"": ""Player_31"", ""fee"": 308826.58, ""type"": ""Out""}, {""year"": 2022, ""player"": ""Player_253"", ""fee"": 4421282.84, ""type"": ""Out""}, {""year"": 2024, ""player"": ""Player_824"", ""fee"": 2959601.3, ""type"": ""Out""}, {""year"": 2022, ""player"": ""Player_85"", ""fee"": 3201588.27, ""type"": ""In""}, {""year"": 2020, ""player"": ""Player_948"", ""fee"": 150991.97, ""type"": ""Out""}], ""total_spend"": 3222194.5, ""total_income"": 2344451.31}",500698.2582542189,2 years,True,International players,Young talents,8.91,"{""kit_sponsor"": ""Local Brand"", ""main_sponsor"": ""Adidas"", ""value"": ""568746 TND"", ""duration"": ""2 years""}","{""facebook"": ""facebook.com/club_8528"", ""twitter"": ""twitter.com/club_9507"", ""instagram"": ""instagram.com/club_6448""}"
C-31,2344,Al Hilal Port Sudan,Sudan,Sudan Premier League,Al Merreikh Stadium,'4-1-3-2',Total Football,1853169000.0,741267600.0,"{""last_5_transfers"": [{""year"": 2023, ""player"": ""Player_918"", ""fee"": 3694197.23, ""type"": ""In""}, {""year"": 2021, ""player"": ""Player_52"", ""fee"": 510702.0, ""type"": ""Out""}, {""year"": 2024, ""player"": ""Player_282"", ""fee"": 518335.96, ""type"": ""In""}, {""year"": 2020, ""player"": ""Player_488"", ""fee"": 155631.02, ""type"": ""In""}, {""year"": 2021, ""player"": ""Player_837"", ""fee"": 581969.2, ""type"": ""In""}], ""total_spend"": 9451910.35, ""total_income"": 3306294.27}",547920.4773736906,3 years,True,Academy graduates,Asian market,8.32,"{""kit_sponsor"": ""Joma"", ""main_sponsor"": ""STB Bank"", ""value"": ""421889 TND"", ""duration"": ""1 years""}","{""facebook"": ""facebook.com/club_9771"", ""twitter"": ""twitter.com/club_3784"", ""instagram"": ""instagram.com/club_2622""}"
C-32,2555,Al Ittihad,Sudan,Sudan Premier League,Al Merreikh Stadium,'3-5-2',Tiki-Taka Adaptation,2900698000.0,1160279200.0,"{""last_5_transfers"": [{""year"": 2021, ""player"": ""Player_579"", ""fee"": 2896875.83, ""type"": ""In""}, {""year"": 2021, ""player"": ""Player_21"", ""fee"": 2066181.83, ""type"": ""In""}, {""year"": 2023, ""player"": ""Player_133"", ""fee"": 4683852.86, ""type"": ""In""}, {""year"": 2022, ""player"": ""Player_881"", ""fee"": 835284.04, ""type"": ""Out""}, {""year"": 2020, ""player"": ""Player_845"", ""fee"": 3516913.59, ""type"": ""In""}], ""total_spend"": 6824694.06, ""total_income"": 2908089.63}",696913.5776472595,4 years,False,Local talent,Established professionals,6.46,"{""kit_sponsor"": ""Under Armour"", ""main_sponsor"": ""D\u00e9lice"", ""value"": ""902636 TND"", ""duration"": ""3 years""}","{""facebook"": ""facebook.com/club_3565"", ""twitter"": ""twitter.com/club_2230"", ""instagram"": ""instagram.com/club_9919""}"
C-33,835,Al Khartoum SC,Sudan,Sudan Premier League,Al Merreikh Stadium,'3-4-3',Defensive Structure,995591000.0,398236400.0,"{""last_5_transfers"": [{""year"": 2024, ""player"": ""Player_898"", ""fee"": 3479527.71, ""type"": ""Out""}, {""year"": 2021, ""player"": ""Player_178"", ""fee"": 4671743.21, ""type"": ""Out""}, {""year"": 2023, ""player"": ""Player_850"", ""fee"": 4383536.07, ""type"": ""Out""}, {""year"": 2022, ""player"": ""Player_662"", ""fee"": 355513.23, ""type"": ""Out""}, {""year"": 2022, ""player"": ""Player_246"", ""fee"": 3818878.19, ""type"": ""In""}], ""total_spend"": 4507100.6, ""total_income"": 1019201.97}",980015.9790684968,3 years,True,Experienced players,Young talents,3.95,"{""kit_sponsor"": ""Under Armour"", ""main_sponsor"": ""Pepsi"", ""value"": ""308416 TND"", ""duration"": ""2 years""}","{""facebook"": ""facebook.com/club_3101"", ""twitter"": ""twitter.com/club_2762"", ""instagram"": ""instagram.com/club_6937""}"
C-34,762,Al Masry,Egypt,Egyptian Second Division,Cairo International Stadium,'5-4-1',Attacking Overload,28508000.0,11403200.0,"{""last_5_transfers"": [{""year"": 2021, ""player"": ""Player_883"", ""fee"": 4651467.8, ""type"": ""Out""}, {""year"": 2023, ""player"": ""Player_564"", ""fee"": 207521.2, ""type"": ""Out""}, {""year"": 2023, ""player"": ""Player_329"", ""fee"": 3102481.88, ""type"": ""In""}, {""year"": 2022, ""player"": ""Player_325"", ""fee"": 600890.22, ""type"": ""Out""}, {""year"": 2020, ""player"": ""Player_478"", ""fee"": 3346260.05, ""type"": ""Out""}], ""total_spend"": 9855816.81, ""total_income"": 6453524.51}",392771.1327190731,2 years,False,International players,Established professionals,8.11,"{""kit_sponsor"": ""Nike"", ""main_sponsor"": ""Qatar Airways"", ""value"": ""142697 TND"", ""duration"": ""3 years""}","{""facebook"": ""facebook.com/club_3620"", ""twitter"": ""twitter.com/club_1797"", ""instagram"": ""instagram.com/club_4772""}"
C-35,1033,Al Mokawloon Al Arab,Egypt,Egyptian Second Division,Cairo International Stadium,'5-2-3',Wing Play,95905000.0,38362000.0,"{""last_5_transfers"": [{""year"": 2020, ""player"": ""Player_47"", ""fee"": 2665088.78, ""type"": ""In""}, {""year"": 2021, ""player"": ""Player_558"", ""fee"": 479812.99, ""type"": ""In""}, {""year"": 2022, ""player"": ""Player_137"", ""fee"": 2386884.72, ""type"": ""In""}, {""year"": 2024, ""player"": ""Player_50"", ""fee"": 296746.12, ""type"": ""In""}, {""year"": 2021, ""player"": ""Player_81"", ""fee"": 962680.38, ""type"": ""In""}], ""total_spend"": 1481728.47, ""total_income"": 7216351.64}",123919.23943440412,2 years,True,Young prospects,Local academy,1.88,"{""kit_sponsor"": ""Nike"", ""main_sponsor"": ""Al Baraka Bank"", ""value"": ""783016 TND"", ""duration"": ""4 years""}","{""facebook"": ""facebook.com/club_5637"", ""twitter"": ""twitter.com/club_4262"", ""instagram"": ""instagram.com/club_8666""}"
C-36,2472,Al Mourada,Sudan,Sudan Premier League,Al Merreikh Stadium,'3-4-2-1',Attacking Overload,434005000.0,173602000.0,"{""last_5_transfers"": [{""year"": 2022, ""player"": ""Player_961"", ""fee"": 2151154.07, ""type"": ""Out""}, {""year"": 2024, ""player"": ""Player_990"", ""fee"": 594071.4, ""type"": ""In""}, {""year"": 2024, ""player"": ""Player_276"", ""fee"": 4548387.11, ""type"": ""In""}, {""year"": 2023, ""player"": ""Player_542"", ""fee"": 1908614.43, ""type"": ""Out""}, {""year"": 2020, ""player"": ""Player_968"", ""fee"": 703221.43, ""type"": ""In""}], ""total_spend"": 4989073.89, ""total_income"": 1547825.66}",442128.948287338,4 years,True,Proven professionals,Asian market,6.35,"{""kit_sponsor"": ""Hummel"", ""main_sponsor"": ""BIAT Bank"", ""value"": ""772389 TND"", ""duration"": ""4 years""}","{""facebook"": ""facebook.com/club_5534"", ""twitter"": ""twitter.com/club_9925"", ""instagram"": ""instagram.com/club_9055""}"
C-37,2419,Al Nasr FC,Egypt,Egyptian Second Division,Cairo International Stadium,'4-1-4-1',Possession Control,67462000.0,26984800.0,"{""last_5_transfers"": [{""year"": 2022, ""player"": ""Player_928"", ""fee"": 1556244.06, ""type"": ""In""}, {""year"": 2022, ""player"": ""Player_163"", ""fee"": 1220554.93, ""type"": ""In""}, {""year"": 2022, ""player"": ""Player_783"", ""fee"": 3889659.46, ""type"": ""In""}, {""year"": 2020, ""player"": ""Player_713"", ""fee"": 3290459.74, ""type"": ""In""}, {""year"": 2020, ""player"": ""Player_791"", ""fee"": 2532209.12, ""type"": ""Out""}], ""total_spend"": 9723212.18, ""total_income"": 6259561.02}",111012.62028222956,3 years,False,Local talent,European market,0.85,"{""kit_sponsor"": ""Hummel"", ""main_sponsor"": ""STB Bank"", ""value"": ""971073 TND"", ""duration"": ""5 years""}","{""facebook"": ""facebook.com/club_3700"", ""twitter"": ""twitter.com/club_9859"", ""instagram"": ""instagram.com/club_5882""}"
C-38,2579,Al Rabta Kosti,Sudan,Sudan Premier League,Al Merreikh Stadium,'4-3-1-2',Quick Counter-attacks,974950000.0,389980000.0,"{""last_5_transfers"": [{""year"": 2019, ""player"": ""Player_47"", ""fee"": 4486186.16, ""type"": ""In""}, {""year"": 2024, ""player"": ""Player_82"", ""fee"": 2344894.3, ""type"": ""In""}, {""year"": 2022, ""player"": ""Player_815"", ""fee"": 2274852.08, ""type"": ""Out""}, {""year"": 2020, ""player"": ""Player_317"", ""fee"": 4164655.35, ""type"": ""In""}, {""year"": 2020, ""player"": ""Player_404"", ""fee"": 4243422.62, ""type"": ""Out""}], ""total_spend"": 7539741.72, ""total_income"": 3402101.94}",539790.033471699,4 years,True,Proven professionals,Under-23 talents,0.43,"{""kit_sponsor"": ""Le Coq Sportif"", ""main_sponsor"": ""Carrefour"", ""value"": ""218992 TND"", ""duration"": ""1 years""}","{""facebook"": ""facebook.com/club_9259"", ""twitter"": ""twitter.com/club_7489"", ""instagram"": ""instagram.com/club_1354""}"
C-39,1991,Al Sharkeyah,Egypt,Egyptian Second Division,Cairo International Stadium,'4-2-4',Technical Dribbling,66819000.0,26727600.0,"{""last_5_transfers"": [{""year"": 2019, ""player"": ""Player_562"", ""fee"": 1652005.12, ""type"": ""Out""}, {""year"": 2022, ""player"": ""Player_103"", ""fee"": 3979189.1, ""type"": ""Out""}, {""year"": 2024, ""player"": ""Player_913"", ""fee"": 3983616.89, ""type"": ""In""}, {""year"": 2020, ""player"": ""Player_528"", ""fee"": 4531707.54, ""type"": ""Out""}, {""year"": 2019, ""player"": ""Player_48"", ""fee"": 1827833.74, ""type"": ""In""}], ""total_spend"": 1746803.92, ""total_income"": 7766599.26}",924576.3256242702,4 years,True,Young prospects,Local academy,9.79,"{""kit_sponsor"": ""Macron"", ""main_sponsor"": ""BIAT Bank"", ""value"": ""987895 TND"", ""duration"": ""2 years""}","{""facebook"": ""facebook.com/club_3543"", ""twitter"": ""twitter.com/club_3121"", ""instagram"": ""instagram.com/club_6143""}"
C-40,2611,Al Shimali,Sudan,Sudan Premier League,Al Merreikh Stadium,'4-1-4-1',High-Energy Pressing,2651336000.0,1060534400.0,"{""last_5_transfers"": [{""year"": 2022, ""player"": ""Player_624"", ""fee"": 3589463.41, ""type"": ""In""}, {""year"": 2024, ""player"": ""Player_799"", ""fee"": 1989519.97, ""type"": ""Out""}, {""year"": 2021, ""player"": ""Player_325"", ""fee"": 3448471.54, ""type"": ""In""}, {""year"": 2022, ""player"": ""Player_997"", ""fee"": 2201496.35, ""type"": ""Out""}, {""year"": 2021, ""player"": ""Player_221"", ""fee"": 3198561.33, ""type"": ""In""}], ""total_spend"": 6449994.91, ""total_income"": 2808975.56}",145357.17066919594,4 years,False,Young prospects,Asian market,0.98,"{""kit_sponsor"": ""Macron"", ""main_sponsor"": ""Samsung"", ""value"": ""435947 TND"", ""duration"": ""2 years""}","{""facebook"": ""facebook.com/club_4529"", ""twitter"": ""twitter.com/club_8516"", ""instagram"": ""instagram.com/club_8579""}"
C-41,2449,Al Shorta Al Qadarif,Sudan,Sudan Premier League,Al Merreikh Stadium,'4-2-4',East African Speed,1014910000.0,405964000.0,"{""last_5_transfers"": [{""year"": 2024, ""player"": ""Player_208"", ""fee"": 415030.53, ""type"": ""Out""}, {""year"": 2019, ""player"": ""Player_700"", ""fee"": 4466714.6, ""type"": ""Out""}, {""year"": 2019, ""player"": ""Player_446"", ""fee"": 4612432.45, ""type"": ""Out""}, {""year"": 2023, ""player"": ""Player_827"", ""fee"": 4635326.18, ""type"": ""Out""}, {""year"": 2021, ""player"": ""Player_611"", ""fee"": 1526322.18, ""type"": ""Out""}], ""total_spend"": 6402550.27, ""total_income"": 6410248.95}",891939.624170904,2 years,False,International players,Asian market,3.08,"{""kit_sponsor"": ""Macron"", ""main_sponsor"": ""Magasin G\u00e9n\u00e9ral"", ""value"": ""627398 TND"", ""duration"": ""1 years""}","{""facebook"": ""facebook.com/club_7814"", ""twitter"": ""twitter.com/club_2028"", ""instagram"": ""instagram.com/club_6747""}"
C-42,2206,Al-Ahli Atbara,Sudan,Sudan Premier League,Al Merreikh Stadium,'4-2-3-1',Direct Play,652530000.0,261012000.0,"{""last_5_transfers"": [{""year"": 2021, ""player"": ""Player_358"", ""fee"": 3326288.03, ""type"": ""In""}, {""year"": 2023, ""player"": ""Player_895"", ""fee"": 3166725.0, ""type"": ""Out""}, {""year"": 2024, ""player"": ""Player_425"", ""fee"": 2710419.02, ""type"": ""Out""}, {""year"": 2020, ""player"": ""Player_206"", ""fee"": 869016.62, ""type"": ""In""}, {""year"": 2019, ""player"": ""Player_974"", ""fee"": 3407901.49, ""type"": ""In""}], ""total_spend"": 7131662.81, ""total_income"": 5144389.75}",898341.3621545975,4 years,True,Academy graduates,European market,7.36,"{""kit_sponsor"": ""Nike"", ""main_sponsor"": ""Adidas"", ""value"": ""907045 TND"", ""duration"": ""4 years""}","{""facebook"": ""facebook.com/club_3279"", ""twitter"": ""twitter.com/club_2751"", ""instagram"": ""instagram.com/club_5655""}"
C-43,848,Al-Ittihad,Libya,Libyan Premier League,11 June Stadium,'5-4-1',Technical Dribbling,6439000.0,2575600.0,"{""last_5_transfers"": [{""year"": 2022, ""player"": ""Player_11"", ""fee"": 3288922.14, ""type"": ""In""}, {""year"": 2019, ""player"": ""Player_612"", ""fee"": 175502.43, ""type"": ""Out""}, {""year"": 2023, ""player"": ""Player_640"", ""fee"": 138110.82, ""type"": ""In""}, {""year"": 2022, ""player"": ""Player_972"", ""fee"": 4028801.78, ""type"": ""In""}, {""year"": 2020, ""player"": ""Player_395"", ""fee"": 2909642.42, ""type"": ""Out""}], ""total_spend"": 6646023.1, ""total_income"": 5704381.96}",728879.8141402969,2 years,True,Proven professionals,Asian market,0.97,"{""kit_sponsor"": ""Puma"", ""main_sponsor"": ""Huawei"", ""value"": ""117041 TND"", ""duration"": ""3 years""}","{""facebook"": ""facebook.com/club_6981"", ""twitter"": ""twitter.com/club_8227"", ""instagram"": ""instagram.com/club_1163""}"
C-44,1058,Al-Ittihad Al-Sakandary,Egypt,Egyptian Premier League,Cairo International Stadium,'4-3-1-2',Total Football,68147000.0,27258800.0,"{""last_5_transfers"": [{""year"": 2022, ""player"": ""Player_935"", ""fee"": 2336418.35, ""type"": ""In""}, {""year"": 2023, ""player"": ""Player_845"", ""fee"": 3583073.47, ""type"": ""In""}, {""year"": 2023, ""player"": ""Player_78"", ""fee"": 2051380.99, ""type"": ""In""}, {""year"": 2022, ""player"": ""Player_308"", ""fee"": 2942872.55, ""type"": ""In""}, {""year"": 2023, ""player"": ""Player_519"", ""fee"": 2101703.24, ""type"": ""In""}], ""total_spend"": 9890907.17, ""total_income"": 6077492.01}",548668.4265633211,3 years,False,International players,European market,7.58,"{""kit_sponsor"": ""New Balance"", ""main_sponsor"": ""Tunisie Telecom"", ""value"": ""385449 TND"", ""duration"": ""1 years""}","{""facebook"": ""facebook.com/club_3765"", ""twitter"": ""twitter.com/club_9354"", ""instagram"": ""instagram.com/club_2929""}"
C-45,2598,Al-Mergheni,Sudan,Sudan Premier League,Al Merreikh Stadium,'4-2-4',Direct Play,312749000.0,125099600.0,"{""last_5_transfers"": [{""year"": 2024, ""player"": ""Player_990"", ""fee"": 4900586.03, ""type"": ""In""}, {""year"": 2019, ""player"": ""Player_719"", ""fee"": 2437431.41, ""type"": ""Out""}, {""year"": 2023, ""player"": ""Player_211"", ""fee"": 1187081.59, ""type"": ""Out""}, {""year"": 2024, ""player"": ""Player_373"", ""fee"": 4980019.14, ""type"": ""In""}, {""year"": 2021, ""player"": ""Player_295"", ""fee"": 4102678.19, ""type"": ""In""}], ""total_spend"": 8291329.95, ""total_income"": 7403932.31}",662428.0539447169,3 years,True,Young prospects,Under-23 talents,1.65,"{""kit_sponsor"": ""Le Coq Sportif"", ""main_sponsor"": ""Ooredoo"", ""value"": ""444707 TND"", ""duration"": ""3 years""}","{""facebook"": ""facebook.com/club_8958"", ""twitter"": ""twitter.com/club_8912"", ""instagram"": ""instagram.com/club_9035""}"
C-46,329,Al-Merreikh,Sudan,Sudan Premier League,Al Merreikh Stadium,'4-1-4-1',Southern African Mix,1743723000.0,697489200.0,"{""last_5_transfers"": [{""year"": 2023, ""player"": ""Player_608"", ""fee"": 2759296.96, ""type"": ""Out""}, {""year"": 2019, ""player"": ""Player_685"", ""fee"": 909477.33, ""type"": ""In""}, {""year"": 2021, ""player"": ""Player_608"", ""fee"": 763720.51, ""type"": ""Out""}, {""year"": 2022, ""player"": ""Player_827"", ""fee"": 729263.52, ""type"": ""Out""}, {""year"": 2020, ""player"": ""Player_260"", ""fee"": 851633.48, ""type"": ""Out""}], ""total_spend"": 9937328.99, ""total_income"": 5963740.87}",652619.009913856,4 years,True,Experienced players,Local academy,4.84,"{""kit_sponsor"": ""Mizuno"", ""main_sponsor"": ""BIAT Bank"", ""value"": ""166260 TND"", ""duration"": ""1 years""}","{""facebook"": ""facebook.com/club_1581"", ""twitter"": ""twitter.com/club_8019"", ""instagram"": ""instagram.com/club_8087""}"
C-47,2616,Al-Nil,Sudan,Sudan Premier League,Al Merreikh Stadium,'4-4-2',High-Energy Pressing,335185000.0,134074000.0,"{""last_5_transfers"": [{""year"": 2023, ""player"": ""Player_275"", ""fee"": 2270900.98, ""type"": ""In""}, {""year"": 2023, ""player"": ""Player_59"", ""fee"": 2823651.82, ""type"": ""Out""}, {""year"": 2022, ""player"": ""Player_953"", ""fee"": 4156290.26, ""type"": ""Out""}, {""year"": 2023, ""player"": ""Player_805"", ""fee"": 1413571.47, ""type"": ""In""}, {""year"": 2019, ""player"": ""Player_16"", ""fee"": 3740170.55, ""type"": ""Out""}], ""total_spend"": 5133676.14, ""total_income"": 5073101.49}",272396.9718628756,4 years,False,Experienced players,African talents,3.0,"{""kit_sponsor"": ""Kappa"", ""main_sponsor"": ""TotalEnergies"", ""value"": ""740259 TND"", ""duration"": ""4 years""}","{""facebook"": ""facebook.com/club_2245"", ""twitter"": ""twitter.com/club_7381"", ""instagram"": ""instagram.com/club_9282""}"
C-48,2681,Ala'ab Damanhour,Egypt,Egyptian Premier League,Cairo International Stadium,'3-3-3-1',Low Block Counter,119044000.0,47617600.0,"{""last_5_transfers"": [{""year"": 2022, ""player"": ""Player_645"", ""fee"": 1799652.25, ""type"": ""Out""}, {""year"": 2021, ""player"": ""Player_333"", ""fee"": 3890798.43, ""type"": ""Out""}, {""year"": 2020, ""player"": ""Player_491"", ""fee"": 462110.98, ""type"": ""In""}, {""year"": 2020, ""player"": ""Player_739"", ""fee"": 4788782.51, ""type"": ""In""}, {""year"": 2024, ""player"": ""Player_547"", ""fee"": 1748595.33, ""type"": ""Out""}], ""total_spend"": 9694981.35, ""total_income"": 1125213.02}",941839.3605334274,4 years,True,Academy graduates,Young talents,4.22,"{""kit_sponsor"": ""Umbro"", ""main_sponsor"": ""Nike"", ""value"": ""105259 TND"", ""duration"": ""4 years""}","{""facebook"": ""facebook.com/club_9814"", ""twitter"": ""twitter.com/club_4885"", ""instagram"": ""instagram.com/club_9573""}"
C-49,2002,Alamal Atbara,Sudan,Sudan Premier League,Al Merreikh Stadium,'4-2-2-2',East African Speed,2131194000.0,852477600.0,"{""last_5_transfers"": [{""year"": 2024, ""player"": ""Player_570"", ""fee"": 3437152.83, ""type"": ""Out""}, {""year"": 2024, ""player"": ""Player_573"", ""fee"": 3276417.37, ""type"": ""Out""}, {""year"": 2022, ""player"": ""Player_615"", ""fee"": 4659190.82, ""type"": ""In""}, {""year"": 2021, ""player"": ""Player_224"", ""fee"": 4496487.29, ""type"": ""In""}, {""year"": 2021, ""player"": ""Player_948"", ""fee"": 1096468.0, ""type"": ""Out""}], ""total_spend"": 5948081.99, ""total_income"": 4393372.93}",562207.573831518,2 years,True,Proven professionals,African talents,4.49,"{""kit_sponsor"": ""Puma"", ""main_sponsor"": ""Turkish Airlines"", ""value"": ""516611 TND"", ""duration"": ""2 years""}","{""facebook"": ""facebook.com/club_2408"", ""twitter"": ""twitter.com/club_6161"", ""instagram"": ""instagram.com/club_1758""}"
C-50,2240,Alkali Nassara,Niger,Niger Premier League,Stade General Seyni Kountche,'3-6-1',Defensive Structure,1134166000.0,453666400.0,"{""last_5_transfers"": [{""year"": 2021, ""player"": ""Player_850"", ""fee"": 792547.55, ""type"": ""Out""}, {""year"": 2021, ""player"": ""Player_97"", ""fee"": 297652.48, ""type"": ""In""}, {""year"": 2023, ""player"": ""Player_917"", ""fee"": 4617036.96, ""type"": ""In""}, {""year"": 2024, ""player"": ""Player_590"", ""fee"": 1299161.16, ""type"": ""In""}, {""year"": 2023, ""player"": ""Player_355"", ""fee"": 1225096.92, ""type"": ""In""}], ""total_spend"": 1813261.8, ""total_income"": 3759337.27}",245870.8099511826,4 years,True,Academy graduates,Young talents,7.41,"{""kit_sponsor"": ""Nike"", ""main_sponsor"": ""D\u00e9lice"", ""value"": ""659045 TND"", ""duration"": ""4 years""}","{""facebook"": ""facebook.com/club_9477"", ""twitter"": ""twitter.com/club_4549"", ""instagram"": ""instagram.com/club_5189""}"
C-51,839,AmaZulu FC,South Africa,National First Division,FNB Stadium,'3-3-3-1',Low Block Counter,71201000.0,28480400.0,"{""last_5_transfers"": [{""year"": 2020, ""player"": ""Player_322"", ""fee"": 1117716.48, ""type"": ""In""}, {""year"": 2024, ""player"": ""Player_900"", ""fee"": 3253483.21, ""type"": ""In""}, {""year"": 2023, ""player"": ""Player_348"", ""fee"": 274421.83, ""type"": ""In""}, {""year"": 2024, ""player"": ""Player_900"", ""fee"": 2098800.29, ""type"": ""Out""}, {""year"": 2022, ""player"": ""Player_2"", ""fee"": 4524512.27, ""type"": ""Out""}], ""total_spend"": 6468062.97, ""total_income"": 5407556.88}",134404.65077117822,3 years,True,Experienced players,Local academy,5.42,"{""kit_sponsor"": ""Nike"", ""main_sponsor"": ""BIAT Bank"", ""value"": ""433344 TND"", ""duration"": ""1 years""}","{""facebook"": ""facebook.com/club_4417"", ""twitter"": ""twitter.com/club_7190"", ""instagram"": ""instagram.com/club_8387""}"
C-52,2012,Amidaus Professionals FC,Ghana,Ghana Premier League,Baba Yara Stadium,'3-5-1-1',Possession Control,29343000.0,11737200.0,"{""last_5_transfers"": [{""year"": 2021, ""player"": ""Player_756"", ""fee"": 2500306.5, ""type"": ""In""}, {""year"": 2019, ""player"": ""Player_697"", ""fee"": 4322876.01, ""type"": ""In""}, {""year"": 2021, ""player"": ""Player_256"", ""fee"": 1800673.66, ""type"": ""In""}, {""year"": 2024, ""player"": ""Player_576"", ""fee"": 1602978.63, ""type"": ""In""}, {""year"": 2024, ""player"": ""Player_945"", ""fee"": 1218314.84, ""type"": ""In""}], ""total_spend"": 7186197.45, ""total_income"": 5001236.05}",790408.4772185571,4 years,False,International players,European market,3.63,"{""kit_sponsor"": ""Le Coq Sportif"", ""main_sponsor"": ""Audi"", ""value"": ""140834 TND"", ""duration"": ""2 years""}","{""facebook"": ""facebook.com/club_5976"", ""twitter"": ""twitter.com/club_9518"", ""instagram"": ""instagram.com/club_1296""}"
C-53,1149,Annaba,Algeria,Ligue Professionnelle 2,Stade 5 Juillet 1962,'5-3-2',Low Block Counter,469349000.0,187739600.0,"{""last_5_transfers"": [{""year"": 2023, ""player"": ""Player_802"", ""fee"": 4923617.07, ""type"": ""Out""}, {""year"": 2019, ""player"": ""Player_139"", ""fee"": 2409188.6, ""type"": ""In""}, {""year"": 2019, ""player"": ""Player_69"", ""fee"": 4593489.91, ""type"": ""Out""}, {""year"": 2023, ""player"": ""Player_234"", ""fee"": 2427495.98, ""type"": ""In""}, {""year"": 2023, ""player"": ""Player_951"", ""fee"": 4947696.29, ""type"": ""In""}], ""total_spend"": 3787608.15, ""total_income"": 7406861.42}",384100.7633802367,3 years,True,Young prospects,Young talents,6.06,"{""kit_sponsor"": ""Hummel"", ""main_sponsor"": ""Puma"", ""value"": ""687303 TND"", ""duration"": ""4 years""}","{""facebook"": ""facebook.com/club_5448"", ""twitter"": ""twitter.com/club_1736"", ""instagram"": ""instagram.com/club_4608""}"
C-54,895,Apejes de Mfou,Cameroon,Elite One,Olembe Stadium,'3-3-3-1',Total Football,2150234000.0,860093600.0,"{""last_5_transfers"": [{""year"": 2020, ""player"": ""Player_304"", ""fee"": 933068.77, ""type"": ""Out""}, {""year"": 2022, ""player"": ""Player_285"", ""fee"": 4605597.74, ""type"": ""In""}, {""year"": 2022, ""player"": ""Player_902"", ""fee"": 4351018.01, ""type"": ""Out""}, {""year"": 2019, ""player"": ""Player_38"", ""fee"": 121617.23, ""type"": ""Out""}, {""year"": 2019, ""player"": ""Player_288"", ""fee"": 3505026.56, ""type"": ""In""}], ""total_spend"": 1959156.14, ""total_income"": 6057303.45}",888858.7304699528,2 years,False,Experienced players,African talents,3.29,"{""kit_sponsor"": ""Nike"", ""main_sponsor"": ""Soci\u00e9t\u00e9 G\u00e9n\u00e9rale"", ""value"": ""323532 TND"", ""duration"": ""5 years""}","{""facebook"": ""facebook.com/club_3088"", ""twitter"": ""twitter.com/club_3251"", ""instagram"": ""instagram.com/club_1222""}"
C-55,1346,AS Ain M'lila,Algeria,Ligue Professionnelle 2,Stade 5 Juillet 1962,'5-2-3',Physical Power Play,575114000.0,230045600.0,"{""last_5_transfers"": [{""year"": 2021, ""player"": ""Player_720"", ""fee"": 3563749.67, ""type"": ""Out""}, {""year"": 2021, ""player"": ""Player_736"", ""fee"": 3321539.54, ""type"": ""In""}, {""year"": 2021, ""player"": ""Player_815"", ""fee"": 2844724.1, ""type"": ""Out""}, {""year"": 2023, ""player"": ""Player_810"", ""fee"": 1239091.88, ""type"": ""Out""}, {""year"": 2023, ""player"": ""Player_29"", ""fee"": 1642563.51, ""type"": ""Out""}], ""total_spend"": 6755549.28, ""total_income"": 6553734.65}",460047.9971892975,2 years,True,Local talent,African talents,0.09,"{""kit_sponsor"": ""Nike"", ""main_sponsor"": ""Tunisie Telecom"", ""value"": ""697922 TND"", ""duration"": ""5 years""}","{""facebook"": ""facebook.com/club_3595"", ""twitter"": ""twitter.com/club_2561"", ""instagram"": ""instagram.com/club_7318""}"
C-56,2336,AS Avenir de Tombouctou,Mali,Malian Premiere Division,Stade 26 Mars,'3-5-1-1',Defensive Solidarity,437790000.0,175116000.0,"{""last_5_transfers"": [{""year"": 2020, ""player"": ""Player_206"", ""fee"": 2243486.09, ""type"": ""Out""}, {""year"": 2019, ""player"": ""Player_333"", ""fee"": 3593638.27, ""type"": ""In""}, {""year"": 2021, ""player"": ""Player_146"", ""fee"": 1784855.65, ""type"": ""Out""}, {""year"": 2024, ""player"": ""Player_350"", ""fee"": 2604572.47, ""type"": ""Out""}, {""year"": 2020, ""player"": ""Player_471"", ""fee"": 3386643.76, ""type"": ""In""}], ""total_spend"": 5962812.91, ""total_income"": 7977076.03}",436987.7769728501,4 years,True,Local talent,Young talents,6.87,"{""kit_sponsor"": ""Umbro"", ""main_sponsor"": ""Danone"", ""value"": ""966735 TND"", ""duration"": ""1 years""}","{""facebook"": ""facebook.com/club_8753"", ""twitter"": ""twitter.com/club_7680"", ""instagram"": ""instagram.com/club_9173""}"
C-57,1992,AS Bamako,Mali,Malian Premiere Division,Stade 26 Mars,'4-3-1-2',North African Technical,523756000.0,209502400.0,"{""last_5_transfers"": [{""year"": 2021, ""player"": ""Player_819"", ""fee"": 2549402.29, ""type"": ""Out""}, {""year"": 2022, ""player"": ""Player_126"", ""fee"": 3018857.71, ""type"": ""Out""}, {""year"": 2021, ""player"": ""Player_649"", ""fee"": 3710594.69, ""type"": ""Out""}, {""year"": 2024, ""player"": ""Player_398"", ""fee"": 3197770.14, ""type"": ""In""}, {""year"": 2020, ""player"": ""Player_274"", ""fee"": 3269667.67, ""type"": ""Out""}], ""total_spend"": 6780576.45, ""total_income"": 3131240.33}",924072.870156102,3 years,False,Proven professionals,Young talents,0.71,"{""kit_sponsor"": ""Under Armour"", ""main_sponsor"": ""Qatar Airways"", ""value"": ""735220 TND"", ""duration"": ""2 years""}","{""facebook"": ""facebook.com/club_7421"", ""twitter"": ""twitter.com/club_1939"", ""instagram"": ""instagram.com/club_5680""}"
C-58,2491,AS Eliwidj FC,Mali,Malian Premiere Division,Stade 26 Mars,'3-4-3',Total Football,2456309000.0,982523600.0,"{""last_5_transfers"": [{""year"": 2021, ""player"": ""Player_320"", ""fee"": 1794644.32, ""type"": ""In""}, {""year"": 2020, ""player"": ""Player_569"", ""fee"": 2563842.28, ""type"": ""Out""}, {""year"": 2022, ""player"": ""Player_208"", ""fee"": 1746409.67, ""type"": ""Out""}, {""year"": 2021, ""player"": ""Player_347"", ""fee"": 1015700.83, ""type"": ""In""}, {""year"": 2021, ""player"": ""Player_109"", ""fee"": 1764232.5, ""type"": ""In""}], ""total_spend"": 5727630.86, ""total_income"": 4601123.7}",591951.4576531409,4 years,False,Local talent,African talents,6.49,"{""kit_sponsor"": ""Joma"", ""main_sponsor"": ""Adidas"", ""value"": ""175835 TND"", ""duration"": ""5 years""}","{""facebook"": ""facebook.com/club_2162"", ""twitter"": ""twitter.com/club_7876"", ""instagram"": ""instagram.com/club_5952""}"
C-59,872,AS Fortuna,Cameroon,Elite One,Olembe Stadium,'5-3-2',Physical Power Play,1272963000.0,509185200.0,"{""last_5_transfers"": [{""year"": 2023, ""player"": ""Player_493"", ""fee"": 4255201.08, ""type"": ""In""}, {""year"": 2021, ""player"": ""Player_379"", ""fee"": 1621247.71, ""type"": ""In""}, {""year"": 2023, ""player"": ""Player_422"", ""fee"": 1947156.68, ""type"": ""In""}, {""year"": 2020, ""player"": ""Player_829"", ""fee"": 4999702.96, ""type"": ""Out""}, {""year"": 2020, ""player"": ""Player_968"", ""fee"": 4150276.1, ""type"": ""Out""}], ""total_spend"": 2352825.04, ""total_income"": 1709027.3}",671205.9471675083,4 years,True,International players,African talents,3.2,"{""kit_sponsor"": ""New Balance"", ""main_sponsor"": ""Puma"", ""value"": ""600176 TND"", ""duration"": ""3 years""}","{""facebook"": ""facebook.com/club_2471"", ""twitter"": ""twitter.com/club_4471"", ""instagram"": ""instagram.com/club_6896""}"
C-60,2135,AS Kasserine,Tunisia,Tunisian Ligue 2,Stade Olympique de Rades,'4-1-4-1',Possession Control,9514000.0,3805600.0,"{""last_5_transfers"": [{""year"": 2024, ""player"": ""Player_500"", ""fee"": 3792481.73, ""type"": ""In""}, {""year"": 2023, ""player"": ""Player_430"", ""fee"": 2569305.52, ""type"": ""In""}, {""year"": 2020, ""player"": ""Player_774"", ""fee"": 2541852.3, ""type"": ""Out""}, {""year"": 2024, ""player"": ""Player_586"", ""fee"": 2311953.27, ""type"": ""In""}, {""year"": 2020, ""player"": ""Player_474"", ""fee"": 2978778.17, ""type"": ""In""}], ""total_spend"": 9400764.39, ""total_income"": 2081816.72}",298467.2372289662,3 years,True,International players,Established professionals,0.6,"{""kit_sponsor"": ""Puma"", ""main_sponsor"": ""Audi"", ""value"": ""815666 TND"", ""duration"": ""4 years""}","{""facebook"": ""facebook.com/club_1108"", ""twitter"": ""twitter.com/club_8077"", ""instagram"": ""instagram.com/club_7474""}"
C-61,1729,AS Korofina,Mali,Malian Premiere Division,Stade 26 Mars,'4-2-4',Physical Power Play,363409000.0,145363600.0,"{""last_5_transfers"": [{""year"": 2023, ""player"": ""Player_114"", ""fee"": 610554.68, ""type"": ""Out""}, {""year"": 2020, ""player"": ""Player_217"", ""fee"": 437515.48, ""type"": ""In""}, {""year"": 2021, ""player"": ""Player_937"", ""fee"": 4666465.34, ""type"": ""Out""}, {""year"": 2023, ""player"": ""Player_456"", ""fee"": 4970150.65, ""type"": ""Out""}, {""year"": 2023, ""player"": ""Player_328"", ""fee"": 1845441.59, ""type"": ""Out""}], ""total_spend"": 1531615.64, ""total_income"": 5370347.9}",196081.75919459603,4 years,True,Experienced players,Local academy,2.3,"{""kit_sponsor"": ""Macron"", ""main_sponsor"": ""Huawei"", ""value"": ""134552 TND"", ""duration"": ""1 years""}","{""facebook"": ""facebook.com/club_7111"", ""twitter"": ""twitter.com/club_8655"", ""instagram"": ""instagram.com/club_1923""}"
C-62,1775,AS Matelots,Cameroon,Elite One,Olembe Stadium,'4-5-1',Tiki-Taka Adaptation,1806838000.0,722735200.0,"{""last_5_transfers"": [{""year"": 2020, ""player"": ""Player_385"", ""fee"": 4350635.66, ""type"": ""In""}, {""year"": 2019, ""player"": ""Player_236"", ""fee"": 2002897.16, ""type"": ""Out""}, {""year"": 2019, ""player"": ""Player_708"", ""fee"": 2485273.43, ""type"": ""In""}, {""year"": 2019, ""player"": ""Player_116"", ""fee"": 4765094.54, ""type"": ""Out""}, {""year"": 2020, ""player"": ""Player_934"", ""fee"": 2498874.63, ""type"": ""In""}], ""total_spend"": 5772952.71, ""total_income"": 6016909.07}",276338.1685535894,2 years,True,International players,Young talents,1.64,"{""kit_sponsor"": ""Joma"", ""main_sponsor"": ""Tunisie Telecom"", ""value"": ""481614 TND"", ""duration"": ""2 years""}","{""facebook"": ""facebook.com/club_5488"", ""twitter"": ""twitter.com/club_6970"", ""instagram"": ""instagram.com/club_9095""}"
C-63,2184,AS Nianan,Mali,Malian Premiere Division,Stade 26 Mars,'4-3-3',High-Energy Pressing,2456442000.0,982576800.0,"{""last_5_transfers"": [{""year"": 2022, ""player"": ""Player_398"", ""fee"": 1643232.38, ""type"": ""Out""}, {""year"": 2020, ""player"": ""Player_368"", ""fee"": 4588292.03, ""type"": ""Out""}, {""year"": 2022, ""player"": ""Player_123"", ""fee"": 1038226.7, ""type"": ""Out""}, {""year"": 2023, ""player"": ""Player_736"", ""fee"": 4399431.73, ""type"": ""In""}, {""year"": 2019, ""player"": ""Player_572"", ""fee"": 1703409.2, ""type"": ""In""}], ""total_spend"": 1327190.84, ""total_income"": 5882211.48}",970260.8239482278,4 years,False,Proven professionals,Asian market,5.8,"{""kit_sponsor"": ""New Balance"", ""main_sponsor"": ""Pepsi"", ""value"": ""364321 TND"", ""duration"": ""2 years""}","{""facebook"": ""facebook.com/club_8180"", ""twitter"": ""twitter.com/club_9296"", ""instagram"": ""instagram.com/club_8441""}"
C-64,2087,AS Police,Mali,Malian Premiere Division,Stade 26 Mars,'4-4-1-1',West African Power,324434000.0,129773600.0,"{""last_5_transfers"": [{""year"": 2021, ""player"": ""Player_793"", ""fee"": 2853371.16, ""type"": ""Out""}, {""year"": 2019, ""player"": ""Player_56"", ""fee"": 3008174.01, ""type"": ""Out""}, {""year"": 2021, ""player"": ""Player_335"", ""fee"": 419563.98, ""type"": ""In""}, {""year"": 2022, ""player"": ""Player_958"", ""fee"": 1447640.47, ""type"": ""In""}, {""year"": 2024, ""player"": ""Player_598"", ""fee"": 644363.9, ""type"": ""In""}], ""total_spend"": 5076686.1, ""total_income"": 1324446.14}",268456.1043853726,3 years,False,Experienced players,South American prospects,5.74,"{""kit_sponsor"": ""Hummel"", ""main_sponsor"": ""TotalEnergies"", ""value"": ""739154 TND"", ""duration"": ""1 years""}","{""facebook"": ""facebook.com/club_4308"", ""twitter"": ""twitter.com/club_1066"", ""instagram"": ""instagram.com/club_5217""}"
C-65,591,AS Real Bamako,Mali,Malian Premiere Division,Stade 26 Mars,'4-3-2-1',Possession Control,1814427000.0,725770800.0,"{""last_5_transfers"": [{""year"": 2020, ""player"": ""Player_46"", ""fee"": 157413.65, ""type"": ""Out""}, {""year"": 2023, ""player"": ""Player_767"", ""fee"": 3126745.37, ""type"": ""In""}, {""year"": 2024, ""player"": ""Player_607"", ""fee"": 1189020.53, ""type"": ""In""}, {""year"": 2020, ""player"": ""Player_417"", ""fee"": 3499594.34, ""type"": ""Out""}, {""year"": 2019, ""player"": ""Player_340"", ""fee"": 1896673.82, ""type"": ""Out""}], ""total_spend"": 9590942.99, ""total_income"": 6238359.43}",726312.4949874546,4 years,False,Experienced players,Local academy,6.15,"{""kit_sponsor"": ""Hummel"", ""main_sponsor"": ""Adidas"", ""value"": ""573729 TND"", ""duration"": ""1 years""}","{""facebook"": ""facebook.com/club_3151"", ""twitter"": ""twitter.com/club_2162"", ""instagram"": ""instagram.com/club_4744""}"
C-66,1109,AS Rejiche,Tunisia,Tunisian Ligue 2,Stade Olympique de Rades,'3-5-1-1',Wing Play,14437000.0,5774800.0,"{""last_5_transfers"": [{""year"": 2022, ""player"": ""Player_685"", ""fee"": 172232.41, ""type"": ""Out""}, {""year"": 2024, ""player"": ""Player_870"", ""fee"": 2145103.01, ""type"": ""In""}, {""year"": 2022, ""player"": ""Player_217"", ""fee"": 4866801.06, ""type"": ""In""}, {""year"": 2024, ""player"": ""Player_377"", ""fee"": 3965481.38, ""type"": ""Out""}, {""year"": 2019, ""player"": ""Player_517"", ""fee"": 4762696.06, ""type"": ""In""}], ""total_spend"": 4044222.29, ""total_income"": 5524231.43}",659143.1837993294,4 years,True,International players,Under-23 talents,9.98,"{""kit_sponsor"": ""Macron"", ""main_sponsor"": ""Soci\u00e9t\u00e9 G\u00e9n\u00e9rale"", ""value"": ""663261 TND"", ""duration"": ""3 years""}","{""facebook"": ""facebook.com/club_7552"", ""twitter"": ""twitter.com/club_8022"", ""instagram"": ""instagram.com/club_5598""}"
C-67,1870,AS Sale,Morocco,Botola Pro,Stade Mohammed V,'4-4-2',Tiki-Taka Adaptation,12726000.0,5090400.0,"{""last_5_transfers"": [{""year"": 2023, ""player"": ""Player_861"", ""fee"": 3588824.79, ""type"": ""Out""}, {""year"": 2022, ""player"": ""Player_209"", ""fee"": 4365097.62, ""type"": ""In""}, {""year"": 2022, ""player"": ""Player_804"", ""fee"": 231715.34, ""type"": ""Out""}, {""year"": 2023, ""player"": ""Player_194"", ""fee"": 2171263.62, ""type"": ""In""}, {""year"": 2021, ""player"": ""Player_324"", ""fee"": 2366285.18, ""type"": ""Out""}], ""total_spend"": 8457980.32, ""total_income"": 7774065.44}",103398.82031547245,3 years,False,Young prospects,Under-23 talents,6.74,"{""kit_sponsor"": ""Puma"", ""main_sponsor"": ""BIAT Bank"", ""value"": ""533075 TND"", ""duration"": ""1 years""}","{""facebook"": ""facebook.com/club_6628"", ""twitter"": ""twitter.com/club_7027"", ""instagram"": ""instagram.com/club_3424""}"
C-68,1145,AS Slimane,Tunisia,Tunisian Ligue Professionnelle 1,Stade Olympique de Rades,'5-3-2',Low Block Counter,12680000.0,5072000.0,"{""last_5_transfers"": [{""year"": 2019, ""player"": ""Player_667"", ""fee"": 559937.43, ""type"": ""Out""}, {""year"": 2019, ""player"": ""Player_907"", ""fee"": 191229.54, ""type"": ""In""}, {""year"": 2021, ""player"": ""Player_339"", ""fee"": 1248462.72, ""type"": ""In""}, {""year"": 2020, ""player"": ""Player_881"", ""fee"": 3461092.59, ""type"": ""Out""}, {""year"": 2024, ""player"": ""Player_769"", ""fee"": 3179333.92, ""type"": ""Out""}], ""total_spend"": 7613184.93, ""total_income"": 2850150.37}",507462.9256563196,3 years,False,Young prospects,Under-23 talents,6.92,"{""kit_sponsor"": ""Nike"", ""main_sponsor"": ""STB Bank"", ""value"": ""249874 TND"", ""duration"": ""1 years""}","{""facebook"": ""facebook.com/club_1118"", ""twitter"": ""twitter.com/club_6939"", ""instagram"": ""instagram.com/club_4756""}"
C-69,1252,AS Tanda,Ivory Coast,Ligue 1,Stade Olympique Alassane Ouattara,'4-3-3',North African Technical,714357000.0,285742800.0,"{""last_5_transfers"": [{""year"": 2024, ""player"": ""Player_853"", ""fee"": 1856114.89, ""type"": ""Out""}, {""year"": 2023, ""player"": ""Player_657"", ""fee"": 1448587.4, ""type"": ""In""}, {""year"": 2024, ""player"": ""Player_466"", ""fee"": 425260.33, ""type"": ""Out""}, {""year"": 2021, ""player"": ""Player_852"", ""fee"": 3690881.62, ""type"": ""Out""}, {""year"": 2022, ""player"": ""Player_799"", ""fee"": 1277448.27, ""type"": ""In""}], ""total_spend"": 5437237.45, ""total_income"": 2209512.8}",129641.5157331923,4 years,False,Experienced players,Under-23 talents,9.25,"{""kit_sponsor"": ""Under Armour"", ""main_sponsor"": ""Qatar Airways"", ""value"": ""429405 TND"", ""duration"": ""2 years""}","{""facebook"": ""facebook.com/club_5779"", ""twitter"": ""twitter.com/club_6467"", ""instagram"": ""instagram.com/club_1620""}"
C-70,1975,AS-FAN,Niger,Niger Premier League,Stade General Seyni Kountche,'4-1-4-1',Possession-based,2971416000.0,1188566400.0,"{""last_5_transfers"": [{""year"": 2023, ""player"": ""Player_933"", ""fee"": 3620175.35, ""type"": ""In""}, {""year"": 2019, ""player"": ""Player_376"", ""fee"": 4054598.27, ""type"": ""In""}, {""year"": 2023, ""player"": ""Player_89"", ""fee"": 4454932.25, ""type"": ""In""}, {""year"": 2022, ""player"": ""Player_392"", ""fee"": 359630.52, ""type"": ""In""}, {""year"": 2024, ""player"": ""Player_908"", ""fee"": 4912927.26, ""type"": ""In""}], ""total_spend"": 6826020.61, ""total_income"": 6977962.52}",831896.6751610301,4 years,False,International players,African talents,3.65,"{""kit_sponsor"": ""Under Armour"", ""main_sponsor"": ""Huawei"", ""value"": ""582812 TND"", ""duration"": ""5 years""}","{""facebook"": ""facebook.com/club_2828"", ""twitter"": ""twitter.com/club_6351"", ""instagram"": ""instagram.com/club_1307""}"
C-71,493,Asante Kotoko,Ghana,Division One League,Baba Yara Stadium,'3-4-2-1',Defensive Structure,46076000.0,18430400.0,"{""last_5_transfers"": [{""year"": 2022, ""player"": ""Player_554"", ""fee"": 1201867.22, ""type"": ""In""}, {""year"": 2021, ""player"": ""Player_137"", ""fee"": 4167260.95, ""type"": ""In""}, {""year"": 2021, ""player"": ""Player_548"", ""fee"": 4669568.78, ""type"": ""Out""}, {""year"": 2020, ""player"": ""Player_709"", ""fee"": 2297995.09, ""type"": ""In""}, {""year"": 2022, ""player"": ""Player_805"", ""fee"": 2349721.7, ""type"": ""Out""}], ""total_spend"": 2560585.72, ""total_income"": 6540732.55}",954462.1290030432,2 years,False,Academy graduates,Young talents,2.72,"{""kit_sponsor"": ""Le Coq Sportif"", ""main_sponsor"": ""TotalEnergies"", ""value"": ""871978 TND"", ""duration"": ""5 years""}","{""facebook"": ""facebook.com/club_2403"", ""twitter"": ""twitter.com/club_8350"", ""instagram"": ""instagram.com/club_6949""}"
C-72,368,ASEC Mimosas,Ivory Coast,Ligue 2,Stade Olympique Alassane Ouattara,'4-3-1-2',North African Technical,2301059000.0,920423600.0,"{""last_5_transfers"": [{""year"": 2019, ""player"": ""Player_786"", ""fee"": 151456.61, ""type"": ""Out""}, {""year"": 2024, ""player"": ""Player_929"", ""fee"": 3197792.87, ""type"": ""Out""}, {""year"": 2019, ""player"": ""Player_492"", ""fee"": 3267408.48, ""type"": ""Out""}, {""year"": 2023, ""player"": ""Player_408"", ""fee"": 2211254.18, ""type"": ""Out""}, {""year"": 2021, ""player"": ""Player_459"", ""fee"": 4898439.14, ""type"": ""Out""}], ""total_spend"": 4714364.99, ""total_income"": 7359461.29}",445366.22903157136,3 years,False,International players,European market,2.53,"{""kit_sponsor"": ""Umbro"", ""main_sponsor"": ""Soci\u00e9t\u00e9 G\u00e9n\u00e9rale"", ""value"": ""244765 TND"", ""duration"": ""3 years""}","{""facebook"": ""facebook.com/club_2348"", ""twitter"": ""twitter.com/club_8918"", ""instagram"": ""instagram.com/club_8630""}"
C-73,1290,ASGNN,Niger,Niger Premier League,Stade General Seyni Kountche,'3-3-3-1',Possession Control,1042588000.0,417035200.0,"{""last_5_transfers"": [{""year"": 2022, ""player"": ""Player_598"", ""fee"": 3504608.45, ""type"": ""In""}, {""year"": 2020, ""player"": ""Player_392"", ""fee"": 259728.57, ""type"": ""In""}, {""year"": 2022, ""player"": ""Player_520"", ""fee"": 3521862.67, ""type"": ""In""}, {""year"": 2024, ""player"": ""Player_431"", ""fee"": 141290.74, ""type"": ""In""}, {""year"": 2024, ""player"": ""Player_79"", ""fee"": 3062571.37, ""type"": ""In""}], ""total_spend"": 2453742.41, ""total_income"": 7119903.87}",492084.1891015078,2 years,True,Experienced players,Local academy,5.32,"{""kit_sponsor"": ""Mizuno"", ""main_sponsor"": ""Qatar Airways"", ""value"": ""832839 TND"", ""duration"": ""1 years""}","{""facebook"": ""facebook.com/club_7872"", ""twitter"": ""twitter.com/club_2771"", ""instagram"": ""instagram.com/club_9479""}"
C-74,856,Ashanti Gold FC,Ghana,Ghana Premier League,Baba Yara Stadium,'3-5-2',Total Football,61233000.0,24493200.0,"{""last_5_transfers"": [{""year"": 2023, ""player"": ""Player_795"", ""fee"": 3050931.74, ""type"": ""Out""}, {""year"": 2020, ""player"": ""Player_578"", ""fee"": 2866876.83, ""type"": ""In""}, {""year"": 2023, ""player"": ""Player_393"", ""fee"": 3346264.49, ""type"": ""Out""}, {""year"": 2024, ""player"": ""Player_446"", ""fee"": 3005246.26, ""type"": ""In""}, {""year"": 2024, ""player"": ""Player_635"", ""fee"": 2570664.38, ""type"": ""In""}], ""total_spend"": 6043019.86, ""total_income"": 6758253.67}",529062.2984751543,3 years,True,Proven professionals,European market,1.32,"{""kit_sponsor"": ""Nike"", ""main_sponsor"": ""Adidas"", ""value"": ""938750 TND"", ""duration"": ""2 years""}","{""facebook"": ""facebook.com/club_7738"", ""twitter"": ""twitter.com/club_7806"", ""instagram"": ""instagram.com/club_5109""}"
C-75,1561,ASI D'Abengourou,Ivory Coast,Ligue 2,Stade Olympique Alassane Ouattara,'5-4-1',Defensive Structure,1927931000.0,771172400.0,"{""last_5_transfers"": [{""year"": 2022, ""player"": ""Player_120"", ""fee"": 1676601.65, ""type"": ""Out""}, {""year"": 2021, ""player"": ""Player_577"", ""fee"": 4241625.44, ""type"": ""In""}, {""year"": 2023, ""player"": ""Player_913"", ""fee"": 4744929.71, ""type"": ""Out""}, {""year"": 2020, ""player"": ""Player_166"", ""fee"": 4300424.09, ""type"": ""In""}, {""year"": 2024, ""player"": ""Player_734"", ""fee"": 2719131.37, ""type"": ""In""}], ""total_spend"": 4749292.95, ""total_income"": 7358495.28}",946840.636563292,4 years,True,International players,Established professionals,2.0,"{""kit_sponsor"": ""Kappa"", ""main_sponsor"": ""Nike"", ""value"": ""929392 TND"", ""duration"": ""2 years""}","{""facebook"": ""facebook.com/club_9798"", ""twitter"": ""twitter.com/club_4950"", ""instagram"": ""instagram.com/club_7320""}"
C-76,2290,ASM Oran,Algeria,Ligue Professionnelle 2,Stade 5 Juillet 1962,'4-3-3',Defensive Solidarity,202151000.0,80860400.0,"{""last_5_transfers"": [{""year"": 2022, ""player"": ""Player_871"", ""fee"": 2927774.71, ""type"": ""Out""}, {""year"": 2022, ""player"": ""Player_252"", ""fee"": 3006256.95, ""type"": ""Out""}, {""year"": 2022, ""player"": ""Player_7"", ""fee"": 1165340.85, ""type"": ""In""}, {""year"": 2021, ""player"": ""Player_379"", ""fee"": 1966267.95, ""type"": ""Out""}, {""year"": 2023, ""player"": ""Player_254"", ""fee"": 915201.7, ""type"": ""Out""}], ""total_spend"": 1740136.29, ""total_income"": 6262179.04}",731871.2428206842,3 years,False,International players,Established professionals,5.54,"{""kit_sponsor"": ""Umbro"", ""main_sponsor"": ""LG Electronics"", ""value"": ""916686 TND"", ""duration"": ""2 years""}","{""facebook"": ""facebook.com/club_1656"", ""twitter"": ""twitter.com/club_2847"", ""instagram"": ""instagram.com/club_7798""}"
C-77,860,ASO Chlef,Algeria,Ligue Professionnelle 1,Stade 5 Juillet 1962,'3-4-2-1',Defensive Solidarity,654808000.0,261923200.0,"{""last_5_transfers"": [{""year"": 2023, ""player"": ""Player_537"", ""fee"": 3435242.38, ""type"": ""Out""}, {""year"": 2021, ""player"": ""Player_159"", ""fee"": 4829659.06, ""type"": ""Out""}, {""year"": 2019, ""player"": ""Player_471"", ""fee"": 4360423.07, ""type"": ""Out""}, {""year"": 2023, ""player"": ""Player_431"", ""fee"": 2270625.35, ""type"": ""In""}, {""year"": 2023, ""player"": ""Player_655"", ""fee"": 3080985.7, ""type"": ""Out""}], ""total_spend"": 9123660.64, ""total_income"": 7687229.46}",932647.2761406356,2 years,True,Academy graduates,South American prospects,1.17,"{""kit_sponsor"": ""Puma"", ""main_sponsor"": ""BMW"", ""value"": ""426947 TND"", ""duration"": ""1 years""}","{""facebook"": ""facebook.com/club_6377"", ""twitter"": ""twitter.com/club_6565"", ""instagram"": ""instagram.com/club_5837""}"
C-78,649,Astres FC de Douala,Cameroon,Elite Two,Olembe Stadium,'3-6-1',Low Block Counter,2646236000.0,1058494400.0,"{""last_5_transfers"": [{""year"": 2019, ""player"": ""Player_889"", ""fee"": 3354681.59, ""type"": ""In""}, {""year"": 2021, ""player"": ""Player_446"", ""fee"": 1675257.6, ""type"": ""Out""}, {""year"": 2024, ""player"": ""Player_724"", ""fee"": 1585954.23, ""type"": ""In""}, {""year"": 2024, ""player"": ""Player_663"", ""fee"": 1612576.28, ""type"": ""In""}, {""year"": 2020, ""player"": ""Player_111"", ""fee"": 1675606.78, ""type"": ""Out""}], ""total_spend"": 1976567.37, ""total_income"": 1989570.18}",976623.3264288343,3 years,False,Academy graduates,Young talents,8.07,"{""kit_sponsor"": ""New Balance"", ""main_sponsor"": ""D\u00e9lice"", ""value"": ""378827 TND"", ""duration"": ""2 years""}","{""facebook"": ""facebook.com/club_1216"", ""twitter"": ""twitter.com/club_9367"", ""instagram"": ""instagram.com/club_8774""}"
C-79,2355,Aswan FC,Egypt,Egyptian Premier League,Cairo International Stadium,'4-4-2',Tiki-Taka Adaptation,19760000.0,7904000.0,"{""last_5_transfers"": [{""year"": 2024, ""player"": ""Player_333"", ""fee"": 2630959.39, ""type"": ""Out""}, {""year"": 2021, ""player"": ""Player_515"", ""fee"": 1712671.72, ""type"": ""Out""}, {""year"": 2023, ""player"": ""Player_251"", ""fee"": 2648228.3, ""type"": ""Out""}, {""year"": 2022, ""player"": ""Player_113"", ""fee"": 1535795.49, ""type"": ""Out""}, {""year"": 2020, ""player"": ""Player_918"", ""fee"": 1665551.46, ""type"": ""Out""}], ""total_spend"": 3701707.65, ""total_income"": 6664757.55}",419400.6411850663,4 years,False,International players,Under-23 talents,1.82,"{""kit_sponsor"": ""Adidas"", ""main_sponsor"": ""Coca-Cola"", ""value"": ""479358 TND"", ""duration"": ""4 years""}","{""facebook"": ""facebook.com/club_2612"", ""twitter"": ""twitter.com/club_2602"", ""instagram"": ""instagram.com/club_5130""}"
C-80,2186,Asyut Petrol,Egypt,Egyptian Premier League,Cairo International Stadium,'4-4-1-1',Total Football,96838000.0,38735200.0,"{""last_5_transfers"": [{""year"": 2019, ""player"": ""Player_509"", ""fee"": 4765828.43, ""type"": ""In""}, {""year"": 2021, ""player"": ""Player_897"", ""fee"": 3105630.76, ""type"": ""In""}, {""year"": 2019, ""player"": ""Player_628"", ""fee"": 3627953.97, ""type"": ""In""}, {""year"": 2022, ""player"": ""Player_664"", ""fee"": 1989438.1, ""type"": ""In""}, {""year"": 2019, ""player"": ""Player_142"", ""fee"": 3366853.5, ""type"": ""In""}], ""total_spend"": 2823283.84, ""total_income"": 4560564.49}",673706.8839647175,4 years,True,International players,European market,2.86,"{""kit_sponsor"": ""Umbro"", ""main_sponsor"": ""Samsung"", ""value"": ""329419 TND"", ""duration"": ""1 years""}","{""facebook"": ""facebook.com/club_5860"", ""twitter"": ""twitter.com/club_7340"", ""instagram"": ""instagram.com/club_4455""}"
C-81,2608,Atar Club,Mali,Malian Premiere Division,Stade 26 Mars,'5-2-3',Technical Dribbling,1088810000.0,435524000.0,"{""last_5_transfers"": [{""year"": 2022, ""player"": ""Player_810"", ""fee"": 2887373.72, ""type"": ""In""}, {""year"": 2021, ""player"": ""Player_74"", ""fee"": 2305277.54, ""type"": ""In""}, {""year"": 2019, ""player"": ""Player_210"", ""fee"": 1268421.97, ""type"": ""Out""}, {""year"": 2023, ""player"": ""Player_568"", ""fee"": 3015383.32, ""type"": ""Out""}, {""year"": 2022, ""player"": ""Player_988"", ""fee"": 3844275.68, ""type"": ""Out""}], ""total_spend"": 3000627.33, ""total_income"": 2549449.44}",952457.595044692,3 years,False,International players,Established professionals,5.66,"{""kit_sponsor"": ""Umbro"", ""main_sponsor"": ""BMW"", ""value"": ""986338 TND"", ""duration"": ""5 years""}","{""facebook"": ""facebook.com/club_1374"", ""twitter"": ""twitter.com/club_8100"", ""instagram"": ""instagram.com/club_9773""}"
C-82,2201,Atletico do Namibe,Angola,Segunda Divisao,Estadio 11 de Novembro,'3-6-1',North African Technical,1346368000.0,538547200.0,"{""last_5_transfers"": [{""year"": 2019, ""player"": ""Player_474"", ""fee"": 4121055.35, ""type"": ""In""}, {""year"": 2021, ""player"": ""Player_629"", ""fee"": 1560733.29, ""type"": ""In""}, {""year"": 2024, ""player"": ""Player_86"", ""fee"": 4720630.23, ""type"": ""In""}, {""year"": 2022, ""player"": ""Player_646"", ""fee"": 4028732.93, ""type"": ""Out""}, {""year"": 2019, ""player"": ""Player_673"", ""fee"": 1950768.52, ""type"": ""Out""}], ""total_spend"": 5708772.21, ""total_income"": 7398447.43}",885648.9073673831,3 years,False,International players,Asian market,9.51,"{""kit_sponsor"": ""Joma"", ""main_sponsor"": ""Coca-Cola"", ""value"": ""488486 TND"", ""duration"": ""1 years""}","{""facebook"": ""facebook.com/club_1725"", ""twitter"": ""twitter.com/club_3619"", ""instagram"": ""instagram.com/club_6575""}"
C-83,309,Atletico Petro Luanda,Angola,Segunda Divisao,Estadio 11 de Novembro,'4-4-2',Possession Control,3093060000.0,1237224000.0,"{""last_5_transfers"": [{""year"": 2024, ""player"": ""Player_639"", ""fee"": 2314910.42, ""type"": ""Out""}, {""year"": 2024, ""player"": ""Player_987"", ""fee"": 2445170.48, ""type"": ""In""}, {""year"": 2020, ""player"": ""Player_28"", ""fee"": 160652.42, ""type"": ""In""}, {""year"": 2020, ""player"": ""Player_885"", ""fee"": 4104880.22, ""type"": ""Out""}, {""year"": 2022, ""player"": ""Player_409"", ""fee"": 2060162.14, ""type"": ""Out""}], ""total_spend"": 5842751.27, ""total_income"": 3460949.49}",613160.5101684878,4 years,False,Young prospects,Asian market,7.22,"{""kit_sponsor"": ""New Balance"", ""main_sponsor"": ""Tunisie Telecom"", ""value"": ""773706 TND"", ""duration"": ""1 years""}","{""facebook"": ""facebook.com/club_4248"", ""twitter"": ""twitter.com/club_2993"", ""instagram"": ""instagram.com/club_1665""}"
C-84,1868,Atletico Sport Aviacao,Angola,Segunda Divisao,Estadio 11 de Novembro,'3-4-3',Tiki-Taka Adaptation,3700840000.0,1480336000.0,"{""last_5_transfers"": [{""year"": 2022, ""player"": ""Player_672"", ""fee"": 1985269.9, ""type"": ""In""}, {""year"": 2021, ""player"": ""Player_515"", ""fee"": 4577193.27, ""type"": ""Out""}, {""year"": 2020, ""player"": ""Player_127"", ""fee"": 3462249.77, ""type"": ""In""}, {""year"": 2024, ""player"": ""Player_353"", ""fee"": 239657.67, ""type"": ""Out""}, {""year"": 2024, ""player"": ""Player_90"", ""fee"": 938394.33, ""type"": ""In""}], ""total_spend"": 8557567.43, ""total_income"": 3506657.56}",835562.8613887293,3 years,True,Academy graduates,Under-23 talents,1.96,"{""kit_sponsor"": ""Umbro"", ""main_sponsor"": ""Huawei"", ""value"": ""724473 TND"", ""duration"": ""1 years""}","{""facebook"": ""facebook.com/club_7140"", ""twitter"": ""twitter.com/club_8733"", ""instagram"": ""instagram.com/club_5108""}"
C-85,1316,Avenir de La Marsa,Tunisia,Tunisian Ligue 2,Stade Olympique de Rades,'4-5-1',Possession Control,8704000.0,3481600.0,"{""last_5_transfers"": [{""year"": 2024, ""player"": ""Player_518"", ""fee"": 676344.68, ""type"": ""Out""}, {""year"": 2020, ""player"": ""Player_167"", ""fee"": 4676054.23, ""type"": ""In""}, {""year"": 2020, ""player"": ""Player_957"", ""fee"": 1210979.78, ""type"": ""Out""}, {""year"": 2024, ""player"": ""Player_420"", ""fee"": 1444211.08, ""type"": ""In""}, {""year"": 2019, ""player"": ""Player_400"", ""fee"": 2541252.45, ""type"": ""Out""}], ""total_spend"": 7356583.81, ""total_income"": 2381067.87}",726104.624501709,3 years,False,Academy graduates,Asian market,9.0,"{""kit_sponsor"": ""Macron"", ""main_sponsor"": ""Turkish Airlines"", ""value"": ""179114 TND"", ""duration"": ""5 years""}","{""facebook"": ""facebook.com/club_2776"", ""twitter"": ""twitter.com/club_8316"", ""instagram"": ""instagram.com/club_1466""}"
C-86,1402,Avion Fc Du Nkam,Cameroon,Elite One,Olembe Stadium,'4-4-2',Quick Counter-attacks,2508937000.0,1003574800.0,"{""last_5_transfers"": [{""year"": 2022, ""player"": ""Player_654"", ""fee"": 3334280.88, ""type"": ""Out""}, {""year"": 2023, ""player"": ""Player_294"", ""fee"": 2045890.64, ""type"": ""Out""}, {""year"": 2023, ""player"": ""Player_847"", ""fee"": 1710744.08, ""type"": ""Out""}, {""year"": 2024, ""player"": ""Player_453"", ""fee"": 3802634.2, ""type"": ""In""}, {""year"": 2021, ""player"": ""Player_541"", ""fee"": 4263053.06, ""type"": ""Out""}], ""total_spend"": 8029449.76, ""total_income"": 7945455.63}",123728.09031891204,2 years,False,Proven professionals,European market,3.57,"{""kit_sponsor"": ""Hummel"", ""main_sponsor"": ""Huawei"", ""value"": ""858667 TND"", ""duration"": ""3 years""}","{""facebook"": ""facebook.com/club_3734"", ""twitter"": ""twitter.com/club_6282"", ""instagram"": ""instagram.com/club_4713""}"
C-87,2137,Azam,Tanzania,First Division League,Benjamin Mkapa Stadium,'3-5-1-1',North African Technical,1353399000.0,541359600.0,"{""last_5_transfers"": [{""year"": 2019, ""player"": ""Player_746"", ""fee"": 3946729.57, ""type"": ""Out""}, {""year"": 2024, ""player"": ""Player_560"", ""fee"": 3914288.38, ""type"": ""In""}, {""year"": 2019, ""player"": ""Player_737"", ""fee"": 1974078.45, ""type"": ""Out""}, {""year"": 2022, ""player"": ""Player_898"", ""fee"": 2634013.37, ""type"": ""In""}, {""year"": 2019, ""player"": ""Player_607"", ""fee"": 4894090.3, ""type"": ""In""}], ""total_spend"": 1568889.68, ""total_income"": 7006066.93}",249409.78488495311,3 years,True,Young prospects,European market,2.61,"{""kit_sponsor"": ""Under Armour"", ""main_sponsor"": ""Mercedes"", ""value"": ""484637 TND"", ""duration"": ""4 years""}","{""facebook"": ""facebook.com/club_5785"", ""twitter"": ""twitter.com/club_8317"", ""instagram"": ""instagram.com/club_3214""}"
C-88,1373,Bakaridjan de Baroueli,Mali,Malian Premiere Division,Stade 26 Mars,'3-5-1-1',Direct Play,2740874000.0,1096349600.0,"{""last_5_transfers"": [{""year"": 2020, ""player"": ""Player_324"", ""fee"": 2375019.92, ""type"": ""In""}, {""year"": 2023, ""player"": ""Player_162"", ""fee"": 1250797.04, ""type"": ""Out""}, {""year"": 2019, ""player"": ""Player_437"", ""fee"": 1389793.27, ""type"": ""In""}, {""year"": 2022, ""player"": ""Player_15"", ""fee"": 825696.72, ""type"": ""In""}, {""year"": 2020, ""player"": ""Player_431"", ""fee"": 2560992.24, ""type"": ""Out""}], ""total_spend"": 6815396.65, ""total_income"": 2484859.47}",915388.3605013932,3 years,True,Proven professionals,African talents,1.32,"{""kit_sponsor"": ""Joma"", ""main_sponsor"": ""BMW"", ""value"": ""331665 TND"", ""duration"": ""2 years""}","{""facebook"": ""facebook.com/club_5310"", ""twitter"": ""twitter.com/club_7478"", ""instagram"": ""instagram.com/club_3549""}"
C-89,765,Bamboutos,Cameroon,Elite Two,Olembe Stadium,'4-3-1-2',Defensive Solidarity,1946567000.0,778626800.0,"{""last_5_transfers"": [{""year"": 2022, ""player"": ""Player_31"", ""fee"": 2523003.0, ""type"": ""Out""}, {""year"": 2019, ""player"": ""Player_317"", ""fee"": 2479842.18, ""type"": ""Out""}, {""year"": 2020, ""player"": ""Player_82"", ""fee"": 4425860.49, ""type"": ""In""}, {""year"": 2022, ""player"": ""Player_194"", ""fee"": 973182.78, ""type"": ""Out""}, {""year"": 2019, ""player"": ""Player_518"", ""fee"": 1819743.58, ""type"": ""Out""}], ""total_spend"": 6864859.84, ""total_income"": 7730169.63}",609322.4625634581,4 years,True,Proven professionals,Young talents,1.31,"{""kit_sponsor"": ""Puma"", ""main_sponsor"": ""Samsung"", ""value"": ""760358 TND"", ""duration"": ""2 years""}","{""facebook"": ""facebook.com/club_8869"", ""twitter"": ""twitter.com/club_4716"", ""instagram"": ""instagram.com/club_8036""}"
C-90,2393,Bantu Rovers,Zimbabwe,Zimbabwe Premier Soccer League,National Sports Stadium,'4-4-1-1',High-Energy Pressing,9941503000.0,3976601200.0,"{""last_5_transfers"": [{""year"": 2024, ""player"": ""Player_27"", ""fee"": 537623.46, ""type"": ""In""}, {""year"": 2024, ""player"": ""Player_139"", ""fee"": 2459598.36, ""type"": ""Out""}, {""year"": 2020, ""player"": ""Player_638"", ""fee"": 3412717.02, ""type"": ""Out""}, {""year"": 2019, ""player"": ""Player_166"", ""fee"": 592811.44, ""type"": ""In""}, {""year"": 2024, ""player"": ""Player_384"", ""fee"": 629560.19, ""type"": ""Out""}], ""total_spend"": 1725470.63, ""total_income"": 7650267.69}",656300.2972235777,4 years,False,Experienced players,Local academy,8.99,"{""kit_sponsor"": ""Nike"", ""main_sponsor"": ""Al Baraka Bank"", ""value"": ""454432 TND"", ""duration"": ""4 years""}","{""facebook"": ""facebook.com/club_5112"", ""twitter"": ""twitter.com/club_6782"", ""instagram"": ""instagram.com/club_6134""}"
C-91,1884,Baroka FC,South Africa,Premier Soccer League,FNB Stadium,'4-5-1',Defensive Solidarity,22198000.0,8879200.0,"{""last_5_transfers"": [{""year"": 2023, ""player"": ""Player_508"", ""fee"": 4982237.21, ""type"": ""Out""}, {""year"": 2020, ""player"": ""Player_67"", ""fee"": 3444069.74, ""type"": ""Out""}, {""year"": 2021, ""player"": ""Player_813"", ""fee"": 734033.72, ""type"": ""Out""}, {""year"": 2023, ""player"": ""Player_249"", ""fee"": 1790828.69, ""type"": ""Out""}, {""year"": 2023, ""player"": ""Player_246"", ""fee"": 3760069.58, ""type"": ""In""}], ""total_spend"": 6334221.26, ""total_income"": 6056508.12}",354267.22445117583,3 years,True,Young prospects,South American prospects,7.03,"{""kit_sponsor"": ""New Balance"", ""main_sponsor"": ""Adidas"", ""value"": ""224227 TND"", ""duration"": ""1 years""}","{""facebook"": ""facebook.com/club_5799"", ""twitter"": ""twitter.com/club_1510"", ""instagram"": ""instagram.com/club_5543""}"
C-92,1497,Bayelsa United,Nigeria,Nigeria National League,Moshood Abiola National Stadium,'4-2-2-2',North African Technical,1813434000.0,725373600.0,"{""last_5_transfers"": [{""year"": 2021, ""player"": ""Player_316"", ""fee"": 3032568.88, ""type"": ""In""}, {""year"": 2022, ""player"": ""Player_459"", ""fee"": 3027676.12, ""type"": ""In""}, {""year"": 2022, ""player"": ""Player_816"", ""fee"": 2265474.54, ""type"": ""Out""}, {""year"": 2022, ""player"": ""Player_928"", ""fee"": 3632492.56, ""type"": ""Out""}, {""year"": 2023, ""player"": ""Player_45"", ""fee"": 2110286.85, ""type"": ""In""}], ""total_spend"": 6780825.59, ""total_income"": 4603278.31}",535503.3613339006,4 years,False,Local talent,Local academy,8.42,"{""kit_sponsor"": ""Mizuno"", ""main_sponsor"": ""Puma"", ""value"": ""649566 TND"", ""duration"": ""4 years""}","{""facebook"": ""facebook.com/club_6943"", ""twitter"": ""twitter.com/club_6337"", ""instagram"": ""instagram.com/club_3654""}"
C-93,1396,Bechem United,Ghana,Division One League,Baba Yara Stadium,'3-4-3',Defensive Solidarity,53996000.0,21598400.0,"{""last_5_transfers"": [{""year"": 2022, ""player"": ""Player_609"", ""fee"": 972604.86, ""type"": ""Out""}, {""year"": 2019, ""player"": ""Player_819"", ""fee"": 4363311.69, ""type"": ""In""}, {""year"": 2022, ""player"": ""Player_722"", ""fee"": 1762508.43, ""type"": ""Out""}, {""year"": 2023, ""player"": ""Player_885"", ""fee"": 4878882.34, ""type"": ""Out""}, {""year"": 2023, ""player"": ""Player_756"", ""fee"": 1422762.04, ""type"": ""In""}], ""total_spend"": 4139182.11, ""total_income"": 5650076.98}",658076.2366584353,3 years,True,Local talent,European market,1.47,"{""kit_sponsor"": ""Local Brand"", ""main_sponsor"": ""Vitalait"", ""value"": ""491309 TND"", ""duration"": ""1 years""}","{""facebook"": ""facebook.com/club_3509"", ""twitter"": ""twitter.com/club_2112"", ""instagram"": ""instagram.com/club_5141""}"
C-94,949,Ben Guerdane,Tunisia,Tunisian Ligue 2,Stade Olympique de Rades,'4-3-1-2',West African Power,12276000.0,4910400.0,"{""last_5_transfers"": [{""year"": 2020, ""player"": ""Player_882"", ""fee"": 4395026.51, ""type"": ""Out""}, {""year"": 2024, ""player"": ""Player_302"", ""fee"": 2049013.71, ""type"": ""Out""}, {""year"": 2019, ""player"": ""Player_320"", ""fee"": 777542.24, ""type"": ""Out""}, {""year"": 2023, ""player"": ""Player_942"", ""fee"": 106854.19, ""type"": ""Out""}, {""year"": 2022, ""player"": ""Player_832"", ""fee"": 263677.64, ""type"": ""Out""}], ""total_spend"": 8555547.39, ""total_income"": 6757822.21}",913998.792830808,2 years,False,Proven professionals,Asian market,6.02,"{""kit_sponsor"": ""Nike"", ""main_sponsor"": ""Nike"", ""value"": ""452320 TND"", ""duration"": ""5 years""}","{""facebook"": ""facebook.com/club_5156"", ""twitter"": ""twitter.com/club_5627"", ""instagram"": ""instagram.com/club_9224""}"
C-95,1288,Bendel Insurance,Nigeria,Nigeria Professional Football League,Moshood Abiola National Stadium,'4-2-4',Attacking Overload,565093000.0,226037200.0,"{""last_5_transfers"": [{""year"": 2024, ""player"": ""Player_101"", ""fee"": 2530573.8, ""type"": ""Out""}, {""year"": 2020, ""player"": ""Player_883"", ""fee"": 720289.4, ""type"": ""In""}, {""year"": 2019, ""player"": ""Player_283"", ""fee"": 1688961.23, ""type"": ""Out""}, {""year"": 2023, ""player"": ""Player_830"", ""fee"": 2268938.38, ""type"": ""Out""}, {""year"": 2023, ""player"": ""Player_397"", ""fee"": 602261.72, ""type"": ""In""}], ""total_spend"": 2485450.39, ""total_income"": 4772425.31}",656848.1226938581,3 years,True,International players,European market,4.95,"{""kit_sponsor"": ""Under Armour"", ""main_sponsor"": ""Turkish Airlines"", ""value"": ""925627 TND"", ""duration"": ""3 years""}","{""facebook"": ""facebook.com/club_9860"", ""twitter"": ""twitter.com/club_5692"", ""instagram"": ""instagram.com/club_5724""}"
C-96,987,Benfica Luanda,Angola,Segunda Divisao,Estadio 11 de Novembro,'4-3-3',High Press,1975826000.0,790330400.0,"{""last_5_transfers"": [{""year"": 2024, ""player"": ""Player_343"", ""fee"": 786033.28, ""type"": ""Out""}, {""year"": 2024, ""player"": ""Player_701"", ""fee"": 1544580.67, ""type"": ""Out""}, {""year"": 2020, ""player"": ""Player_31"", ""fee"": 2743697.35, ""type"": ""In""}, {""year"": 2019, ""player"": ""Player_27"", ""fee"": 2344482.35, ""type"": ""In""}, {""year"": 2019, ""player"": ""Player_347"", ""fee"": 3783557.98, ""type"": ""In""}], ""total_spend"": 1066404.14, ""total_income"": 3497886.02}",260164.73749737573,2 years,False,Academy graduates,South American prospects,0.26,"{""kit_sponsor"": ""New Balance"", ""main_sponsor"": ""Danone"", ""value"": ""195050 TND"", ""duration"": ""2 years""}","{""facebook"": ""facebook.com/club_1529"", ""twitter"": ""twitter.com/club_1883"", ""instagram"": ""instagram.com/club_2721""}"
C-97,1894,Beni-Khalled,Tunisia,Tunisian Ligue 2,Stade Olympique de Rades,'3-4-2-1',Possession Control,7685000.0,3074000.0,"{""last_5_transfers"": [{""year"": 2024, ""player"": ""Player_471"", ""fee"": 2681264.95, ""type"": ""Out""}, {""year"": 2024, ""player"": ""Player_781"", ""fee"": 4529000.13, ""type"": ""Out""}, {""year"": 2022, ""player"": ""Player_186"", ""fee"": 1761201.9, ""type"": ""Out""}, {""year"": 2019, ""player"": ""Player_842"", ""fee"": 3303326.19, ""type"": ""In""}, {""year"": 2024, ""player"": ""Player_871"", ""fee"": 4638590.12, ""type"": ""In""}], ""total_spend"": 4071063.96, ""total_income"": 4513989.77}",176639.27351286344,2 years,True,International players,Local academy,3.96,"{""kit_sponsor"": ""Nike"", ""main_sponsor"": ""Mercedes"", ""value"": ""720159 TND"", ""duration"": ""3 years""}","{""facebook"": ""facebook.com/club_6424"", ""twitter"": ""twitter.com/club_3830"", ""instagram"": ""instagram.com/club_7437""}"
C-98,1952,Berekum Arsenal,Ghana,Division One League,Baba Yara Stadium,'5-3-2',Attacking Overload,30723000.0,12289200.0,"{""last_5_transfers"": [{""year"": 2024, ""player"": ""Player_707"", ""fee"": 3740220.74, ""type"": ""Out""}, {""year"": 2019, ""player"": ""Player_975"", ""fee"": 3484089.41, ""type"": ""Out""}, {""year"": 2022, ""player"": ""Player_352"", ""fee"": 2724435.23, ""type"": ""Out""}, {""year"": 2023, ""player"": ""Player_490"", ""fee"": 3440612.27, ""type"": ""Out""}, {""year"": 2020, ""player"": ""Player_629"", ""fee"": 2547560.68, ""type"": ""Out""}], ""total_spend"": 6009765.49, ""total_income"": 4480733.95}",689734.1937537588,3 years,False,Experienced players,Local academy,4.94,"{""kit_sponsor"": ""Joma"", ""main_sponsor"": ""Carrefour"", ""value"": ""417747 TND"", ""duration"": ""3 years""}","{""facebook"": ""facebook.com/club_2857"", ""twitter"": ""twitter.com/club_3585"", ""instagram"": ""instagram.com/club_5609""}"
C-99,1082,Berekum Chelsea FC,Ghana,Ghana Premier League,Baba Yara Stadium,'3-6-1',Total Football,20357000.0,8142800.0,"{""last_5_transfers"": [{""year"": 2022, ""player"": ""Player_912"", ""fee"": 1025856.84, ""type"": ""Out""}, {""year"": 2024, ""player"": ""Player_907"", ""fee"": 742303.94, ""type"": ""In""}, {""year"": 2022, ""player"": ""Player_547"", ""fee"": 463801.86, ""type"": ""Out""}, {""year"": 2024, ""player"": ""Player_47"", ""fee"": 1465734.44, ""type"": ""In""}, {""year"": 2020, ""player"": ""Player_109"", ""fee"": 3439499.09, ""type"": ""In""}], ""total_spend"": 7144312.76, ""total_income"": 960643.44}",976019.3159605872,3 years,False,International players,South American prospects,7.22,"{""kit_sponsor"": ""Le Coq Sportif"", ""main_sponsor"": ""Al Baraka Bank"", ""value"": ""315350 TND"", ""duration"": ""2 years""}","{""facebook"": ""facebook.com/club_5009"", ""twitter"": ""twitter.com/club_2438"", ""instagram"": ""instagram.com/club_5235""}"
C-100,2027,Bibiani Gold Stars F.C.,Ghana,Ghana Premier League,Baba Yara Stadium,'3-4-2-1',High-Energy Pressing,12898000.0,5159200.0,"{""last_5_transfers"": [{""year"": 2020, ""player"": ""Player_76"", ""fee"": 2093592.05, ""type"": ""Out""}, {""year"": 2021, ""player"": ""Player_272"", ""fee"": 671832.89, ""type"": ""Out""}, {""year"": 2023, ""player"": ""Player_523"", ""fee"": 2852878.77, ""type"": ""In""}, {""year"": 2020, ""player"": ""Player_935"", ""fee"": 2138049.97, ""type"": ""In""}, {""year"": 2024, ""player"": ""Player_924"", ""fee"": 1356558.04, ""type"": ""In""}], ""total_spend"": 9182379.93, ""total_income"": 4977292.01}",956557.2307187836,4 years,False,Academy graduates,Established professionals,8.3,"{""kit_sponsor"": ""Macron"", ""main_sponsor"": ""Puma"", ""value"": ""812711 TND"", ""duration"": ""3 years""}","{""facebook"": ""facebook.com/club_8108"", ""twitter"": ""twitter.com/club_6553"", ""instagram"": ""instagram.com/club_1652""}"
C-101,443,Bidvest Wits,South Africa,Premier Soccer League,FNB Stadium,'4-2-3-1',Possession-based,28959000.0,11583600.0,"{""last_5_transfers"": [{""year"": 2020, ""player"": ""Player_845"", ""fee"": 3700100.18, ""type"": ""In""}, {""year"": 2024, ""player"": ""Player_930"", ""fee"": 4029770.9, ""type"": ""Out""}, {""year"": 2023, ""player"": ""Player_74"", ""fee"": 4805162.16, ""type"": ""In""}, {""year"": 2024, ""player"": ""Player_240"", ""fee"": 4402465.38, ""type"": ""In""}, {""year"": 2022, ""player"": ""Player_188"", ""fee"": 689466.51, ""type"": ""Out""}], ""total_spend"": 7517782.53, ""total_income"": 2667314.41}",514346.2862943728,2 years,True,Proven professionals,European market,3.93,"{""kit_sponsor"": ""Macron"", ""main_sponsor"": ""Orange"", ""value"": ""230382 TND"", ""duration"": ""5 years""}","{""facebook"": ""facebook.com/club_3925"", ""twitter"": ""twitter.com/club_7329"", ""instagram"": ""instagram.com/club_1438""}"
C-102,2587,Black Leopards,South Africa,Premier Soccer League,FNB Stadium,'4-4-1-1',Possession-based,40315000.0,16126000.0,"{""last_5_transfers"": [{""year"": 2019, ""player"": ""Player_984"", ""fee"": 4343150.22, ""type"": ""Out""}, {""year"": 2020, ""player"": ""Player_220"", ""fee"": 122838.34, ""type"": ""Out""}, {""year"": 2022, ""player"": ""Player_177"", ""fee"": 4037121.76, ""type"": ""Out""}, {""year"": 2023, ""player"": ""Player_321"", ""fee"": 4061697.42, ""type"": ""Out""}, {""year"": 2022, ""player"": ""Player_153"", ""fee"": 1481937.57, ""type"": ""In""}], ""total_spend"": 1184726.15, ""total_income"": 7572129.25}",472023.9165052156,4 years,False,Proven professionals,European market,7.9,"{""kit_sponsor"": ""New Balance"", ""main_sponsor"": ""Huawei"", ""value"": ""632179 TND"", ""duration"": ""3 years""}","{""facebook"": ""facebook.com/club_3760"", ""twitter"": ""twitter.com/club_9838"", ""instagram"": ""instagram.com/club_7594""}"
C-103,1806,Black Mambas,Zimbabwe,Zimbabwe Premier Soccer League,National Sports Stadium,'3-5-1-1',East African Speed,11943220000.0,4777288000.0,"{""last_5_transfers"": [{""year"": 2022, ""player"": ""Player_266"", ""fee"": 3215966.84, ""type"": ""Out""}, {""year"": 2020, ""player"": ""Player_82"", ""fee"": 993220.6, ""type"": ""Out""}, {""year"": 2023, ""player"": ""Player_764"", ""fee"": 689310.31, ""type"": ""Out""}, {""year"": 2023, ""player"": ""Player_843"", ""fee"": 1473929.32, ""type"": ""Out""}, {""year"": 2022, ""player"": ""Player_28"", ""fee"": 3444194.6, ""type"": ""In""}], ""total_spend"": 9593458.49, ""total_income"": 5474273.33}",880000.8833447997,4 years,True,Local talent,African talents,8.39,"{""kit_sponsor"": ""Hummel"", ""main_sponsor"": ""Vitalait"", ""value"": ""182543 TND"", ""duration"": ""3 years""}","{""facebook"": ""facebook.com/club_5795"", ""twitter"": ""twitter.com/club_1210"", ""instagram"": ""instagram.com/club_9429""}"
C-104,1840,Black Rhinos,Zimbabwe,Zimbabwe Premier Soccer League,National Sports Stadium,'3-6-1',Wing Play,4232303000.0,1692921200.0,"{""last_5_transfers"": [{""year"": 2023, ""player"": ""Player_241"", ""fee"": 4973700.27, ""type"": ""Out""}, {""year"": 2019, ""player"": ""Player_638"", ""fee"": 4142441.84, ""type"": ""Out""}, {""year"": 2022, ""player"": ""Player_597"", ""fee"": 2276391.64, ""type"": ""In""}, {""year"": 2023, ""player"": ""Player_506"", ""fee"": 4315202.18, ""type"": ""In""}, {""year"": 2020, ""player"": ""Player_598"", ""fee"": 4855571.17, ""type"": ""Out""}], ""total_spend"": 6651978.04, ""total_income"": 6639899.86}",568856.1019924588,3 years,False,Young prospects,Local academy,3.42,"{""kit_sponsor"": ""New Balance"", ""main_sponsor"": ""Magasin G\u00e9n\u00e9ral"", ""value"": ""246079 TND"", ""duration"": ""5 years""}","{""facebook"": ""facebook.com/club_9240"", ""twitter"": ""twitter.com/club_2101"", ""instagram"": ""instagram.com/club_7093""}"
C-105,1101,Bloemfontein Celtic,South Africa,Premier Soccer League,FNB Stadium,'4-1-3-2',North African Technical,53086000.0,21234400.0,"{""last_5_transfers"": [{""year"": 2021, ""player"": ""Player_841"", ""fee"": 1714978.29, ""type"": ""In""}, {""year"": 2023, ""player"": ""Player_59"", ""fee"": 1848123.23, ""type"": ""In""}, {""year"": 2023, ""player"": ""Player_105"", ""fee"": 3885669.9, ""type"": ""In""}, {""year"": 2020, ""player"": ""Player_295"", ""fee"": 3437213.82, ""type"": ""Out""}, {""year"": 2022, ""player"": ""Player_556"", ""fee"": 4543460.11, ""type"": ""In""}], ""total_spend"": 4904325.0, ""total_income"": 2889914.4}",390450.1281673575,3 years,True,Local talent,South American prospects,9.37,"{""kit_sponsor"": ""Puma"", ""main_sponsor"": ""BIAT Bank"", ""value"": ""535945 TND"", ""duration"": ""4 years""}","{""facebook"": ""facebook.com/club_4099"", ""twitter"": ""twitter.com/club_8351"", ""instagram"": ""instagram.com/club_4131""}"
C-106,1181,Botafogo FC,Cameroon,Elite One,Olembe Stadium,'5-3-2',North African Technical,1442612000.0,577044800.0,"{""last_5_transfers"": [{""year"": 2023, ""player"": ""Player_634"", ""fee"": 2650902.45, ""type"": ""In""}, {""year"": 2022, ""player"": ""Player_687"", ""fee"": 855904.95, ""type"": ""Out""}, {""year"": 2023, ""player"": ""Player_572"", ""fee"": 1182609.5, ""type"": ""In""}, {""year"": 2024, ""player"": ""Player_607"", ""fee"": 3615109.91, ""type"": ""In""}, {""year"": 2021, ""player"": ""Player_522"", ""fee"": 159724.0, ""type"": ""Out""}], ""total_spend"": 7763400.61, ""total_income"": 3724997.46}",407855.8616400165,2 years,True,Proven professionals,South American prospects,5.17,"{""kit_sponsor"": ""Umbro"", ""main_sponsor"": ""Adidas"", ""value"": ""810477 TND"", ""duration"": ""2 years""}","{""facebook"": ""facebook.com/club_2667"", ""twitter"": ""twitter.com/club_6953"", ""instagram"": ""instagram.com/club_9506""}"
C-107,1926,Bouake FC,Ivory Coast,Ligue 2,Stade Olympique Alassane Ouattara,'5-2-3',High Press,2912618000.0,1165047200.0,"{""last_5_transfers"": [{""year"": 2023, ""player"": ""Player_946"", ""fee"": 3565996.84, ""type"": ""In""}, {""year"": 2022, ""player"": ""Player_717"", ""fee"": 3958487.44, ""type"": ""Out""}, {""year"": 2022, ""player"": ""Player_944"", ""fee"": 607620.63, ""type"": ""In""}, {""year"": 2020, ""player"": ""Player_695"", ""fee"": 4419817.86, ""type"": ""In""}, {""year"": 2024, ""player"": ""Player_130"", ""fee"": 1823065.26, ""type"": ""Out""}], ""total_spend"": 9908837.7, ""total_income"": 2298292.32}",740663.4176523179,4 years,True,Experienced players,African talents,3.55,"{""kit_sponsor"": ""Kappa"", ""main_sponsor"": ""Coca-Cola"", ""value"": ""302437 TND"", ""duration"": ""4 years""}","{""facebook"": ""facebook.com/club_8976"", ""twitter"": ""twitter.com/club_4091"", ""instagram"": ""instagram.com/club_5387""}"
C-108,2638,Brong Ahafo Stars,Ghana,Division One League,Baba Yara Stadium,'3-3-3-1',West African Power,21245000.0,8498000.0,"{""last_5_transfers"": [{""year"": 2020, ""player"": ""Player_852"", ""fee"": 627121.52, ""type"": ""In""}, {""year"": 2020, ""player"": ""Player_179"", ""fee"": 2079358.92, ""type"": ""In""}, {""year"": 2020, ""player"": ""Player_611"", ""fee"": 900692.1, ""type"": ""In""}, {""year"": 2024, ""player"": ""Player_679"", ""fee"": 3645047.25, ""type"": ""In""}, {""year"": 2022, ""player"": ""Player_53"", ""fee"": 4907165.5, ""type"": ""In""}], ""total_spend"": 9044978.06, ""total_income"": 6378638.24}",274157.7965638266,4 years,False,Experienced players,Young talents,3.32,"{""kit_sponsor"": ""Adidas"", ""main_sponsor"": ""Orange"", ""value"": ""377058 TND"", ""duration"": ""4 years""}","{""facebook"": ""facebook.com/club_2310"", ""twitter"": ""twitter.com/club_8905"", ""instagram"": ""instagram.com/club_9396""}"
C-109,1900,Buffaloes FC,Zimbabwe,Zimbabwe Premier Soccer League,National Sports Stadium,'5-4-1',Technical Dribbling,8260259000.0,3304103600.0,"{""last_5_transfers"": [{""year"": 2022, ""player"": ""Player_737"", ""fee"": 453489.33, ""type"": ""Out""}, {""year"": 2024, ""player"": ""Player_190"", ""fee"": 4597721.04, ""type"": ""In""}, {""year"": 2020, ""player"": ""Player_815"", ""fee"": 3675609.1, ""type"": ""In""}, {""year"": 2023, ""player"": ""Player_2"", ""fee"": 1870674.06, ""type"": ""In""}, {""year"": 2019, ""player"": ""Player_76"", ""fee"": 793661.86, ""type"": ""Out""}], ""total_spend"": 3939785.74, ""total_income"": 6541765.53}",688380.8213365391,2 years,False,Young prospects,Under-23 talents,4.26,"{""kit_sponsor"": ""New Balance"", ""main_sponsor"": ""Carrefour"", ""value"": ""285913 TND"", ""duration"": ""1 years""}","{""facebook"": ""facebook.com/club_8926"", ""twitter"": ""twitter.com/club_9547"", ""instagram"": ""instagram.com/club_1469""}"
C-110,1993,Buildcon,Zambia,Zambian Premier League,National Heroes Stadium,'3-4-2-1',Possession-based,54313000.0,21725200.0,"{""last_5_transfers"": [{""year"": 2021, ""player"": ""Player_74"", ""fee"": 4350989.83, ""type"": ""Out""}, {""year"": 2023, ""player"": ""Player_345"", ""fee"": 4318192.49, ""type"": ""In""}, {""year"": 2023, ""player"": ""Player_758"", ""fee"": 3826273.02, ""type"": ""Out""}, {""year"": 2024, ""player"": ""Player_249"", ""fee"": 3006389.74, ""type"": ""Out""}, {""year"": 2021, ""player"": ""Player_728"", ""fee"": 2075224.04, ""type"": ""Out""}], ""total_spend"": 6384446.53, ""total_income"": 1604726.46}",145981.0327833462,2 years,False,Local talent,European market,2.12,"{""kit_sponsor"": ""Kappa"", ""main_sponsor"": ""Pepsi"", ""value"": ""114170 TND"", ""duration"": ""5 years""}","{""facebook"": ""facebook.com/club_2548"", ""twitter"": ""twitter.com/club_7359"", ""instagram"": ""instagram.com/club_5794""}"
C-111,1206,Bukola Babes,Nigeria,Nigeria National League,Moshood Abiola National Stadium,'4-2-3-1',Low Block Counter,643399000.0,257359600.0,"{""last_5_transfers"": [{""year"": 2020, ""player"": ""Player_47"", ""fee"": 2823394.11, ""type"": ""Out""}, {""year"": 2020, ""player"": ""Player_964"", ""fee"": 3412654.1, ""type"": ""Out""}, {""year"": 2023, ""player"": ""Player_808"", ""fee"": 4776639.55, ""type"": ""In""}, {""year"": 2020, ""player"": ""Player_6"", ""fee"": 3042091.87, ""type"": ""Out""}, {""year"": 2022, ""player"": ""Player_569"", ""fee"": 4499274.16, ""type"": ""In""}], ""total_spend"": 3953898.54, ""total_income"": 3586418.48}",118267.94008190738,4 years,True,Academy graduates,Established professionals,6.26,"{""kit_sponsor"": ""Under Armour"", ""main_sponsor"": ""BMW"", ""value"": ""330566 TND"", ""duration"": ""4 years""}","{""facebook"": ""facebook.com/club_4471"", ""twitter"": ""twitter.com/club_3831"", ""instagram"": ""instagram.com/club_7833""}"
C-112,1969,Bulawayo Chiefs,Zimbabwe,Zimbabwe Premier Soccer League,National Sports Stadium,'3-5-2',West African Power,17088216000.0,6835286400.0,"{""last_5_transfers"": [{""year"": 2019, ""player"": ""Player_300"", ""fee"": 2530361.73, ""type"": ""Out""}, {""year"": 2021, ""player"": ""Player_792"", ""fee"": 4036665.03, ""type"": ""Out""}, {""year"": 2019, ""player"": ""Player_669"", ""fee"": 2516589.83, ""type"": ""Out""}, {""year"": 2024, ""player"": ""Player_969"", ""fee"": 4400656.82, ""type"": ""Out""}, {""year"": 2021, ""player"": ""Player_744"", ""fee"": 2335133.18, ""type"": ""In""}], ""total_spend"": 2162399.9, ""total_income"": 4968072.89}",848164.9053526579,3 years,False,Proven professionals,Young talents,6.58,"{""kit_sponsor"": ""Macron"", ""main_sponsor"": ""Adidas"", ""value"": ""540015 TND"", ""duration"": ""2 years""}","{""facebook"": ""facebook.com/club_5948"", ""twitter"": ""twitter.com/club_4441"", ""instagram"": ""instagram.com/club_1695""}"
C-113,2309,Bulawayo City FC,Zimbabwe,Zimbabwe Premier Soccer League,National Sports Stadium,'4-3-2-1',Physical Power Play,17050573000.0,6820229200.0,"{""last_5_transfers"": [{""year"": 2024, ""player"": ""Player_88"", ""fee"": 2068450.39, ""type"": ""Out""}, {""year"": 2021, ""player"": ""Player_161"", ""fee"": 3100869.68, ""type"": ""In""}, {""year"": 2019, ""player"": ""Player_989"", ""fee"": 4961799.65, ""type"": ""In""}, {""year"": 2022, ""player"": ""Player_433"", ""fee"": 506401.08, ""type"": ""In""}, {""year"": 2021, ""player"": ""Player_993"", ""fee"": 390790.64, ""type"": ""Out""}], ""total_spend"": 2328257.42, ""total_income"": 7153699.15}",173573.01343743654,3 years,False,Local talent,African talents,1.23,"{""kit_sponsor"": ""Kappa"", ""main_sponsor"": ""Adidas"", ""value"": ""614518 TND"", ""duration"": ""4 years""}","{""facebook"": ""facebook.com/club_2275"", ""twitter"": ""twitter.com/club_6280"", ""instagram"": ""instagram.com/club_8119""}"
C-114,2051,C.D. Lunda Sul,Angola,Girabola,Estadio 11 de Novembro,'5-4-1',Technical Dribbling,2506661000.0,1002664400.0,"{""last_5_transfers"": [{""year"": 2024, ""player"": ""Player_675"", ""fee"": 605283.15, ""type"": ""Out""}, {""year"": 2023, ""player"": ""Player_680"", ""fee"": 1593821.93, ""type"": ""In""}, {""year"": 2021, ""player"": ""Player_945"", ""fee"": 3201411.74, ""type"": ""Out""}, {""year"": 2020, ""player"": ""Player_115"", ""fee"": 4261387.75, ""type"": ""Out""}, {""year"": 2022, ""player"": ""Player_729"", ""fee"": 3183610.54, ""type"": ""In""}], ""total_spend"": 3259335.16, ""total_income"": 1537601.0}",777575.9288015912,4 years,True,Young prospects,Young talents,7.86,"{""kit_sponsor"": ""New Balance"", ""main_sponsor"": ""Al Baraka Bank"", ""value"": ""208120 TND"", ""duration"": ""4 years""}","{""facebook"": ""facebook.com/club_3666"", ""twitter"": ""twitter.com/club_6641"", ""instagram"": ""instagram.com/club_4784""}"
C-115,2025,CA Batna,Algeria,Ligue Professionnelle 2,Stade 5 Juillet 1962,'4-4-2',Defensive Structure,608138000.0,243255200.0,"{""last_5_transfers"": [{""year"": 2024, ""player"": ""Player_500"", ""fee"": 4512941.25, ""type"": ""In""}, {""year"": 2023, ""player"": ""Player_635"", ""fee"": 1100977.42, ""type"": ""Out""}, {""year"": 2020, ""player"": ""Player_453"", ""fee"": 1767574.06, ""type"": ""Out""}, {""year"": 2020, ""player"": ""Player_619"", ""fee"": 1594227.2, ""type"": ""In""}, {""year"": 2022, ""player"": ""Player_719"", ""fee"": 4572527.8, ""type"": ""In""}], ""total_spend"": 9642263.29, ""total_income"": 6743694.06}",116397.83332232096,2 years,False,Experienced players,Asian market,4.82,"{""kit_sponsor"": ""Umbro"", ""main_sponsor"": ""Ooredoo"", ""value"": ""373529 TND"", ""duration"": ""5 years""}","{""facebook"": ""facebook.com/club_7858"", ""twitter"": ""twitter.com/club_3482"", ""instagram"": ""instagram.com/club_5407""}"
C-116,921,CA Bizertin,Tunisia,Tunisian Ligue 2,Stade Olympique de Rades,'4-3-3',Direct Play,14441000.0,5776400.0,"{""last_5_transfers"": [{""year"": 2022, ""player"": ""Player_800"", ""fee"": 4439930.38, ""type"": ""In""}, {""year"": 2019, ""player"": ""Player_220"", ""fee"": 2001550.97, ""type"": ""Out""}, {""year"": 2021, ""player"": ""Player_868"", ""fee"": 4890596.97, ""type"": ""Out""}, {""year"": 2019, ""player"": ""Player_738"", ""fee"": 3147099.79, ""type"": ""In""}, {""year"": 2023, ""player"": ""Player_99"", ""fee"": 141076.46, ""type"": ""Out""}], ""total_spend"": 3279798.57, ""total_income"": 5756300.18}",274482.521580854,3 years,False,Young prospects,Asian market,7.02,"{""kit_sponsor"": ""Kappa"", ""main_sponsor"": ""Mercedes"", ""value"": ""370303 TND"", ""duration"": ""2 years""}","{""facebook"": ""facebook.com/club_2522"", ""twitter"": ""twitter.com/club_9099"", ""instagram"": ""instagram.com/club_1934""}"
C-117,2493,CA Bordj Bou Arreridj,Algeria,Ligue Professionnelle 2,Stade 5 Juillet 1962,'4-4-2',West African Power,574583000.0,229833200.0,"{""last_5_transfers"": [{""year"": 2021, ""player"": ""Player_909"", ""fee"": 1902754.71, ""type"": ""Out""}, {""year"": 2021, ""player"": ""Player_653"", ""fee"": 1700144.82, ""type"": ""Out""}, {""year"": 2022, ""player"": ""Player_282"", ""fee"": 2521548.61, ""type"": ""In""}, {""year"": 2024, ""player"": ""Player_245"", ""fee"": 2227672.02, ""type"": ""Out""}, {""year"": 2024, ""player"": ""Player_257"", ""fee"": 1678730.43, ""type"": ""Out""}], ""total_spend"": 6686301.51, ""total_income"": 7891055.78}",681381.366477115,2 years,False,International players,Asian market,0.47,"{""kit_sponsor"": ""Macron"", ""main_sponsor"": ""Carrefour"", ""value"": ""452015 TND"", ""duration"": ""1 years""}","{""facebook"": ""facebook.com/club_3878"", ""twitter"": ""twitter.com/club_8263"", ""instagram"": ""instagram.com/club_3684""}"
C-118,1943,Cabinda,Angola,Girabola,Estadio 11 de Novembro,'4-2-4',Physical Power Play,3317040000.0,1326816000.0,"{""last_5_transfers"": [{""year"": 2021, ""player"": ""Player_812"", ""fee"": 2708407.29, ""type"": ""Out""}, {""year"": 2020, ""player"": ""Player_737"", ""fee"": 4600079.92, ""type"": ""Out""}, {""year"": 2023, ""player"": ""Player_330"", ""fee"": 3900819.33, ""type"": ""In""}, {""year"": 2020, ""player"": ""Player_361"", ""fee"": 2356787.32, ""type"": ""In""}, {""year"": 2021, ""player"": ""Player_401"", ""fee"": 3750608.08, ""type"": ""Out""}], ""total_spend"": 8392555.67, ""total_income"": 5320790.39}",756889.3917092866,2 years,False,Local talent,South American prospects,8.08,"{""kit_sponsor"": ""Puma"", ""main_sponsor"": ""Carrefour"", ""value"": ""703955 TND"", ""duration"": ""4 years""}","{""facebook"": ""facebook.com/club_6125"", ""twitter"": ""twitter.com/club_7002"", ""instagram"": ""instagram.com/club_2164""}"
C-119,1523,Caiman Douala,Cameroon,Elite Two,Olembe Stadium,'4-3-3',Southern African Mix,2064194000.0,825677600.0,"{""last_5_transfers"": [{""year"": 2021, ""player"": ""Player_266"", ""fee"": 4408243.52, ""type"": ""In""}, {""year"": 2021, ""player"": ""Player_241"", ""fee"": 248890.86, ""type"": ""In""}, {""year"": 2024, ""player"": ""Player_469"", ""fee"": 3719319.0, ""type"": ""In""}, {""year"": 2020, ""player"": ""Player_80"", ""fee"": 367243.07, ""type"": ""In""}, {""year"": 2024, ""player"": ""Player_492"", ""fee"": 2155660.69, ""type"": ""In""}], ""total_spend"": 8766640.14, ""total_income"": 4854055.79}",657070.807938077,2 years,True,Experienced players,South American prospects,7.04,"{""kit_sponsor"": ""Kappa"", ""main_sponsor"": ""Adidas"", ""value"": ""446109 TND"", ""duration"": ""4 years""}","{""facebook"": ""facebook.com/club_7472"", ""twitter"": ""twitter.com/club_5270"", ""instagram"": ""instagram.com/club_3787""}"
C-120,942,Canon Sportif,Cameroon,Elite One,Olembe Stadium,'4-1-3-2',Quick Counter-attacks,1947880000.0,779152000.0,"{""last_5_transfers"": [{""year"": 2024, ""player"": ""Player_912"", ""fee"": 2232405.38, ""type"": ""Out""}, {""year"": 2023, ""player"": ""Player_517"", ""fee"": 4813359.19, ""type"": ""Out""}, {""year"": 2024, ""player"": ""Player_494"", ""fee"": 3676657.38, ""type"": ""Out""}, {""year"": 2021, ""player"": ""Player_290"", ""fee"": 2804088.49, ""type"": ""In""}, {""year"": 2024, ""player"": ""Player_399"", ""fee"": 2463343.39, ""type"": ""Out""}], ""total_spend"": 3449624.8, ""total_income"": 6531649.28}",487386.321737367,4 years,True,Academy graduates,Local academy,7.78,"{""kit_sponsor"": ""Kappa"", ""main_sponsor"": ""Audi"", ""value"": ""385230 TND"", ""duration"": ""1 years""}","{""facebook"": ""facebook.com/club_9023"", ""twitter"": ""twitter.com/club_9556"", ""instagram"": ""instagram.com/club_8626""}"
C-121,671,Cape Town City FC,South Africa,Premier Soccer League,FNB Stadium,'4-1-3-2',High Press,88380000.0,35352000.0,"{""last_5_transfers"": [{""year"": 2024, ""player"": ""Player_419"", ""fee"": 1208803.83, ""type"": ""In""}, {""year"": 2022, ""player"": ""Player_723"", ""fee"": 3351427.9, ""type"": ""In""}, {""year"": 2023, ""player"": ""Player_49"", ""fee"": 771226.64, ""type"": ""In""}, {""year"": 2022, ""player"": ""Player_615"", ""fee"": 3260527.55, ""type"": ""In""}, {""year"": 2024, ""player"": ""Player_976"", ""fee"": 3972760.18, ""type"": ""Out""}], ""total_spend"": 9776935.31, ""total_income"": 7862259.35}",324223.4806973604,2 years,False,Academy graduates,Under-23 talents,8.76,"{""kit_sponsor"": ""Puma"", ""main_sponsor"": ""Vitalait"", ""value"": ""494675 TND"", ""duration"": ""3 years""}","{""facebook"": ""facebook.com/club_5309"", ""twitter"": ""twitter.com/club_4646"", ""instagram"": ""instagram.com/club_7201""}"
C-122,840,CAPS United,Zimbabwe,Zimbabwe Premier Soccer League,National Sports Stadium,'4-1-4-1',East African Speed,11352472000.0,4540988800.0,"{""last_5_transfers"": [{""year"": 2021, ""player"": ""Player_886"", ""fee"": 4919447.53, ""type"": ""In""}, {""year"": 2019, ""player"": ""Player_246"", ""fee"": 2480865.24, ""type"": ""Out""}, {""year"": 2020, ""player"": ""Player_257"", ""fee"": 357987.45, ""type"": ""Out""}, {""year"": 2024, ""player"": ""Player_240"", ""fee"": 2413691.18, ""type"": ""Out""}, {""year"": 2021, ""player"": ""Player_527"", ""fee"": 2417902.1, ""type"": ""In""}], ""total_spend"": 1564559.73, ""total_income"": 6639193.63}",494651.4054771018,2 years,False,Local talent,Asian market,1.85,"{""kit_sponsor"": ""Kappa"", ""main_sponsor"": ""BIAT Bank"", ""value"": ""761207 TND"", ""duration"": ""4 years""}","{""facebook"": ""facebook.com/club_9741"", ""twitter"": ""twitter.com/club_3809"", ""instagram"": ""instagram.com/club_9056""}"
C-123,2487,CAS de Sevare,Mali,Malian Premiere Division,Stade 26 Mars,'4-3-3',Defensive Solidarity,2103984000.0,841593600.0,"{""last_5_transfers"": [{""year"": 2021, ""player"": ""Player_249"", ""fee"": 3273567.85, ""type"": ""In""}, {""year"": 2022, ""player"": ""Player_354"", ""fee"": 1445454.03, ""type"": ""Out""}, {""year"": 2019, ""player"": ""Player_634"", ""fee"": 2103271.06, ""type"": ""In""}, {""year"": 2022, ""player"": ""Player_913"", ""fee"": 394823.23, ""type"": ""In""}, {""year"": 2024, ""player"": ""Player_598"", ""fee"": 2910056.78, ""type"": ""Out""}], ""total_spend"": 1665155.86, ""total_income"": 2287138.7}",168648.32662454,2 years,True,Young prospects,European market,6.03,"{""kit_sponsor"": ""Le Coq Sportif"", ""main_sponsor"": ""Mercedes"", ""value"": ""481136 TND"", ""duration"": ""5 years""}","{""facebook"": ""facebook.com/club_1921"", ""twitter"": ""twitter.com/club_7727"", ""instagram"": ""instagram.com/club_4127""}"
C-124,1477,Centre Salif Keita,Mali,Malian Premiere Division,Stade 26 Mars,'3-6-1',Wing Play,1984600000.0,793840000.0,"{""last_5_transfers"": [{""year"": 2019, ""player"": ""Player_144"", ""fee"": 3828929.56, ""type"": ""In""}, {""year"": 2020, ""player"": ""Player_761"", ""fee"": 4673977.4, ""type"": ""In""}, {""year"": 2024, ""player"": ""Player_635"", ""fee"": 2931493.4, ""type"": ""Out""}, {""year"": 2019, ""player"": ""Player_404"", ""fee"": 503362.74, ""type"": ""Out""}, {""year"": 2022, ""player"": ""Player_362"", ""fee"": 2188815.32, ""type"": ""Out""}], ""total_spend"": 6631080.36, ""total_income"": 2283985.55}",647704.7528406974,4 years,False,Academy graduates,Asian market,7.51,"{""kit_sponsor"": ""Le Coq Sportif"", ""main_sponsor"": ""Adidas"", ""value"": ""714793 TND"", ""duration"": ""5 years""}","{""facebook"": ""facebook.com/club_4893"", ""twitter"": ""twitter.com/club_3149"", ""instagram"": ""instagram.com/club_4077""}"
C-125,1222,Ceramica Cleopatra,Egypt,Egyptian Premier League,Cairo International Stadium,'5-2-3',Physical Power Play,143438000.0,57375200.0,"{""last_5_transfers"": [{""year"": 2023, ""player"": ""Player_483"", ""fee"": 4633453.83, ""type"": ""In""}, {""year"": 2022, ""player"": ""Player_952"", ""fee"": 3724682.77, ""type"": ""In""}, {""year"": 2020, ""player"": ""Player_665"", ""fee"": 4597479.21, ""type"": ""In""}, {""year"": 2019, ""player"": ""Player_892"", ""fee"": 3032587.18, ""type"": ""Out""}, {""year"": 2021, ""player"": ""Player_131"", ""fee"": 1091975.74, ""type"": ""In""}], ""total_spend"": 8232069.41, ""total_income"": 3323627.6}",905084.6180936572,4 years,False,Academy graduates,Young talents,0.23,"{""kit_sponsor"": ""Mizuno"", ""main_sponsor"": ""Orange"", ""value"": ""126940 TND"", ""duration"": ""4 years""}","{""facebook"": ""facebook.com/club_3522"", ""twitter"": ""twitter.com/club_2914"", ""instagram"": ""instagram.com/club_5883""}"
C-126,1489,Chabab Atlas Khenifra,Morocco,Botola Pro,Stade Mohammed V,'4-2-4',Total Football,35519000.0,14207600.0,"{""last_5_transfers"": [{""year"": 2022, ""player"": ""Player_981"", ""fee"": 4747728.24, ""type"": ""Out""}, {""year"": 2019, ""player"": ""Player_544"", ""fee"": 1007400.48, ""type"": ""In""}, {""year"": 2020, ""player"": ""Player_495"", ""fee"": 4640779.02, ""type"": ""Out""}, {""year"": 2024, ""player"": ""Player_467"", ""fee"": 2431049.87, ""type"": ""Out""}, {""year"": 2023, ""player"": ""Player_243"", ""fee"": 4244491.95, ""type"": ""Out""}], ""total_spend"": 1838549.71, ""total_income"": 5003989.35}",716341.4610492649,4 years,False,Young prospects,Asian market,7.47,"{""kit_sponsor"": ""New Balance"", ""main_sponsor"": ""BIAT Bank"", ""value"": ""994825 TND"", ""duration"": ""3 years""}","{""facebook"": ""facebook.com/club_9498"", ""twitter"": ""twitter.com/club_6702"", ""instagram"": ""instagram.com/club_7685""}"
C-127,1754,Chabab Rif Al Hoceima,Morocco,Botola Pro,Stade Mohammed V,'4-5-1',Wing Play,44864000.0,17945600.0,"{""last_5_transfers"": [{""year"": 2021, ""player"": ""Player_229"", ""fee"": 320800.93, ""type"": ""Out""}, {""year"": 2020, ""player"": ""Player_203"", ""fee"": 3157062.3, ""type"": ""Out""}, {""year"": 2022, ""player"": ""Player_143"", ""fee"": 1097089.31, ""type"": ""In""}, {""year"": 2022, ""player"": ""Player_444"", ""fee"": 2702580.42, ""type"": ""In""}, {""year"": 2020, ""player"": ""Player_428"", ""fee"": 3900203.91, ""type"": ""In""}], ""total_spend"": 4111479.49, ""total_income"": 6228889.48}",295582.0696288091,3 years,False,Local talent,Asian market,9.51,"{""kit_sponsor"": ""Adidas"", ""main_sponsor"": ""Al Baraka Bank"", ""value"": ""639549 TND"", ""duration"": ""2 years""}","{""facebook"": ""facebook.com/club_6505"", ""twitter"": ""twitter.com/club_5730"", ""instagram"": ""instagram.com/club_7243""}"
C-128,2311,Chambishi FC,Zambia,Zambian Premier League,National Heroes Stadium,'4-3-2-1',Attacking Overload,81542000.0,32616800.0,"{""last_5_transfers"": [{""year"": 2019, ""player"": ""Player_432"", ""fee"": 2846519.5, ""type"": ""Out""}, {""year"": 2019, ""player"": ""Player_267"", ""fee"": 3580940.99, ""type"": ""In""}, {""year"": 2019, ""player"": ""Player_347"", ""fee"": 2856477.69, ""type"": ""Out""}, {""year"": 2022, ""player"": ""Player_982"", ""fee"": 4133556.31, ""type"": ""Out""}, {""year"": 2021, ""player"": ""Player_779"", ""fee"": 1864906.37, ""type"": ""In""}], ""total_spend"": 3676025.42, ""total_income"": 2592408.45}",795820.552801788,3 years,True,Local talent,Under-23 talents,9.72,"{""kit_sponsor"": ""Local Brand"", ""main_sponsor"": ""LG Electronics"", ""value"": ""997019 TND"", ""duration"": ""2 years""}","{""facebook"": ""facebook.com/club_2099"", ""twitter"": ""twitter.com/club_1971"", ""instagram"": ""instagram.com/club_4986""}"
C-129,1763,Chapungu United,Zimbabwe,Zimbabwe Premier Soccer League,National Sports Stadium,'3-5-1-1',Tiki-Taka Adaptation,20820502000.0,8328200800.0,"{""last_5_transfers"": [{""year"": 2019, ""player"": ""Player_88"", ""fee"": 3110302.36, ""type"": ""In""}, {""year"": 2022, ""player"": ""Player_139"", ""fee"": 2871117.71, ""type"": ""In""}, {""year"": 2019, ""player"": ""Player_845"", ""fee"": 740770.67, ""type"": ""In""}, {""year"": 2020, ""player"": ""Player_893"", ""fee"": 635942.77, ""type"": ""In""}, {""year"": 2022, ""player"": ""Player_202"", ""fee"": 2546951.39, ""type"": ""Out""}], ""total_spend"": 8064692.52, ""total_income"": 7471937.78}",247956.4744191412,3 years,True,Proven professionals,African talents,6.43,"{""kit_sponsor"": ""Mizuno"", ""main_sponsor"": ""LG Electronics"", ""value"": ""311697 TND"", ""duration"": ""1 years""}","{""facebook"": ""facebook.com/club_8180"", ""twitter"": ""twitter.com/club_4255"", ""instagram"": ""instagram.com/club_2160""}"
C-130,617,Chicken Inn FC,Zimbabwe,Zimbabwe Premier Soccer League,National Sports Stadium,'4-3-2-1',Direct Play,20916480000.0,8366592000.0,"{""last_5_transfers"": [{""year"": 2023, ""player"": ""Player_515"", ""fee"": 705894.18, ""type"": ""Out""}, {""year"": 2024, ""player"": ""Player_79"", ""fee"": 845071.39, ""type"": ""Out""}, {""year"": 2021, ""player"": ""Player_688"", ""fee"": 2830457.61, ""type"": ""Out""}, {""year"": 2022, ""player"": ""Player_182"", ""fee"": 1415038.09, ""type"": ""Out""}, {""year"": 2024, ""player"": ""Player_103"", ""fee"": 4144088.91, ""type"": ""In""}], ""total_spend"": 4443694.78, ""total_income"": 2519208.66}",648294.3358889342,2 years,True,Young prospects,African talents,8.9,"{""kit_sponsor"": ""Hummel"", ""main_sponsor"": ""Qatar Airways"", ""value"": ""965717 TND"", ""duration"": ""5 years""}","{""facebook"": ""facebook.com/club_8677"", ""twitter"": ""twitter.com/club_9889"", ""instagram"": ""instagram.com/club_1734""}"
C-131,1667,Chippa United,South Africa,National First Division,FNB Stadium,'3-3-3-1',Possession-based,75122000.0,30048800.0,"{""last_5_transfers"": [{""year"": 2019, ""player"": ""Player_753"", ""fee"": 1145150.48, ""type"": ""In""}, {""year"": 2023, ""player"": ""Player_963"", ""fee"": 3929665.87, ""type"": ""In""}, {""year"": 2020, ""player"": ""Player_101"", ""fee"": 1813851.75, ""type"": ""In""}, {""year"": 2022, ""player"": ""Player_498"", ""fee"": 4906041.9, ""type"": ""In""}, {""year"": 2022, ""player"": ""Player_154"", ""fee"": 2705042.26, ""type"": ""In""}], ""total_spend"": 8990441.12, ""total_income"": 1581279.29}",306027.29869149136,3 years,False,Experienced players,Local academy,5.05,"{""kit_sponsor"": ""Under Armour"", ""main_sponsor"": ""Danone"", ""value"": ""168051 TND"", ""duration"": ""2 years""}","{""facebook"": ""facebook.com/club_3227"", ""twitter"": ""twitter.com/club_3471"", ""instagram"": ""instagram.com/club_7579""}"
C-132,2436,Chiredzi FC,Zimbabwe,Zimbabwe Premier Soccer League,National Sports Stadium,'3-5-1-1',Possession Control,9864602000.0,3945840800.0,"{""last_5_transfers"": [{""year"": 2021, ""player"": ""Player_484"", ""fee"": 1025960.57, ""type"": ""Out""}, {""year"": 2023, ""player"": ""Player_904"", ""fee"": 1716848.83, ""type"": ""Out""}, {""year"": 2023, ""player"": ""Player_139"", ""fee"": 2674065.77, ""type"": ""Out""}, {""year"": 2022, ""player"": ""Player_599"", ""fee"": 961784.96, ""type"": ""In""}, {""year"": 2024, ""player"": ""Player_679"", ""fee"": 3027816.36, ""type"": ""Out""}], ""total_spend"": 2050873.34, ""total_income"": 7328993.6}",597788.9972759772,3 years,True,Proven professionals,South American prospects,9.07,"{""kit_sponsor"": ""Under Armour"", ""main_sponsor"": ""Adidas"", ""value"": ""326282 TND"", ""duration"": ""1 years""}","{""facebook"": ""facebook.com/club_2195"", ""twitter"": ""twitter.com/club_1523"", ""instagram"": ""instagram.com/club_7937""}"
C-133,521,Club Africain,Tunisia,Tunisian Ligue Professionnelle 1,Stade Olympique de Rades,'3-4-2-1',Low Block Counter,2221000.0,888400.0,"{""last_5_transfers"": [{""year"": 2020, ""player"": ""Player_656"", ""fee"": 4767304.96, ""type"": ""Out""}, {""year"": 2022, ""player"": ""Player_665"", ""fee"": 884890.3, ""type"": ""In""}, {""year"": 2022, ""player"": ""Player_949"", ""fee"": 1495741.48, ""type"": ""Out""}, {""year"": 2023, ""player"": ""Player_391"", ""fee"": 2544069.45, ""type"": ""Out""}, {""year"": 2022, ""player"": ""Player_100"", ""fee"": 1431485.35, ""type"": ""In""}], ""total_spend"": 4823980.48, ""total_income"": 2707289.2}",189859.44481279544,3 years,True,Proven professionals,Asian market,8.76,"{""kit_sponsor"": ""Local Brand"", ""main_sponsor"": ""Nike"", ""value"": ""923146 TND"", ""duration"": ""3 years""}","{""facebook"": ""facebook.com/club_7704"", ""twitter"": ""twitter.com/club_7894"", ""instagram"": ""instagram.com/club_7113""}"
C-134,2190,Club Olympique de Medenine,Tunisia,Tunisian Ligue Professionnelle 1,Stade Olympique de Rades,'3-4-3',High Press,9586000.0,3834400.0,"{""last_5_transfers"": [{""year"": 2019, ""player"": ""Player_743"", ""fee"": 450132.23, ""type"": ""Out""}, {""year"": 2020, ""player"": ""Player_154"", ""fee"": 2378005.88, ""type"": ""In""}, {""year"": 2024, ""player"": ""Player_762"", ""fee"": 3995057.92, ""type"": ""In""}, {""year"": 2021, ""player"": ""Player_103"", ""fee"": 4571280.53, ""type"": ""Out""}, {""year"": 2023, ""player"": ""Player_849"", ""fee"": 2356042.42, ""type"": ""In""}], ""total_spend"": 2918016.83, ""total_income"": 7057216.51}",347349.5541697736,4 years,True,Young prospects,Young talents,5.06,"{""kit_sponsor"": ""Macron"", ""main_sponsor"": ""TotalEnergies"", ""value"": ""294313 TND"", ""duration"": ""5 years""}","{""facebook"": ""facebook.com/club_7653"", ""twitter"": ""twitter.com/club_7890"", ""instagram"": ""instagram.com/club_7531""}"
C-135,2440,Club Omnisports de Korhogo (CIV),Ivory Coast,Ligue 1,Stade Olympique Alassane Ouattara,'4-4-1-1',Low Block Counter,2905879000.0,1162351600.0,"{""last_5_transfers"": [{""year"": 2024, ""player"": ""Player_527"", ""fee"": 583495.44, ""type"": ""In""}, {""year"": 2020, ""player"": ""Player_771"", ""fee"": 282621.32, ""type"": ""In""}, {""year"": 2024, ""player"": ""Player_586"", ""fee"": 3386408.57, ""type"": ""In""}, {""year"": 2021, ""player"": ""Player_907"", ""fee"": 4702173.71, ""type"": ""In""}, {""year"": 2023, ""player"": ""Player_24"", ""fee"": 2561456.36, ""type"": ""In""}], ""total_spend"": 3447405.85, ""total_income"": 3327599.39}",260196.78712129805,3 years,True,Young prospects,Under-23 talents,1.82,"{""kit_sponsor"": ""Puma"", ""main_sponsor"": ""Danone"", ""value"": ""926543 TND"", ""duration"": ""2 years""}","{""facebook"": ""facebook.com/club_9077"", ""twitter"": ""twitter.com/club_6000"", ""instagram"": ""instagram.com/club_1679""}"
C-136,2337,CO Bouafle,Ivory Coast,Ligue 2,Stade Olympique Alassane Ouattara,'4-2-3-1',Total Football,2712578000.0,1085031200.0,"{""last_5_transfers"": [{""year"": 2019, ""player"": ""Player_655"", ""fee"": 1595326.74, ""type"": ""Out""}, {""year"": 2019, ""player"": ""Player_777"", ""fee"": 3831090.63, ""type"": ""Out""}, {""year"": 2024, ""player"": ""Player_801"", ""fee"": 839696.67, ""type"": ""In""}, {""year"": 2021, ""player"": ""Player_51"", ""fee"": 3390398.04, ""type"": ""In""}, {""year"": 2023, ""player"": ""Player_731"", ""fee"": 2516906.89, ""type"": ""In""}], ""total_spend"": 4378297.19, ""total_income"": 3914557.5}",734289.763608451,4 years,True,International players,Established professionals,0.48,"{""kit_sponsor"": ""Nike"", ""main_sponsor"": ""BMW"", ""value"": ""857147 TND"", ""duration"": ""2 years""}","{""facebook"": ""facebook.com/club_2319"", ""twitter"": ""twitter.com/club_7617"", ""instagram"": ""instagram.com/club_4063""}"
C-137,1705,CODM Meknes,Morocco,Botola 2,Stade Mohammed V,'3-4-3',West African Power,39942000.0,15976800.0,"{""last_5_transfers"": [{""year"": 2022, ""player"": ""Player_932"", ""fee"": 962285.81, ""type"": ""In""}, {""year"": 2024, ""player"": ""Player_511"", ""fee"": 3530469.27, ""type"": ""In""}, {""year"": 2020, ""player"": ""Player_560"", ""fee"": 144654.95, ""type"": ""Out""}, {""year"": 2022, ""player"": ""Player_694"", ""fee"": 692966.6, ""type"": ""Out""}, {""year"": 2022, ""player"": ""Player_511"", ""fee"": 4485026.89, ""type"": ""In""}], ""total_spend"": 2850000.2, ""total_income"": 5259984.49}",567774.1366830615,4 years,False,Experienced players,African talents,3.59,"{""kit_sponsor"": ""Kappa"", ""main_sponsor"": ""Turkish Airlines"", ""value"": ""351296 TND"", ""duration"": ""2 years""}","{""facebook"": ""facebook.com/club_6951"", ""twitter"": ""twitter.com/club_3341"", ""instagram"": ""instagram.com/club_7559""}"
C-138,798,Colombe du Dja et Lobo,Cameroon,Elite One,Olembe Stadium,'3-3-3-1',Possession Control,1055197000.0,422078800.0,"{""last_5_transfers"": [{""year"": 2024, ""player"": ""Player_829"", ""fee"": 552316.38, ""type"": ""In""}, {""year"": 2021, ""player"": ""Player_631"", ""fee"": 4807493.11, ""type"": ""In""}, {""year"": 2021, ""player"": ""Player_810"", ""fee"": 2478510.28, ""type"": ""Out""}, {""year"": 2021, ""player"": ""Player_669"", ""fee"": 4811957.7, ""type"": ""In""}, {""year"": 2021, ""player"": ""Player_604"", ""fee"": 360730.14, ""type"": ""In""}], ""total_spend"": 6143051.1, ""total_income"": 5499003.99}",385929.7697879475,4 years,True,Proven professionals,Under-23 talents,1.21,"{""kit_sponsor"": ""Kappa"", ""main_sponsor"": ""Soci\u00e9t\u00e9 G\u00e9n\u00e9rale"", ""value"": ""644980 TND"", ""duration"": ""4 years""}","{""facebook"": ""facebook.com/club_5020"", ""twitter"": ""twitter.com/club_8222"", ""instagram"": ""instagram.com/club_5983""}"
C-139,2082,Cosmos de Bafia,Cameroon,Elite Two,Olembe Stadium,'4-3-3',Wing Play,729327000.0,291730800.0,"{""last_5_transfers"": [{""year"": 2022, ""player"": ""Player_488"", ""fee"": 4846019.41, ""type"": ""Out""}, {""year"": 2020, ""player"": ""Player_76"", ""fee"": 4250728.34, ""type"": ""In""}, {""year"": 2021, ""player"": ""Player_971"", ""fee"": 4216227.35, ""type"": ""In""}, {""year"": 2021, ""player"": ""Player_142"", ""fee"": 2612431.2, ""type"": ""In""}, {""year"": 2023, ""player"": ""Player_620"", ""fee"": 2809115.55, ""type"": ""In""}], ""total_spend"": 2443846.42, ""total_income"": 1465153.81}",416215.2111582605,2 years,True,Young prospects,European market,6.71,"{""kit_sponsor"": ""Kappa"", ""main_sponsor"": ""Carrefour"", ""value"": ""863337 TND"", ""duration"": ""3 years""}","{""facebook"": ""facebook.com/club_5651"", ""twitter"": ""twitter.com/club_2990"", ""instagram"": ""instagram.com/club_1467""}"
C-140,367,Coton Sport,Cameroon,Elite One,Olembe Stadium,'3-4-2-1',East African Speed,988864000.0,395545600.0,"{""last_5_transfers"": [{""year"": 2024, ""player"": ""Player_921"", ""fee"": 1514426.81, ""type"": ""In""}, {""year"": 2023, ""player"": ""Player_216"", ""fee"": 795019.61, ""type"": ""Out""}, {""year"": 2022, ""player"": ""Player_69"", ""fee"": 3402789.02, ""type"": ""In""}, {""year"": 2024, ""player"": ""Player_66"", ""fee"": 3034528.01, ""type"": ""In""}, {""year"": 2019, ""player"": ""Player_679"", ""fee"": 2097743.25, ""type"": ""In""}], ""total_spend"": 9710781.08, ""total_income"": 3284554.69}",438639.35012090736,2 years,True,Young prospects,Established professionals,5.62,"{""kit_sponsor"": ""Local Brand"", ""main_sponsor"": ""Adidas"", ""value"": ""574498 TND"", ""duration"": ""5 years""}","{""facebook"": ""facebook.com/club_3676"", ""twitter"": ""twitter.com/club_8801"", ""instagram"": ""instagram.com/club_4543""}"
C-141,217,CR Belouizdad,Algeria,Ligue Professionnelle 2,Stade 5 Juillet 1962,'4-3-1-2',Wing Play,533161000.0,213264400.0,"{""last_5_transfers"": [{""year"": 2021, ""player"": ""Player_731"", ""fee"": 2273662.35, ""type"": ""In""}, {""year"": 2024, ""player"": ""Player_69"", ""fee"": 3474416.06, ""type"": ""Out""}, {""year"": 2022, ""player"": ""Player_501"", ""fee"": 460290.32, ""type"": ""Out""}, {""year"": 2023, ""player"": ""Player_237"", ""fee"": 1667133.82, ""type"": ""In""}, {""year"": 2019, ""player"": ""Player_78"", ""fee"": 2525263.74, ""type"": ""Out""}], ""total_spend"": 5415694.15, ""total_income"": 5354533.69}",355425.91240942443,4 years,True,Local talent,Local academy,8.57,"{""kit_sponsor"": ""Nike"", ""main_sponsor"": ""Orange"", ""value"": ""465517 TND"", ""duration"": ""3 years""}","{""facebook"": ""facebook.com/club_5952"", ""twitter"": ""twitter.com/club_1877"", ""instagram"": ""instagram.com/club_6843""}"
C-142,2315,Cranborne Bullets FC,Zimbabwe,Zimbabwe Premier Soccer League,National Sports Stadium,'4-1-3-2',West African Power,24115654000.0,9646261600.0,"{""last_5_transfers"": [{""year"": 2024, ""player"": ""Player_660"", ""fee"": 403546.57, ""type"": ""In""}, {""year"": 2021, ""player"": ""Player_712"", ""fee"": 363260.09, ""type"": ""In""}, {""year"": 2020, ""player"": ""Player_456"", ""fee"": 926809.8, ""type"": ""In""}, {""year"": 2024, ""player"": ""Player_702"", ""fee"": 2141274.72, ""type"": ""Out""}, {""year"": 2019, ""player"": ""Player_563"", ""fee"": 2437013.24, ""type"": ""In""}], ""total_spend"": 1790588.38, ""total_income"": 6610443.57}",498293.9538289533,4 years,True,Academy graduates,Young talents,1.91,"{""kit_sponsor"": ""Adidas"", ""main_sponsor"": ""Nike"", ""value"": ""438346 TND"", ""duration"": ""5 years""}","{""facebook"": ""facebook.com/club_1310"", ""twitter"": ""twitter.com/club_8800"", ""instagram"": ""instagram.com/club_4233""}"
C-143,2034,Crown FC,Nigeria,Nigeria National League,Moshood Abiola National Stadium,'3-3-3-1',Defensive Solidarity,912702000.0,365080800.0,"{""last_5_transfers"": [{""year"": 2024, ""player"": ""Player_568"", ""fee"": 1361525.49, ""type"": ""In""}, {""year"": 2021, ""player"": ""Player_289"", ""fee"": 3956132.43, ""type"": ""Out""}, {""year"": 2024, ""player"": ""Player_429"", ""fee"": 2329755.0, ""type"": ""Out""}, {""year"": 2022, ""player"": ""Player_132"", ""fee"": 3717004.11, ""type"": ""In""}, {""year"": 2023, ""player"": ""Player_499"", ""fee"": 3937782.12, ""type"": ""Out""}], ""total_spend"": 7606817.95, ""total_income"": 2901082.39}",733451.4385002992,2 years,False,Proven professionals,Established professionals,0.51,"{""kit_sponsor"": ""Local Brand"", ""main_sponsor"": ""BMW"", ""value"": ""583622 TND"", ""duration"": ""4 years""}","{""facebook"": ""facebook.com/club_1103"", ""twitter"": ""twitter.com/club_5901"", ""instagram"": ""instagram.com/club_2025""}"
C-144,520,CS Constantine,Algeria,Ligue Professionnelle 2,Stade 5 Juillet 1962,'4-5-1',Tiki-Taka Adaptation,381019000.0,152407600.0,"{""last_5_transfers"": [{""year"": 2020, ""player"": ""Player_403"", ""fee"": 1920152.19, ""type"": ""Out""}, {""year"": 2023, ""player"": ""Player_934"", ""fee"": 1359774.96, ""type"": ""In""}, {""year"": 2024, ""player"": ""Player_256"", ""fee"": 4817304.08, ""type"": ""In""}, {""year"": 2019, ""player"": ""Player_355"", ""fee"": 3164481.91, ""type"": ""Out""}, {""year"": 2022, ""player"": ""Player_63"", ""fee"": 762051.88, ""type"": ""Out""}], ""total_spend"": 8748064.06, ""total_income"": 7847240.08}",746694.6017761322,3 years,True,International players,Under-23 talents,6.55,"{""kit_sponsor"": ""Le Coq Sportif"", ""main_sponsor"": ""BMW"", ""value"": ""392457 TND"", ""duration"": ""1 years""}","{""facebook"": ""facebook.com/club_8642"", ""twitter"": ""twitter.com/club_2998"", ""instagram"": ""instagram.com/club_1966""}"
C-145,2013,CS Hammam-Lif,Tunisia,Tunisian Ligue 2,Stade Olympique de Rades,'3-6-1',Possession Control,11223000.0,4489200.0,"{""last_5_transfers"": [{""year"": 2020, ""player"": ""Player_416"", ""fee"": 1779706.3, ""type"": ""Out""}, {""year"": 2023, ""player"": ""Player_198"", ""fee"": 4822999.01, ""type"": ""In""}, {""year"": 2020, ""player"": ""Player_35"", ""fee"": 4420685.22, ""type"": ""In""}, {""year"": 2023, ""player"": ""Player_300"", ""fee"": 4352235.46, ""type"": ""In""}, {""year"": 2020, ""player"": ""Player_40"", ""fee"": 1843981.26, ""type"": ""Out""}], ""total_spend"": 3499026.55, ""total_income"": 1000750.58}",887723.1796595743,3 years,True,Academy graduates,South American prospects,4.59,"{""kit_sponsor"": ""New Balance"", ""main_sponsor"": ""Ooredoo"", ""value"": ""845458 TND"", ""duration"": ""5 years""}","{""facebook"": ""facebook.com/club_7353"", ""twitter"": ""twitter.com/club_5463"", ""instagram"": ""instagram.com/club_4406""}"
C-146,346,CS Sfaxien,Tunisia,Tunisian Ligue 2,Stade Olympique de Rades,'4-2-4',Direct Play,6243000.0,2497200.0,"{""last_5_transfers"": [{""year"": 2020, ""player"": ""Player_330"", ""fee"": 1065058.2, ""type"": ""In""}, {""year"": 2019, ""player"": ""Player_784"", ""fee"": 4098567.88, ""type"": ""Out""}, {""year"": 2019, ""player"": ""Player_7"", ""fee"": 1611104.39, ""type"": ""In""}, {""year"": 2019, ""player"": ""Player_210"", ""fee"": 4436317.41, ""type"": ""Out""}, {""year"": 2021, ""player"": ""Player_919"", ""fee"": 1465060.42, ""type"": ""In""}], ""total_spend"": 3299074.47, ""total_income"": 4145353.98}",782177.1601790843,4 years,True,Local talent,Young talents,4.13,"{""kit_sponsor"": ""Kappa"", ""main_sponsor"": ""Adidas"", ""value"": ""952148 TND"", ""duration"": ""2 years""}","{""facebook"": ""facebook.com/club_3686"", ""twitter"": ""twitter.com/club_3027"", ""instagram"": ""instagram.com/club_8535""}"
C-147,1765,Dan Kassawa,Niger,Niger Premier League,Stade General Seyni Kountche,'5-2-3',Defensive Structure,2839860000.0,1135944000.0,"{""last_5_transfers"": [{""year"": 2023, ""player"": ""Player_24"", ""fee"": 3760632.07, ""type"": ""Out""}, {""year"": 2023, ""player"": ""Player_45"", ""fee"": 105240.75, ""type"": ""In""}, {""year"": 2021, ""player"": ""Player_555"", ""fee"": 1572471.86, ""type"": ""In""}, {""year"": 2021, ""player"": ""Player_664"", ""fee"": 633514.64, ""type"": ""Out""}, {""year"": 2019, ""player"": ""Player_34"", ""fee"": 909642.17, ""type"": ""In""}], ""total_spend"": 4246248.54, ""total_income"": 7639614.97}",633894.7451161327,3 years,False,Experienced players,Established professionals,8.57,"{""kit_sponsor"": ""Local Brand"", ""main_sponsor"": ""Pepsi"", ""value"": ""126444 TND"", ""duration"": ""3 years""}","{""facebook"": ""facebook.com/club_8812"", ""twitter"": ""twitter.com/club_6023"", ""instagram"": ""instagram.com/club_9626""}"
C-148,2482,Debo Club,Mali,Malian Premiere Division,Stade 26 Mars,'3-5-2',Physical Power Play,850666000.0,340266400.0,"{""last_5_transfers"": [{""year"": 2023, ""player"": ""Player_690"", ""fee"": 2018202.92, ""type"": ""In""}, {""year"": 2024, ""player"": ""Player_71"", ""fee"": 1841467.88, ""type"": ""Out""}, {""year"": 2019, ""player"": ""Player_674"", ""fee"": 260553.38, ""type"": ""Out""}, {""year"": 2024, ""player"": ""Player_588"", ""fee"": 3760070.06, ""type"": ""Out""}, {""year"": 2024, ""player"": ""Player_511"", ""fee"": 1617669.11, ""type"": ""Out""}], ""total_spend"": 6282264.11, ""total_income"": 4385470.61}",895231.2251778541,2 years,True,Experienced players,Under-23 talents,9.69,"{""kit_sponsor"": ""Local Brand"", ""main_sponsor"": ""D\u00e9lice"", ""value"": ""469752 TND"", ""duration"": ""3 years""}","{""facebook"": ""facebook.com/club_8074"", ""twitter"": ""twitter.com/club_4898"", ""instagram"": ""instagram.com/club_3128""}"
C-149,1399,Delta Force FC,Nigeria,Nigeria Professional Football League,Moshood Abiola National Stadium,'3-4-3',Low Block Counter,2006318000.0,802527200.0,"{""last_5_transfers"": [{""year"": 2021, ""player"": ""Player_829"", ""fee"": 2165332.16, ""type"": ""Out""}, {""year"": 2020, ""player"": ""Player_460"", ""fee"": 3559950.41, ""type"": ""In""}, {""year"": 2024, ""player"": ""Player_139"", ""fee"": 3808164.68, ""type"": ""In""}, {""year"": 2021, ""player"": ""Player_854"", ""fee"": 286668.4, ""type"": ""In""}, {""year"": 2020, ""player"": ""Player_871"", ""fee"": 4569849.46, ""type"": ""Out""}], ""total_spend"": 4233428.05, ""total_income"": 5574299.51}",500481.9830496087,3 years,False,Proven professionals,Asian market,3.88,"{""kit_sponsor"": ""Joma"", ""main_sponsor"": ""BIAT Bank"", ""value"": ""858965 TND"", ""duration"": ""5 years""}","{""facebook"": ""facebook.com/club_6482"", ""twitter"": ""twitter.com/club_6762"", ""instagram"": ""instagram.com/club_1978""}"
C-150,1563,Denguele Sport,Ivory Coast,Ligue 1,Stade Olympique Alassane Ouattara,'4-3-1-2',Defensive Structure,1953099000.0,781239600.0,"{""last_5_transfers"": [{""year"": 2019, ""player"": ""Player_222"", ""fee"": 1897114.27, ""type"": ""In""}, {""year"": 2022, ""player"": ""Player_205"", ""fee"": 3605792.99, ""type"": ""Out""}, {""year"": 2022, ""player"": ""Player_356"", ""fee"": 1429713.28, ""type"": ""In""}, {""year"": 2023, ""player"": ""Player_830"", ""fee"": 2197307.41, ""type"": ""Out""}, {""year"": 2020, ""player"": ""Player_313"", ""fee"": 1693958.59, ""type"": ""Out""}], ""total_spend"": 5324440.52, ""total_income"": 4497261.51}",426662.399207598,4 years,True,International players,Local academy,9.12,"{""kit_sponsor"": ""Nike"", ""main_sponsor"": ""Turkish Airlines"", ""value"": ""344377 TND"", ""duration"": ""5 years""}","{""facebook"": ""facebook.com/club_4217"", ""twitter"": ""twitter.com/club_6213"", ""instagram"": ""instagram.com/club_2365""}"
C-151,1351,Desportivo Da Huila,Angola,Girabola,Estadio 11 de Novembro,'4-3-2-1',High Press,3221773000.0,1288709200.0,"{""last_5_transfers"": [{""year"": 2019, ""player"": ""Player_162"", ""fee"": 3456425.9, ""type"": ""In""}, {""year"": 2023, ""player"": ""Player_190"", ""fee"": 884387.88, ""type"": ""In""}, {""year"": 2019, ""player"": ""Player_663"", ""fee"": 2006695.44, ""type"": ""Out""}, {""year"": 2022, ""player"": ""Player_298"", ""fee"": 4089806.99, ""type"": ""In""}, {""year"": 2024, ""player"": ""Player_685"", ""fee"": 2800235.59, ""type"": ""In""}], ""total_spend"": 1487962.64, ""total_income"": 1978081.44}",751799.0841553867,2 years,True,Academy graduates,European market,3.98,"{""kit_sponsor"": ""Under Armour"", ""main_sponsor"": ""Magasin G\u00e9n\u00e9ral"", ""value"": ""758830 TND"", ""duration"": ""2 years""}","{""facebook"": ""facebook.com/club_9486"", ""twitter"": ""twitter.com/club_7829"", ""instagram"": ""instagram.com/club_2730""}"
C-152,2204,Diaraf,Senegal,Senegal Premier League,Stade Abdoulaye Wade,'5-3-2',Possession Control,2792191000.0,1116876400.0,"{""last_5_transfers"": [{""year"": 2022, ""player"": ""Player_162"", ""fee"": 4147920.47, ""type"": ""In""}, {""year"": 2019, ""player"": ""Player_581"", ""fee"": 1793883.78, ""type"": ""In""}, {""year"": 2024, ""player"": ""Player_85"", ""fee"": 1307120.88, ""type"": ""Out""}, {""year"": 2020, ""player"": ""Player_635"", ""fee"": 2188838.76, ""type"": ""In""}, {""year"": 2022, ""player"": ""Player_519"", ""fee"": 641918.04, ""type"": ""Out""}], ""total_spend"": 9426395.47, ""total_income"": 6025297.99}",338312.4438734666,2 years,True,Local talent,Established professionals,0.55,"{""kit_sponsor"": ""Mizuno"", ""main_sponsor"": ""Coca-Cola"", ""value"": ""750986 TND"", ""duration"": ""4 years""}","{""facebook"": ""facebook.com/club_1699"", ""twitter"": ""twitter.com/club_9417"", ""instagram"": ""instagram.com/club_8648""}"
C-153,928,Difaa El Jadida,Morocco,Botola Pro,Stade Mohammed V,'4-4-2',Direct Play,45882000.0,18352800.0,"{""last_5_transfers"": [{""year"": 2023, ""player"": ""Player_728"", ""fee"": 2777022.19, ""type"": ""In""}, {""year"": 2021, ""player"": ""Player_245"", ""fee"": 2901979.81, ""type"": ""Out""}, {""year"": 2024, ""player"": ""Player_957"", ""fee"": 353843.99, ""type"": ""In""}, {""year"": 2024, ""player"": ""Player_610"", ""fee"": 4944426.66, ""type"": ""Out""}, {""year"": 2024, ""player"": ""Player_678"", ""fee"": 1822620.15, ""type"": ""In""}], ""total_spend"": 6364746.04, ""total_income"": 4524660.46}",405885.6128510776,2 years,False,Young prospects,Young talents,2.01,"{""kit_sponsor"": ""Macron"", ""main_sponsor"": ""BMW"", ""value"": ""338058 TND"", ""duration"": ""4 years""}","{""facebook"": ""facebook.com/club_9638"", ""twitter"": ""twitter.com/club_5327"", ""instagram"": ""instagram.com/club_1502""}"
C-154,396,Djoliba AC,Mali,Malian Premiere Division,Stade 26 Mars,'4-3-1-2',Defensive Solidarity,2534346000.0,1013738400.0,"{""last_5_transfers"": [{""year"": 2022, ""player"": ""Player_728"", ""fee"": 366435.18, ""type"": ""Out""}, {""year"": 2021, ""player"": ""Player_942"", ""fee"": 2185348.01, ""type"": ""Out""}, {""year"": 2022, ""player"": ""Player_391"", ""fee"": 3485005.17, ""type"": ""In""}, {""year"": 2020, ""player"": ""Player_65"", ""fee"": 3163661.3, ""type"": ""In""}, {""year"": 2021, ""player"": ""Player_526"", ""fee"": 3769731.49, ""type"": ""In""}], ""total_spend"": 5733783.86, ""total_income"": 5382540.76}",506720.8749957731,3 years,True,Young prospects,African talents,3.71,"{""kit_sponsor"": ""Under Armour"", ""main_sponsor"": ""Samsung"", ""value"": ""157563 TND"", ""duration"": ""3 years""}","{""facebook"": ""facebook.com/club_8354"", ""twitter"": ""twitter.com/club_8509"", ""instagram"": ""instagram.com/club_3858""}"
C-155,376,Dolphins FC,Nigeria,Nigeria Professional Football League,Moshood Abiola National Stadium,'4-3-1-2',Physical Power Play,1960266000.0,784106400.0,"{""last_5_transfers"": [{""year"": 2023, ""player"": ""Player_77"", ""fee"": 3715383.89, ""type"": ""In""}, {""year"": 2022, ""player"": ""Player_812"", ""fee"": 2768395.67, ""type"": ""Out""}, {""year"": 2023, ""player"": ""Player_818"", ""fee"": 1534852.69, ""type"": ""Out""}, {""year"": 2022, ""player"": ""Player_343"", ""fee"": 4210895.33, ""type"": ""In""}, {""year"": 2019, ""player"": ""Player_962"", ""fee"": 3464792.16, ""type"": ""Out""}], ""total_spend"": 2968863.49, ""total_income"": 4803147.1}",242511.01959259203,4 years,False,Experienced players,Young talents,5.25,"{""kit_sponsor"": ""Joma"", ""main_sponsor"": ""STB Bank"", ""value"": ""969981 TND"", ""duration"": ""1 years""}","{""facebook"": ""facebook.com/club_3847"", ""twitter"": ""twitter.com/club_8138"", ""instagram"": ""instagram.com/club_9661""}"
C-156,2473,Domant FC,Angola,Segunda Divisao,Estadio 11 de Novembro,'4-1-3-2',Physical Power Play,1431065000.0,572426000.0,"{""last_5_transfers"": [{""year"": 2023, ""player"": ""Player_500"", ""fee"": 3558745.66, ""type"": ""In""}, {""year"": 2024, ""player"": ""Player_715"", ""fee"": 536130.63, ""type"": ""Out""}, {""year"": 2020, ""player"": ""Player_684"", ""fee"": 4257700.53, ""type"": ""In""}, {""year"": 2024, ""player"": ""Player_487"", ""fee"": 3452503.73, ""type"": ""In""}, {""year"": 2020, ""player"": ""Player_993"", ""fee"": 445383.86, ""type"": ""Out""}], ""total_spend"": 1158699.62, ""total_income"": 2305630.26}",369462.76269079815,2 years,True,Experienced players,South American prospects,3.96,"{""kit_sponsor"": ""Puma"", ""main_sponsor"": ""Samsung"", ""value"": ""417144 TND"", ""duration"": ""1 years""}","{""facebook"": ""facebook.com/club_6775"", ""twitter"": ""twitter.com/club_5712"", ""instagram"": ""instagram.com/club_2220""}"
C-157,2333,Dongo,Zimbabwe,Zimbabwe Premier Soccer League,National Sports Stadium,'4-4-2',Attacking Overload,15367860000.0,6147144000.0,"{""last_5_transfers"": [{""year"": 2020, ""player"": ""Player_7"", ""fee"": 1974728.92, ""type"": ""In""}, {""year"": 2022, ""player"": ""Player_887"", ""fee"": 3547654.9, ""type"": ""In""}, {""year"": 2022, ""player"": ""Player_151"", ""fee"": 861194.97, ""type"": ""In""}, {""year"": 2023, ""player"": ""Player_819"", ""fee"": 4420836.8, ""type"": ""In""}, {""year"": 2024, ""player"": ""Player_734"", ""fee"": 546017.02, ""type"": ""Out""}], ""total_spend"": 8980279.2, ""total_income"": 3267251.12}",798595.483845995,4 years,True,International players,Established professionals,6.76,"{""kit_sponsor"": ""Umbro"", ""main_sponsor"": ""Orange"", ""value"": ""616732 TND"", ""duration"": ""4 years""}","{""facebook"": ""facebook.com/club_8783"", ""twitter"": ""twitter.com/club_7408"", ""instagram"": ""instagram.com/club_3205""}"
C-158,1744,Douanes Niamey,Niger,Niger Premier League,Stade General Seyni Kountche,'3-4-2-1',Defensive Structure,2794832000.0,1117932800.0,"{""last_5_transfers"": [{""year"": 2019, ""player"": ""Player_571"", ""fee"": 3657216.33, ""type"": ""Out""}, {""year"": 2020, ""player"": ""Player_505"", ""fee"": 4412125.97, ""type"": ""Out""}, {""year"": 2019, ""player"": ""Player_445"", ""fee"": 3986304.15, ""type"": ""Out""}, {""year"": 2021, ""player"": ""Player_207"", ""fee"": 4608197.62, ""type"": ""Out""}, {""year"": 2021, ""player"": ""Player_115"", ""fee"": 257058.9, ""type"": ""In""}], ""total_spend"": 1259536.39, ""total_income"": 1007260.57}",592027.0946523729,4 years,False,International players,European market,4.96,"{""kit_sponsor"": ""Umbro"", ""main_sponsor"": ""Huawei"", ""value"": ""560480 TND"", ""duration"": ""4 years""}","{""facebook"": ""facebook.com/club_3200"", ""twitter"": ""twitter.com/club_5969"", ""instagram"": ""instagram.com/club_1135""}"
C-159,2459,Douglas Warriors,Zimbabwe,Zimbabwe Premier Soccer League,National Sports Stadium,'5-3-2',East African Speed,20191804000.0,8076721600.0,"{""last_5_transfers"": [{""year"": 2023, ""player"": ""Player_275"", ""fee"": 1151398.76, ""type"": ""Out""}, {""year"": 2020, ""player"": ""Player_819"", ""fee"": 4693854.71, ""type"": ""In""}, {""year"": 2020, ""player"": ""Player_387"", ""fee"": 1149089.88, ""type"": ""In""}, {""year"": 2019, ""player"": ""Player_38"", ""fee"": 4921765.82, ""type"": ""Out""}, {""year"": 2021, ""player"": ""Player_483"", ""fee"": 3026913.63, ""type"": ""Out""}], ""total_spend"": 2661769.51, ""total_income"": 7574189.11}",533178.637805547,3 years,True,Experienced players,European market,0.7,"{""kit_sponsor"": ""Under Armour"", ""main_sponsor"": ""Tunisie Telecom"", ""value"": ""328134 TND"", ""duration"": ""4 years""}","{""facebook"": ""facebook.com/club_6956"", ""twitter"": ""twitter.com/club_3736"", ""instagram"": ""instagram.com/club_9704""}"
C-160,1815,Dragon de Yaounde,Cameroon,Elite Two,Olembe Stadium,'3-4-2-1',Physical Power Play,1477201000.0,590880400.0,"{""last_5_transfers"": [{""year"": 2019, ""player"": ""Player_197"", ""fee"": 270202.12, ""type"": ""In""}, {""year"": 2019, ""player"": ""Player_805"", ""fee"": 4541181.15, ""type"": ""Out""}, {""year"": 2024, ""player"": ""Player_170"", ""fee"": 3125011.86, ""type"": ""Out""}, {""year"": 2021, ""player"": ""Player_1"", ""fee"": 359495.23, ""type"": ""In""}, {""year"": 2024, ""player"": ""Player_256"", ""fee"": 2008923.94, ""type"": ""In""}], ""total_spend"": 7907844.52, ""total_income"": 3867856.27}",612655.5893110416,3 years,False,Experienced players,Asian market,9.57,"{""kit_sponsor"": ""Hummel"", ""main_sponsor"": ""Mercedes"", ""value"": ""487843 TND"", ""duration"": ""5 years""}","{""facebook"": ""facebook.com/club_3420"", ""twitter"": ""twitter.com/club_1930"", ""instagram"": ""instagram.com/club_2320""}"
C-161,1283,DRB Tadjenanet,Algeria,Ligue Professionnelle 2,Stade 5 Juillet 1962,'4-4-2',Physical Power Play,167263000.0,66905200.0,"{""last_5_transfers"": [{""year"": 2023, ""player"": ""Player_122"", ""fee"": 126827.48, ""type"": ""Out""}, {""year"": 2019, ""player"": ""Player_154"", ""fee"": 3553578.81, ""type"": ""Out""}, {""year"": 2022, ""player"": ""Player_166"", ""fee"": 1207405.07, ""type"": ""In""}, {""year"": 2023, ""player"": ""Player_72"", ""fee"": 1997524.52, ""type"": ""In""}, {""year"": 2023, ""player"": ""Player_814"", ""fee"": 1641849.11, ""type"": ""Out""}], ""total_spend"": 6264726.17, ""total_income"": 3015009.49}",648066.0578285987,2 years,False,Young prospects,African talents,1.16,"{""kit_sponsor"": ""Puma"", ""main_sponsor"": ""Qatar Airways"", ""value"": ""428025 TND"", ""duration"": ""1 years""}","{""facebook"": ""facebook.com/club_1273"", ""twitter"": ""twitter.com/club_8478"", ""instagram"": ""instagram.com/club_3597""}"
C-162,1701,Dreams FC,Ghana,Division One League,Baba Yara Stadium,'4-5-1',West African Power,38168000.0,15267200.0,"{""last_5_transfers"": [{""year"": 2024, ""player"": ""Player_198"", ""fee"": 3951375.46, ""type"": ""Out""}, {""year"": 2022, ""player"": ""Player_409"", ""fee"": 851369.13, ""type"": ""In""}, {""year"": 2024, ""player"": ""Player_93"", ""fee"": 259714.03, ""type"": ""Out""}, {""year"": 2019, ""player"": ""Player_70"", ""fee"": 3220883.55, ""type"": ""In""}, {""year"": 2023, ""player"": ""Player_439"", ""fee"": 685265.64, ""type"": ""Out""}], ""total_spend"": 4256928.9, ""total_income"": 7400198.99}",827744.5054975942,2 years,False,Academy graduates,Local academy,7.28,"{""kit_sponsor"": ""Macron"", ""main_sponsor"": ""Pepsi"", ""value"": ""631381 TND"", ""duration"": ""3 years""}","{""facebook"": ""facebook.com/club_6921"", ""twitter"": ""twitter.com/club_4480"", ""instagram"": ""instagram.com/club_5209""}"
C-163,1483,Duguwolofila,Mali,Malian Premiere Division,Stade 26 Mars,'4-3-3',Quick Counter-attacks,1032370000.0,412948000.0,"{""last_5_transfers"": [{""year"": 2023, ""player"": ""Player_698"", ""fee"": 1264490.64, ""type"": ""Out""}, {""year"": 2019, ""player"": ""Player_481"", ""fee"": 641751.04, ""type"": ""In""}, {""year"": 2019, ""player"": ""Player_381"", ""fee"": 847767.05, ""type"": ""Out""}, {""year"": 2022, ""player"": ""Player_763"", ""fee"": 4571180.01, ""type"": ""Out""}, {""year"": 2020, ""player"": ""Player_685"", ""fee"": 2525592.29, ""type"": ""Out""}], ""total_spend"": 2213140.91, ""total_income"": 7395428.44}",428453.0234006385,4 years,True,Academy graduates,Young talents,4.93,"{""kit_sponsor"": ""Nike"", ""main_sponsor"": ""Pepsi"", ""value"": ""888366 TND"", ""duration"": ""4 years""}","{""facebook"": ""facebook.com/club_6313"", ""twitter"": ""twitter.com/club_8653"", ""instagram"": ""instagram.com/club_7815""}"
C-164,278,Dynamos,Zimbabwe,Zimbabwe Premier Soccer League,National Sports Stadium,'4-2-2-2',Attacking Overload,4199668000.0,1679867200.0,"{""last_5_transfers"": [{""year"": 2022, ""player"": ""Player_358"", ""fee"": 4055788.8, ""type"": ""Out""}, {""year"": 2019, ""player"": ""Player_265"", ""fee"": 3359111.66, ""type"": ""Out""}, {""year"": 2019, ""player"": ""Player_428"", ""fee"": 200971.31, ""type"": ""Out""}, {""year"": 2023, ""player"": ""Player_924"", ""fee"": 1536114.3, ""type"": ""Out""}, {""year"": 2023, ""player"": ""Player_698"", ""fee"": 3529595.36, ""type"": ""In""}], ""total_spend"": 3636947.19, ""total_income"": 3268255.79}",558283.8579354712,3 years,False,Young prospects,European market,8.38,"{""kit_sponsor"": ""Mizuno"", ""main_sponsor"": ""D\u00e9lice"", ""value"": ""967402 TND"", ""duration"": ""4 years""}","{""facebook"": ""facebook.com/club_6919"", ""twitter"": ""twitter.com/club_4312"", ""instagram"": ""instagram.com/club_1929""}"
C-165,1830,Eagles,Zimbabwe,Zimbabwe Premier Soccer League,National Sports Stadium,'4-5-1',Direct Play,28259871000.0,11303948400.0,"{""last_5_transfers"": [{""year"": 2021, ""player"": ""Player_486"", ""fee"": 3987841.28, ""type"": ""In""}, {""year"": 2019, ""player"": ""Player_551"", ""fee"": 4471340.34, ""type"": ""Out""}, {""year"": 2020, ""player"": ""Player_270"", ""fee"": 969020.91, ""type"": ""In""}, {""year"": 2023, ""player"": ""Player_655"", ""fee"": 4675144.92, ""type"": ""In""}, {""year"": 2019, ""player"": ""Player_608"", ""fee"": 3130378.45, ""type"": ""In""}], ""total_spend"": 9826608.59, ""total_income"": 2073566.02}",923112.3309554488,3 years,False,Academy graduates,Established professionals,5.14,"{""kit_sponsor"": ""Puma"", ""main_sponsor"": ""Samsung"", ""value"": ""921431 TND"", ""duration"": ""4 years""}","{""facebook"": ""facebook.com/club_5903"", ""twitter"": ""twitter.com/club_4898"", ""instagram"": ""instagram.com/club_9644""}"
C-166,1436,Ebusua Dwarfs,Ghana,Division One League,Baba Yara Stadium,'5-4-1',Defensive Structure,29547000.0,11818800.0,"{""last_5_transfers"": [{""year"": 2024, ""player"": ""Player_640"", ""fee"": 1795986.56, ""type"": ""Out""}, {""year"": 2021, ""player"": ""Player_976"", ""fee"": 442334.84, ""type"": ""Out""}, {""year"": 2019, ""player"": ""Player_171"", ""fee"": 1540070.06, ""type"": ""Out""}, {""year"": 2019, ""player"": ""Player_337"", ""fee"": 4414353.06, ""type"": ""Out""}, {""year"": 2019, ""player"": ""Player_493"", ""fee"": 3571380.6, ""type"": ""Out""}], ""total_spend"": 4970024.22, ""total_income"": 4881430.51}",989073.454853027,4 years,False,International players,Under-23 talents,0.71,"{""kit_sponsor"": ""Under Armour"", ""main_sponsor"": ""Tunisie Telecom"", ""value"": ""790608 TND"", ""duration"": ""4 years""}","{""facebook"": ""facebook.com/club_5775"", ""twitter"": ""twitter.com/club_6655"", ""instagram"": ""instagram.com/club_1655""}"
C-167,738,Eding Sport FC,Cameroon,Elite Two,Olembe Stadium,'4-1-4-1',North African Technical,1007845000.0,403138000.0,"{""last_5_transfers"": [{""year"": 2019, ""player"": ""Player_849"", ""fee"": 4470831.93, ""type"": ""In""}, {""year"": 2022, ""player"": ""Player_466"", ""fee"": 2653575.31, ""type"": ""Out""}, {""year"": 2019, ""player"": ""Player_627"", ""fee"": 938920.31, ""type"": ""In""}, {""year"": 2024, ""player"": ""Player_36"", ""fee"": 1292430.74, ""type"": ""Out""}, {""year"": 2019, ""player"": ""Player_103"", ""fee"": 4485753.62, ""type"": ""In""}], ""total_spend"": 3992949.18, ""total_income"": 6562424.5}",345344.5511113872,2 years,False,Experienced players,Under-23 talents,5.58,"{""kit_sponsor"": ""Adidas"", ""main_sponsor"": ""BMW"", ""value"": ""650760 TND"", ""duration"": ""3 years""}","{""facebook"": ""facebook.com/club_3008"", ""twitter"": ""twitter.com/club_9231"", ""instagram"": ""instagram.com/club_4577""}"
C-168,2445,EFYM,Ivory Coast,Ligue 2,Stade Olympique Alassane Ouattara,'4-1-3-2',Physical Power Play,594890000.0,237956000.0,"{""last_5_transfers"": [{""year"": 2019, ""player"": ""Player_310"", ""fee"": 4855961.64, ""type"": ""Out""}, {""year"": 2019, ""player"": ""Player_873"", ""fee"": 2962586.38, ""type"": ""Out""}, {""year"": 2019, ""player"": ""Player_433"", ""fee"": 2328402.38, ""type"": ""In""}, {""year"": 2022, ""player"": ""Player_258"", ""fee"": 4622761.3, ""type"": ""In""}, {""year"": 2021, ""player"": ""Player_46"", ""fee"": 430669.18, ""type"": ""In""}], ""total_spend"": 8866894.47, ""total_income"": 2407840.59}",617343.3540984984,2 years,True,Proven professionals,Established professionals,8.04,"{""kit_sponsor"": ""Joma"", ""main_sponsor"": ""LG Electronics"", ""value"": ""785539 TND"", ""duration"": ""3 years""}","{""facebook"": ""facebook.com/club_4824"", ""twitter"": ""twitter.com/club_9960"", ""instagram"": ""instagram.com/club_4624""}"
C-169,1669,EGS Gafsa,Tunisia,Tunisian Ligue 2,Stade Olympique de Rades,'3-4-2-1',Wing Play,12105000.0,4842000.0,"{""last_5_transfers"": [{""year"": 2019, ""player"": ""Player_669"", ""fee"": 4464297.84, ""type"": ""In""}, {""year"": 2019, ""player"": ""Player_230"", ""fee"": 4490079.78, ""type"": ""Out""}, {""year"": 2021, ""player"": ""Player_397"", ""fee"": 3940503.72, ""type"": ""Out""}, {""year"": 2019, ""player"": ""Player_943"", ""fee"": 3636224.98, ""type"": ""Out""}, {""year"": 2021, ""player"": ""Player_283"", ""fee"": 3450337.39, ""type"": ""In""}], ""total_spend"": 4496933.87, ""total_income"": 5493559.77}",427280.334917497,4 years,False,Local talent,Young talents,4.82,"{""kit_sponsor"": ""Hummel"", ""main_sponsor"": ""Soci\u00e9t\u00e9 G\u00e9n\u00e9rale"", ""value"": ""427943 TND"", ""duration"": ""5 years""}","{""facebook"": ""facebook.com/club_4848"", ""twitter"": ""twitter.com/club_7615"", ""instagram"": ""instagram.com/club_6221""}"
C-170,1858,El Dakhleya,Egypt,Egyptian Second Division,Cairo International Stadium,'4-2-4',Wing Play,137208000.0,54883200.0,"{""last_5_transfers"": [{""year"": 2023, ""player"": ""Player_879"", ""fee"": 1608175.47, ""type"": ""Out""}, {""year"": 2020, ""player"": ""Player_748"", ""fee"": 3751265.46, ""type"": ""In""}, {""year"": 2021, ""player"": ""Player_776"", ""fee"": 1709590.42, ""type"": ""In""}, {""year"": 2020, ""player"": ""Player_965"", ""fee"": 4455860.69, ""type"": ""Out""}, {""year"": 2019, ""player"": ""Player_454"", ""fee"": 2066157.61, ""type"": ""Out""}], ""total_spend"": 8545576.44, ""total_income"": 4498785.28}",768244.6672781991,2 years,False,Local talent,Asian market,4.54,"{""kit_sponsor"": ""Adidas"", ""main_sponsor"": ""Tunisie Telecom"", ""value"": ""419433 TND"", ""duration"": ""3 years""}","{""facebook"": ""facebook.com/club_6446"", ""twitter"": ""twitter.com/club_1720"", ""instagram"": ""instagram.com/club_8519""}"
C-171,1628,El Entag El Harby,Egypt,Egyptian Premier League,Cairo International Stadium,'4-1-4-1',High Press,101594000.0,40637600.0,"{""last_5_transfers"": [{""year"": 2024, ""player"": ""Player_501"", ""fee"": 1679248.79, ""type"": ""Out""}, {""year"": 2024, ""player"": ""Player_247"", ""fee"": 4167624.91, ""type"": ""In""}, {""year"": 2020, ""player"": ""Player_338"", ""fee"": 3896546.15, ""type"": ""In""}, {""year"": 2024, ""player"": ""Player_236"", ""fee"": 3696171.27, ""type"": ""In""}, {""year"": 2021, ""player"": ""Player_163"", ""fee"": 2909084.59, ""type"": ""Out""}], ""total_spend"": 5236768.28, ""total_income"": 2790461.96}",327063.85712594114,3 years,False,Proven professionals,South American prospects,9.01,"{""kit_sponsor"": ""Under Armour"", ""main_sponsor"": ""Danone"", ""value"": ""450960 TND"", ""duration"": ""5 years""}","{""facebook"": ""facebook.com/club_2694"", ""twitter"": ""twitter.com/club_5038"", ""instagram"": ""instagram.com/club_2618""}"
C-172,829,El Geish,Egypt,Egyptian Premier League,Cairo International Stadium,'5-3-2',Technical Dribbling,128054000.0,51221600.0,"{""last_5_transfers"": [{""year"": 2022, ""player"": ""Player_76"", ""fee"": 1586071.81, ""type"": ""Out""}, {""year"": 2021, ""player"": ""Player_673"", ""fee"": 1705690.54, ""type"": ""In""}, {""year"": 2024, ""player"": ""Player_316"", ""fee"": 4243799.12, ""type"": ""Out""}, {""year"": 2020, ""player"": ""Player_327"", ""fee"": 4473963.03, ""type"": ""In""}, {""year"": 2024, ""player"": ""Player_981"", ""fee"": 3510309.8, ""type"": ""In""}], ""total_spend"": 7848170.19, ""total_income"": 4518792.77}",672518.0545686377,2 years,True,Experienced players,Under-23 talents,9.11,"{""kit_sponsor"": ""Kappa"", ""main_sponsor"": ""LG Electronics"", ""value"": ""570652 TND"", ""duration"": ""2 years""}","{""facebook"": ""facebook.com/club_8466"", ""twitter"": ""twitter.com/club_6639"", ""instagram"": ""instagram.com/club_8738""}"
C-173,1508,El Gounah,Egypt,Egyptian Second Division,Cairo International Stadium,'4-2-2-2',Attacking Overload,112943000.0,45177200.0,"{""last_5_transfers"": [{""year"": 2020, ""player"": ""Player_943"", ""fee"": 1458048.33, ""type"": ""Out""}, {""year"": 2020, ""player"": ""Player_971"", ""fee"": 1114413.17, ""type"": ""In""}, {""year"": 2022, ""player"": ""Player_921"", ""fee"": 2945077.52, ""type"": ""In""}, {""year"": 2019, ""player"": ""Player_332"", ""fee"": 4138065.09, ""type"": ""Out""}, {""year"": 2021, ""player"": ""Player_896"", ""fee"": 4958653.85, ""type"": ""Out""}], ""total_spend"": 8659128.17, ""total_income"": 6994801.27}",575945.0037458229,4 years,True,International players,Young talents,6.44,"{""kit_sponsor"": ""Hummel"", ""main_sponsor"": ""TotalEnergies"", ""value"": ""176282 TND"", ""duration"": ""5 years""}","{""facebook"": ""facebook.com/club_3125"", ""twitter"": ""twitter.com/club_4403"", ""instagram"": ""instagram.com/club_6826""}"
C-174,1240,El Kanemi Warriors,Nigeria,Nigeria Professional Football League,Moshood Abiola National Stadium,'4-2-3-1',Quick Counter-attacks,2266795000.0,906718000.0,"{""last_5_transfers"": [{""year"": 2020, ""player"": ""Player_894"", ""fee"": 3862954.36, ""type"": ""Out""}, {""year"": 2019, ""player"": ""Player_924"", ""fee"": 4919569.66, ""type"": ""In""}, {""year"": 2020, ""player"": ""Player_316"", ""fee"": 4486040.13, ""type"": ""Out""}, {""year"": 2020, ""player"": ""Player_246"", ""fee"": 1764462.68, ""type"": ""Out""}, {""year"": 2023, ""player"": ""Player_733"", ""fee"": 3155578.84, ""type"": ""Out""}], ""total_spend"": 3765112.25, ""total_income"": 7822629.16}",119829.35633396923,3 years,True,Academy graduates,Under-23 talents,0.55,"{""kit_sponsor"": ""Umbro"", ""main_sponsor"": ""Pepsi"", ""value"": ""234890 TND"", ""duration"": ""1 years""}","{""facebook"": ""facebook.com/club_8726"", ""twitter"": ""twitter.com/club_5738"", ""instagram"": ""instagram.com/club_9724""}"
C-175,2032,El Mansura,Egypt,Egyptian Second Division,Cairo International Stadium,'4-2-3-1',Defensive Structure,60862000.0,24344800.0,"{""last_5_transfers"": [{""year"": 2022, ""player"": ""Player_229"", ""fee"": 3358752.16, ""type"": ""Out""}, {""year"": 2024, ""player"": ""Player_825"", ""fee"": 4567458.41, ""type"": ""In""}, {""year"": 2023, ""player"": ""Player_138"", ""fee"": 4418153.87, ""type"": ""In""}, {""year"": 2019, ""player"": ""Player_677"", ""fee"": 2766948.79, ""type"": ""In""}, {""year"": 2019, ""player"": ""Player_190"", ""fee"": 1117193.96, ""type"": ""In""}], ""total_spend"": 6394754.44, ""total_income"": 3589986.49}",406347.23873143166,4 years,False,Young prospects,Young talents,1.29,"{""kit_sponsor"": ""Local Brand"", ""main_sponsor"": ""Qatar Airways"", ""value"": ""512284 TND"", ""duration"": ""1 years""}","{""facebook"": ""facebook.com/club_7424"", ""twitter"": ""twitter.com/club_1655"", ""instagram"": ""instagram.com/club_4359""}"
C-176,2060,El Minya,Egypt,Egyptian Premier League,Cairo International Stadium,'4-2-2-2',Total Football,99152000.0,39660800.0,"{""last_5_transfers"": [{""year"": 2022, ""player"": ""Player_661"", ""fee"": 3929468.91, ""type"": ""In""}, {""year"": 2021, ""player"": ""Player_73"", ""fee"": 907402.22, ""type"": ""Out""}, {""year"": 2022, ""player"": ""Player_151"", ""fee"": 1190215.28, ""type"": ""In""}, {""year"": 2024, ""player"": ""Player_42"", ""fee"": 2695672.99, ""type"": ""Out""}, {""year"": 2024, ""player"": ""Player_664"", ""fee"": 1031015.06, ""type"": ""In""}], ""total_spend"": 6600005.86, ""total_income"": 7412319.56}",440434.4844699656,3 years,True,Experienced players,European market,3.22,"{""kit_sponsor"": ""Umbro"", ""main_sponsor"": ""STB Bank"", ""value"": ""394411 TND"", ""duration"": ""4 years""}","{""facebook"": ""facebook.com/club_2492"", ""twitter"": ""twitter.com/club_2812"", ""instagram"": ""instagram.com/club_8670""}"
C-177,2227,El Nasr Tadeen,Egypt,Egyptian Premier League,Cairo International Stadium,'4-1-3-2',Southern African Mix,89361000.0,35744400.0,"{""last_5_transfers"": [{""year"": 2022, ""player"": ""Player_188"", ""fee"": 3863852.71, ""type"": ""In""}, {""year"": 2020, ""player"": ""Player_262"", ""fee"": 3861148.46, ""type"": ""In""}, {""year"": 2024, ""player"": ""Player_278"", ""fee"": 4912974.23, ""type"": ""In""}, {""year"": 2024, ""player"": ""Player_802"", ""fee"": 3859052.95, ""type"": ""In""}, {""year"": 2020, ""player"": ""Player_340"", ""fee"": 1638989.65, ""type"": ""In""}], ""total_spend"": 7918548.92, ""total_income"": 2214402.35}",956137.5983907232,2 years,False,Young prospects,European market,0.28,"{""kit_sponsor"": ""Under Armour"", ""main_sponsor"": ""TotalEnergies"", ""value"": ""249003 TND"", ""duration"": ""4 years""}","{""facebook"": ""facebook.com/club_6235"", ""twitter"": ""twitter.com/club_4955"", ""instagram"": ""instagram.com/club_3074""}"
C-178,2558,El Nsoor,Sudan,Sudan Premier League,Al Merreikh Stadium,'3-5-1-1',Attacking Overload,1596723000.0,638689200.0,"{""last_5_transfers"": [{""year"": 2020, ""player"": ""Player_307"", ""fee"": 738313.62, ""type"": ""Out""}, {""year"": 2021, ""player"": ""Player_40"", ""fee"": 3687913.38, ""type"": ""Out""}, {""year"": 2023, ""player"": ""Player_253"", ""fee"": 4225404.12, ""type"": ""Out""}, {""year"": 2022, ""player"": ""Player_914"", ""fee"": 1307845.91, ""type"": ""Out""}, {""year"": 2022, ""player"": ""Player_187"", ""fee"": 4158650.1, ""type"": ""In""}], ""total_spend"": 4516071.34, ""total_income"": 4684279.71}",400499.36129681824,4 years,True,Local talent,Young talents,5.13,"{""kit_sponsor"": ""Umbro"", ""main_sponsor"": ""Audi"", ""value"": ""753692 TND"", ""duration"": ""5 years""}","{""facebook"": ""facebook.com/club_7846"", ""twitter"": ""twitter.com/club_8176"", ""instagram"": ""instagram.com/club_4983""}"
C-179,1967,El Raja,Egypt,Egyptian Second Division,Cairo International Stadium,'4-3-1-2',Total Football,101679000.0,40671600.0,"{""last_5_transfers"": [{""year"": 2019, ""player"": ""Player_561"", ""fee"": 2735263.84, ""type"": ""Out""}, {""year"": 2023, ""player"": ""Player_324"", ""fee"": 3570746.94, ""type"": ""In""}, {""year"": 2023, ""player"": ""Player_599"", ""fee"": 4796215.8, ""type"": ""Out""}, {""year"": 2021, ""player"": ""Player_534"", ""fee"": 845823.85, ""type"": ""In""}, {""year"": 2022, ""player"": ""Player_893"", ""fee"": 4483865.1, ""type"": ""In""}], ""total_spend"": 8556479.76, ""total_income"": 5845494.37}",681425.1976923285,4 years,False,International players,Local academy,7.37,"{""kit_sponsor"": ""Le Coq Sportif"", ""main_sponsor"": ""BIAT Bank"", ""value"": ""825832 TND"", ""duration"": ""1 years""}","{""facebook"": ""facebook.com/club_1042"", ""twitter"": ""twitter.com/club_5349"", ""instagram"": ""instagram.com/club_7708""}"
C-180,178,El Zamalek,Egypt,Egyptian Premier League,Cairo International Stadium,'3-4-2-1',Defensive Solidarity,132510000.0,53004000.0,"{""last_5_transfers"": [{""year"": 2022, ""player"": ""Player_743"", ""fee"": 189056.5, ""type"": ""In""}, {""year"": 2019, ""player"": ""Player_2"", ""fee"": 3728966.01, ""type"": ""Out""}, {""year"": 2019, ""player"": ""Player_583"", ""fee"": 3429944.45, ""type"": ""In""}, {""year"": 2024, ""player"": ""Player_683"", ""fee"": 679451.55, ""type"": ""Out""}, {""year"": 2019, ""player"": ""Player_148"", ""fee"": 3050520.34, ""type"": ""Out""}], ""total_spend"": 4986348.02, ""total_income"": 7258429.58}",261980.3524242377,2 years,True,Local talent,Asian market,5.63,"{""kit_sponsor"": ""Umbro"", ""main_sponsor"": ""Shell"", ""value"": ""942890 TND"", ""duration"": ""5 years""}","{""facebook"": ""facebook.com/club_8339"", ""twitter"": ""twitter.com/club_5393"", ""instagram"": ""instagram.com/club_1349""}"
C-181,1982,El-Sharkia Lel Dokhan (Eastern Company SC),Egypt,Egyptian Premier League,Cairo International Stadium,'4-3-1-2',Southern African Mix,74992000.0,29996800.0,"{""last_5_transfers"": [{""year"": 2019, ""player"": ""Player_258"", ""fee"": 3336308.53, ""type"": ""In""}, {""year"": 2019, ""player"": ""Player_452"", ""fee"": 2999086.56, ""type"": ""Out""}, {""year"": 2020, ""player"": ""Player_826"", ""fee"": 3441688.53, ""type"": ""Out""}, {""year"": 2020, ""player"": ""Player_306"", ""fee"": 494400.23, ""type"": ""In""}, {""year"": 2021, ""player"": ""Player_337"", ""fee"": 2895379.57, ""type"": ""In""}], ""total_spend"": 4345616.4, ""total_income"": 1341226.01}",195087.06428026225,3 years,True,Young prospects,European market,7.81,"{""kit_sponsor"": ""Macron"", ""main_sponsor"": ""Danone"", ""value"": ""769118 TND"", ""duration"": ""5 years""}","{""facebook"": ""facebook.com/club_8173"", ""twitter"": ""twitter.com/club_1536"", ""instagram"": ""instagram.com/club_9757""}"
C-182,2194,Eleven Wise,Ghana,Division One League,Baba Yara Stadium,'3-4-2-1',Technical Dribbling,58817000.0,23526800.0,"{""last_5_transfers"": [{""year"": 2020, ""player"": ""Player_19"", ""fee"": 4414157.28, ""type"": ""In""}, {""year"": 2020, ""player"": ""Player_418"", ""fee"": 3498447.66, ""type"": ""In""}, {""year"": 2024, ""player"": ""Player_495"", ""fee"": 4816656.39, ""type"": ""Out""}, {""year"": 2022, ""player"": ""Player_827"", ""fee"": 4812890.59, ""type"": ""In""}, {""year"": 2024, ""player"": ""Player_828"", ""fee"": 2479826.34, ""type"": ""Out""}], ""total_spend"": 5000108.99, ""total_income"": 924027.8}",258434.4292964924,4 years,False,Experienced players,Asian market,9.46,"{""kit_sponsor"": ""Le Coq Sportif"", ""main_sponsor"": ""Tunisie Telecom"", ""value"": ""907791 TND"", ""duration"": ""2 years""}","{""facebook"": ""facebook.com/club_1996"", ""twitter"": ""twitter.com/club_7329"", ""instagram"": ""instagram.com/club_6168""}"
C-183,2026,Eleven Wonders FC,Ghana,Ghana Premier League,Baba Yara Stadium,'5-3-2',High Press,37525000.0,15010000.0,"{""last_5_transfers"": [{""year"": 2024, ""player"": ""Player_110"", ""fee"": 1281656.64, ""type"": ""In""}, {""year"": 2023, ""player"": ""Player_363"", ""fee"": 4186320.31, ""type"": ""In""}, {""year"": 2023, ""player"": ""Player_562"", ""fee"": 245993.82, ""type"": ""Out""}, {""year"": 2021, ""player"": ""Player_909"", ""fee"": 950562.47, ""type"": ""In""}, {""year"": 2021, ""player"": ""Player_264"", ""fee"": 2327049.94, ""type"": ""Out""}], ""total_spend"": 2859422.91, ""total_income"": 4724840.48}",777204.2405171716,4 years,True,Academy graduates,South American prospects,0.36,"{""kit_sponsor"": ""Mizuno"", ""main_sponsor"": ""Tunisie Telecom"", ""value"": ""427806 TND"", ""duration"": ""5 years""}","{""facebook"": ""facebook.com/club_3804"", ""twitter"": ""twitter.com/club_3583"", ""instagram"": ""instagram.com/club_2934""}"
C-184,2455,Elmina Sharks,Ghana,Division One League,Baba Yara Stadium,'5-2-3',North African Technical,31374000.0,12549600.0,"{""last_5_transfers"": [{""year"": 2019, ""player"": ""Player_283"", ""fee"": 951898.29, ""type"": ""Out""}, {""year"": 2020, ""player"": ""Player_51"", ""fee"": 3205367.15, ""type"": ""In""}, {""year"": 2024, ""player"": ""Player_403"", ""fee"": 687809.95, ""type"": ""Out""}, {""year"": 2024, ""player"": ""Player_97"", ""fee"": 1419044.9, ""type"": ""In""}, {""year"": 2021, ""player"": ""Player_671"", ""fee"": 3335930.85, ""type"": ""Out""}], ""total_spend"": 8401093.13, ""total_income"": 5537579.84}",437312.6322896342,4 years,True,Academy graduates,Under-23 talents,5.06,"{""kit_sponsor"": ""Mizuno"", ""main_sponsor"": ""STB Bank"", ""value"": ""567329 TND"", ""duration"": ""2 years""}","{""facebook"": ""facebook.com/club_9097"", ""twitter"": ""twitter.com/club_2335"", ""instagram"": ""instagram.com/club_9929""}"
C-185,610,ENPPI,Egypt,Egyptian Second Division,Cairo International Stadium,'5-4-1',North African Technical,141027000.0,56410800.0,"{""last_5_transfers"": [{""year"": 2021, ""player"": ""Player_677"", ""fee"": 1377574.04, ""type"": ""Out""}, {""year"": 2024, ""player"": ""Player_433"", ""fee"": 3389508.54, ""type"": ""Out""}, {""year"": 2024, ""player"": ""Player_381"", ""fee"": 3495146.54, ""type"": ""In""}, {""year"": 2024, ""player"": ""Player_821"", ""fee"": 1328966.01, ""type"": ""In""}, {""year"": 2024, ""player"": ""Player_214"", ""fee"": 428249.64, ""type"": ""Out""}], ""total_spend"": 5325606.6, ""total_income"": 3957800.46}",476180.5382803862,3 years,True,Experienced players,Young talents,3.57,"{""kit_sponsor"": ""Macron"", ""main_sponsor"": ""Magasin G\u00e9n\u00e9ral"", ""value"": ""444497 TND"", ""duration"": ""1 years""}","{""facebook"": ""facebook.com/club_9928"", ""twitter"": ""twitter.com/club_6829"", ""instagram"": ""instagram.com/club_3116""}"
C-186,1852,Entente Sportive du Bafing,Ivory Coast,Ligue 1,Stade Olympique Alassane Ouattara,'4-3-1-2',Defensive Solidarity,1711119000.0,684447600.0,"{""last_5_transfers"": [{""year"": 2021, ""player"": ""Player_79"", ""fee"": 868465.46, ""type"": ""Out""}, {""year"": 2019, ""player"": ""Player_635"", ""fee"": 2902809.08, ""type"": ""In""}, {""year"": 2019, ""player"": ""Player_951"", ""fee"": 3739732.2, ""type"": ""Out""}, {""year"": 2019, ""player"": ""Player_11"", ""fee"": 650645.06, ""type"": ""Out""}, {""year"": 2022, ""player"": ""Player_399"", ""fee"": 1074088.87, ""type"": ""Out""}], ""total_spend"": 9897726.9, ""total_income"": 3352615.09}",204315.83388188228,4 years,False,Academy graduates,European market,9.42,"{""kit_sponsor"": ""Under Armour"", ""main_sponsor"": ""Mercedes"", ""value"": ""920438 TND"", ""duration"": ""5 years""}","{""facebook"": ""facebook.com/club_5028"", ""twitter"": ""twitter.com/club_1312"", ""instagram"": ""instagram.com/club_6613""}"
C-187,565,Enugu Rangers,Nigeria,Nigeria National League,Moshood Abiola National Stadium,'5-2-3',Defensive Solidarity,2015324000.0,806129600.0,"{""last_5_transfers"": [{""year"": 2019, ""player"": ""Player_214"", ""fee"": 532221.99, ""type"": ""In""}, {""year"": 2020, ""player"": ""Player_719"", ""fee"": 4150718.32, ""type"": ""In""}, {""year"": 2021, ""player"": ""Player_699"", ""fee"": 1183518.15, ""type"": ""In""}, {""year"": 2023, ""player"": ""Player_21"", ""fee"": 1199351.62, ""type"": ""In""}, {""year"": 2021, ""player"": ""Player_881"", ""fee"": 201668.15, ""type"": ""Out""}], ""total_spend"": 7873717.4, ""total_income"": 4102952.78}",837428.6926600928,4 years,True,Proven professionals,African talents,1.08,"{""kit_sponsor"": ""Adidas"", ""main_sponsor"": ""Huawei"", ""value"": ""521954 TND"", ""duration"": ""5 years""}","{""facebook"": ""facebook.com/club_4265"", ""twitter"": ""twitter.com/club_3223"", ""instagram"": ""instagram.com/club_3273""}"
C-188,505,Enyimba,Nigeria,Nigeria National League,Moshood Abiola National Stadium,'4-3-1-2',High Press,969876000.0,387950400.0,"{""last_5_transfers"": [{""year"": 2019, ""player"": ""Player_643"", ""fee"": 901407.84, ""type"": ""Out""}, {""year"": 2023, ""player"": ""Player_918"", ""fee"": 2226849.03, ""type"": ""Out""}, {""year"": 2021, ""player"": ""Player_187"", ""fee"": 4638169.7, ""type"": ""Out""}, {""year"": 2020, ""player"": ""Player_340"", ""fee"": 3603453.78, ""type"": ""In""}, {""year"": 2020, ""player"": ""Player_604"", ""fee"": 3081401.19, ""type"": ""Out""}], ""total_spend"": 8008307.46, ""total_income"": 3220491.63}",930602.6119959012,4 years,False,Local talent,Under-23 talents,6.52,"{""kit_sponsor"": ""Puma"", ""main_sponsor"": ""Carrefour"", ""value"": ""242720 TND"", ""duration"": ""3 years""}","{""facebook"": ""facebook.com/club_1292"", ""twitter"": ""twitter.com/club_6001"", ""instagram"": ""instagram.com/club_7728""}"
C-189,1727,EO Sidi Bouzid,Tunisia,Tunisian Ligue Professionnelle 1,Stade Olympique de Rades,'4-2-3-1',Defensive Solidarity,13622000.0,5448800.0,"{""last_5_transfers"": [{""year"": 2023, ""player"": ""Player_507"", ""fee"": 1149199.29, ""type"": ""Out""}, {""year"": 2022, ""player"": ""Player_862"", ""fee"": 4825735.22, ""type"": ""In""}, {""year"": 2023, ""player"": ""Player_450"", ""fee"": 1961675.32, ""type"": ""In""}, {""year"": 2020, ""player"": ""Player_171"", ""fee"": 4385482.95, ""type"": ""Out""}, {""year"": 2022, ""player"": ""Player_671"", ""fee"": 4904590.26, ""type"": ""In""}], ""total_spend"": 2027848.18, ""total_income"": 4452512.71}",641343.1311329727,4 years,True,Academy graduates,South American prospects,2.91,"{""kit_sponsor"": ""Umbro"", ""main_sponsor"": ""BIAT Bank"", ""value"": ""564136 TND"", ""duration"": ""4 years""}","{""facebook"": ""facebook.com/club_1189"", ""twitter"": ""twitter.com/club_5830"", ""instagram"": ""instagram.com/club_7300""}"
C-190,2469,ES Bingerville,Ivory Coast,Ligue 2,Stade Olympique Alassane Ouattara,'3-5-2',Tiki-Taka Adaptation,2184112000.0,873644800.0,"{""last_5_transfers"": [{""year"": 2023, ""player"": ""Player_753"", ""fee"": 4405367.78, ""type"": ""In""}, {""year"": 2024, ""player"": ""Player_838"", ""fee"": 1049907.55, ""type"": ""Out""}, {""year"": 2022, ""player"": ""Player_912"", ""fee"": 2553183.87, ""type"": ""In""}, {""year"": 2019, ""player"": ""Player_772"", ""fee"": 148132.29, ""type"": ""Out""}, {""year"": 2021, ""player"": ""Player_267"", ""fee"": 3807331.9, ""type"": ""In""}], ""total_spend"": 4642878.4, ""total_income"": 3413891.33}",509881.01307986025,3 years,True,International players,African talents,4.24,"{""kit_sponsor"": ""Local Brand"", ""main_sponsor"": ""Orange"", ""value"": ""943578 TND"", ""duration"": ""1 years""}","{""facebook"": ""facebook.com/club_8102"", ""twitter"": ""twitter.com/club_2358"", ""instagram"": ""instagram.com/club_1630""}"
C-191,418,ES Setif,Algeria,Ligue Professionnelle 2,Stade 5 Juillet 1962,'4-2-4',Total Football,490946000.0,196378400.0,"{""last_5_transfers"": [{""year"": 2019, ""player"": ""Player_683"", ""fee"": 4805804.22, ""type"": ""In""}, {""year"": 2023, ""player"": ""Player_663"", ""fee"": 3821473.36, ""type"": ""In""}, {""year"": 2022, ""player"": ""Player_329"", ""fee"": 1809448.67, ""type"": ""In""}, {""year"": 2024, ""player"": ""Player_236"", ""fee"": 1454753.48, ""type"": ""In""}, {""year"": 2021, ""player"": ""Player_417"", ""fee"": 2617099.21, ""type"": ""In""}], ""total_spend"": 1615452.26, ""total_income"": 7416006.48}",571774.9331235364,3 years,False,Experienced players,Established professionals,5.44,"{""kit_sponsor"": ""Local Brand"", ""main_sponsor"": ""BMW"", ""value"": ""995134 TND"", ""duration"": ""1 years""}","{""facebook"": ""facebook.com/club_5792"", ""twitter"": ""twitter.com/club_7648"", ""instagram"": ""instagram.com/club_3278""}"
C-192,146,Esperance de Tunis,Tunisia,Tunisian Ligue Professionnelle 1,Stade Olympique de Rades,'4-2-2-2',Low Block Counter,13687000.0,5474800.0,"{""last_5_transfers"": [{""year"": 2022, ""player"": ""Player_253"", ""fee"": 436965.59, ""type"": ""In""}, {""year"": 2019, ""player"": ""Player_363"", ""fee"": 2942173.01, ""type"": ""In""}, {""year"": 2021, ""player"": ""Player_318"", ""fee"": 3406146.83, ""type"": ""Out""}, {""year"": 2023, ""player"": ""Player_620"", ""fee"": 355819.05, ""type"": ""Out""}, {""year"": 2022, ""player"": ""Player_666"", ""fee"": 581084.75, ""type"": ""In""}], ""total_spend"": 5501185.96, ""total_income"": 5683141.91}",768234.8975849851,2 years,True,International players,Asian market,2.86,"{""kit_sponsor"": ""Macron"", ""main_sponsor"": ""BMW"", ""value"": ""186477 TND"", ""duration"": ""3 years""}","{""facebook"": ""facebook.com/club_4456"", ""twitter"": ""twitter.com/club_6978"", ""instagram"": ""instagram.com/club_1299""}"
C-193,2268,Espoir,Niger,Niger Premier League,Stade General Seyni Kountche,'4-4-2',Physical Power Play,691225000.0,276490000.0,"{""last_5_transfers"": [{""year"": 2022, ""player"": ""Player_173"", ""fee"": 1629472.82, ""type"": ""Out""}, {""year"": 2020, ""player"": ""Player_26"", ""fee"": 2543987.28, ""type"": ""Out""}, {""year"": 2023, ""player"": ""Player_862"", ""fee"": 351735.43, ""type"": ""In""}, {""year"": 2020, ""player"": ""Player_257"", ""fee"": 4701142.46, ""type"": ""Out""}, {""year"": 2024, ""player"": ""Player_900"", ""fee"": 1518888.92, ""type"": ""Out""}], ""total_spend"": 4833050.61, ""total_income"": 5290582.66}",312212.7869527833,3 years,True,Academy graduates,Young talents,7.53,"{""kit_sponsor"": ""Macron"", ""main_sponsor"": ""Coca-Cola"", ""value"": ""277569 TND"", ""duration"": ""5 years""}","{""facebook"": ""facebook.com/club_5956"", ""twitter"": ""twitter.com/club_6503"", ""instagram"": ""instagram.com/club_6471""}"
C-194,285,Etoile du Sahel,Tunisia,Tunisian Ligue Professionnelle 1,Stade Olympique de Rades,'3-5-2',High-Energy Pressing,12471000.0,4988400.0,"{""last_5_transfers"": [{""year"": 2021, ""player"": ""Player_60"", ""fee"": 1645968.52, ""type"": ""In""}, {""year"": 2023, ""player"": ""Player_899"", ""fee"": 557167.59, ""type"": ""Out""}, {""year"": 2022, ""player"": ""Player_794"", ""fee"": 3654402.55, ""type"": ""In""}, {""year"": 2019, ""player"": ""Player_381"", ""fee"": 1493763.08, ""type"": ""Out""}, {""year"": 2021, ""player"": ""Player_998"", ""fee"": 4622550.48, ""type"": ""Out""}], ""total_spend"": 6747697.81, ""total_income"": 3138566.32}",320608.26638406515,3 years,False,International players,African talents,9.21,"{""kit_sponsor"": ""Adidas"", ""main_sponsor"": ""STB Bank"", ""value"": ""557520 TND"", ""duration"": ""2 years""}","{""facebook"": ""facebook.com/club_8940"", ""twitter"": ""twitter.com/club_3328"", ""instagram"": ""instagram.com/club_6535""}"
C-195,1238,Etoile Metlaoui,Tunisia,Tunisian Ligue Professionnelle 1,Stade Olympique de Rades,'3-4-2-1',Southern African Mix,13053000.0,5221200.0,"{""last_5_transfers"": [{""year"": 2024, ""player"": ""Player_45"", ""fee"": 717282.69, ""type"": ""In""}, {""year"": 2024, ""player"": ""Player_550"", ""fee"": 4136386.75, ""type"": ""Out""}, {""year"": 2024, ""player"": ""Player_256"", ""fee"": 3215893.19, ""type"": ""In""}, {""year"": 2022, ""player"": ""Player_802"", ""fee"": 4094466.34, ""type"": ""Out""}, {""year"": 2021, ""player"": ""Player_488"", ""fee"": 1623834.07, ""type"": ""In""}], ""total_spend"": 6772018.94, ""total_income"": 3768202.21}",604582.080993999,3 years,True,Proven professionals,Under-23 talents,2.33,"{""kit_sponsor"": ""Puma"", ""main_sponsor"": ""Magasin G\u00e9n\u00e9ral"", ""value"": ""676153 TND"", ""duration"": ""4 years""}","{""facebook"": ""facebook.com/club_7493"", ""twitter"": ""twitter.com/club_5047"", ""instagram"": ""instagram.com/club_6341""}"
C-196,546,FAR Rabat,Morocco,Botola 2,Stade Mohammed V,'4-2-3-1',Possession-based,21259000.0,8503600.0,"{""last_5_transfers"": [{""year"": 2022, ""player"": ""Player_287"", ""fee"": 800451.02, ""type"": ""In""}, {""year"": 2019, ""player"": ""Player_229"", ""fee"": 1903963.39, ""type"": ""In""}, {""year"": 2019, ""player"": ""Player_920"", ""fee"": 4296475.35, ""type"": ""In""}, {""year"": 2019, ""player"": ""Player_292"", ""fee"": 4754101.74, ""type"": ""In""}, {""year"": 2019, ""player"": ""Player_69"", ""fee"": 3884289.29, ""type"": ""Out""}], ""total_spend"": 4769334.79, ""total_income"": 2053402.27}",903679.8116975828,4 years,True,Proven professionals,Local academy,8.0,"{""kit_sponsor"": ""Adidas"", ""main_sponsor"": ""Puma"", ""value"": ""642223 TND"", ""duration"": ""2 years""}","{""facebook"": ""facebook.com/club_4913"", ""twitter"": ""twitter.com/club_7470"", ""instagram"": ""instagram.com/club_9521""}"
C-197,1370,Fauve Azur Elite FC,Cameroon,Elite One,Olembe Stadium,'5-3-2',Defensive Solidarity,1909968000.0,763987200.0,"{""last_5_transfers"": [{""year"": 2020, ""player"": ""Player_931"", ""fee"": 2693458.05, ""type"": ""In""}, {""year"": 2020, ""player"": ""Player_557"", ""fee"": 3285689.81, ""type"": ""Out""}, {""year"": 2023, ""player"": ""Player_132"", ""fee"": 626049.17, ""type"": ""In""}, {""year"": 2021, ""player"": ""Player_583"", ""fee"": 1973700.58, ""type"": ""Out""}, {""year"": 2021, ""player"": ""Player_858"", ""fee"": 126158.74, ""type"": ""In""}], ""total_spend"": 4462330.18, ""total_income"": 5595221.58}",380005.2246736812,2 years,True,International players,African talents,9.55,"{""kit_sponsor"": ""Mizuno"", ""main_sponsor"": ""STB Bank"", ""value"": ""699708 TND"", ""duration"": ""3 years""}","{""facebook"": ""facebook.com/club_3711"", ""twitter"": ""twitter.com/club_8111"", ""instagram"": ""instagram.com/club_7139""}"
C-198,1079,FC Bravos DO Maquis,Angola,Girabola,Estadio 11 de Novembro,'5-3-2',East African Speed,1509507000.0,603802800.0,"{""last_5_transfers"": [{""year"": 2021, ""player"": ""Player_700"", ""fee"": 2939690.57, ""type"": ""Out""}, {""year"": 2020, ""player"": ""Player_128"", ""fee"": 558538.82, ""type"": ""In""}, {""year"": 2023, ""player"": ""Player_408"", ""fee"": 2991993.23, ""type"": ""Out""}, {""year"": 2020, ""player"": ""Player_628"", ""fee"": 2071674.84, ""type"": ""Out""}, {""year"": 2023, ""player"": ""Player_791"", ""fee"": 480604.62, ""type"": ""Out""}], ""total_spend"": 2624023.81, ""total_income"": 7652496.83}",524530.1331981607,2 years,False,Proven professionals,European market,0.22,"{""kit_sponsor"": ""Nike"", ""main_sponsor"": ""Huawei"", ""value"": ""984501 TND"", ""duration"": ""5 years""}","{""facebook"": ""facebook.com/club_2637"", ""twitter"": ""twitter.com/club_7157"", ""instagram"": ""instagram.com/club_2917""}"
C-199,2348,FC Masr,Egypt,Egyptian Second Division,Cairo International Stadium,'4-1-4-1',Technical Dribbling,50111000.0,20044400.0,"{""last_5_transfers"": [{""year"": 2023, ""player"": ""Player_966"", ""fee"": 4969628.83, ""type"": ""In""}, {""year"": 2019, ""player"": ""Player_765"", ""fee"": 2652352.92, ""type"": ""In""}, {""year"": 2023, ""player"": ""Player_174"", ""fee"": 304363.31, ""type"": ""In""}, {""year"": 2021, ""player"": ""Player_175"", ""fee"": 2785748.04, ""type"": ""In""}, {""year"": 2023, ""player"": ""Player_505"", ""fee"": 4572955.71, ""type"": ""Out""}], ""total_spend"": 5928747.61, ""total_income"": 5884512.86}",277691.8146125477,4 years,False,Local talent,Local academy,4.15,"{""kit_sponsor"": ""Mizuno"", ""main_sponsor"": ""BIAT Bank"", ""value"": ""356165 TND"", ""duration"": ""2 years""}","{""facebook"": ""facebook.com/club_4501"", ""twitter"": ""twitter.com/club_8155"", ""instagram"": ""instagram.com/club_9339""}"
C-200,695,FC Platinum,Zimbabwe,Zimbabwe Premier Soccer League,National Sports Stadium,'4-2-2-2',Wing Play,10727716000.0,4291086400.0,"{""last_5_transfers"": [{""year"": 2022, ""player"": ""Player_388"", ""fee"": 4930432.0, ""type"": ""Out""}, {""year"": 2022, ""player"": ""Player_974"", ""fee"": 2983557.74, ""type"": ""Out""}, {""year"": 2021, ""player"": ""Player_886"", ""fee"": 3397513.84, ""type"": ""In""}, {""year"": 2019, ""player"": ""Player_202"", ""fee"": 393722.14, ""type"": ""In""}, {""year"": 2023, ""player"": ""Player_6"", ""fee"": 4793511.13, ""type"": ""Out""}], ""total_spend"": 9824000.81, ""total_income"": 3914790.16}",328121.19669291365,2 years,True,Experienced players,Asian market,7.44,"{""kit_sponsor"": ""Under Armour"", ""main_sponsor"": ""Vitalait"", ""value"": ""898308 TND"", ""duration"": ""4 years""}","{""facebook"": ""facebook.com/club_4339"", ""twitter"": ""twitter.com/club_4600"", ""instagram"": ""instagram.com/club_4754""}"
C-201,1362,FC Struga Trim-Lum,Nigeria,Nigeria Professional Football League,Moshood Abiola National Stadium,'4-1-4-1',Wing Play,1564989000.0,625995600.0,"{""last_5_transfers"": [{""year"": 2021, ""player"": ""Player_207"", ""fee"": 3438819.23, ""type"": ""Out""}, {""year"": 2019, ""player"": ""Player_411"", ""fee"": 451734.81, ""type"": ""In""}, {""year"": 2022, ""player"": ""Player_193"", ""fee"": 3907799.53, ""type"": ""Out""}, {""year"": 2021, ""player"": ""Player_541"", ""fee"": 4497764.86, ""type"": ""In""}, {""year"": 2019, ""player"": ""Player_903"", ""fee"": 4660137.06, ""type"": ""In""}], ""total_spend"": 4130527.09, ""total_income"": 2653730.08}",778764.6824925698,2 years,False,Academy graduates,Established professionals,2.31,"{""kit_sponsor"": ""Kappa"", ""main_sponsor"": ""Ooredoo"", ""value"": ""727940 TND"", ""duration"": ""3 years""}","{""facebook"": ""facebook.com/club_9293"", ""twitter"": ""twitter.com/club_1424"", ""instagram"": ""instagram.com/club_3194""}"
C-202,1778,Ferroviario da Beira,Mozambique,Mocambola,Estadio do Zimpeto,'4-5-1',High Press,315597000.0,126238800.0,"{""last_5_transfers"": [{""year"": 2022, ""player"": ""Player_420"", ""fee"": 3735969.38, ""type"": ""Out""}, {""year"": 2022, ""player"": ""Player_216"", ""fee"": 937216.24, ""type"": ""Out""}, {""year"": 2023, ""player"": ""Player_915"", ""fee"": 4746661.89, ""type"": ""In""}, {""year"": 2022, ""player"": ""Player_952"", ""fee"": 3538414.94, ""type"": ""Out""}, {""year"": 2019, ""player"": ""Player_690"", ""fee"": 3028476.14, ""type"": ""In""}], ""total_spend"": 2288035.02, ""total_income"": 4767135.83}",759661.3404007808,3 years,True,Experienced players,Asian market,0.67,"{""kit_sponsor"": ""Local Brand"", ""main_sponsor"": ""Qatar Airways"", ""value"": ""500048 TND"", ""duration"": ""4 years""}","{""facebook"": ""facebook.com/club_3270"", ""twitter"": ""twitter.com/club_5232"", ""instagram"": ""instagram.com/club_7047""}"
C-203,2339,Ferroviario Do Huambo,Angola,Segunda Divisao,Estadio 11 de Novembro,'3-3-3-1',Defensive Structure,3595165000.0,1438066000.0,"{""last_5_transfers"": [{""year"": 2022, ""player"": ""Player_736"", ""fee"": 3155727.92, ""type"": ""Out""}, {""year"": 2024, ""player"": ""Player_617"", ""fee"": 3174378.08, ""type"": ""Out""}, {""year"": 2023, ""player"": ""Player_355"", ""fee"": 274662.59, ""type"": ""Out""}, {""year"": 2021, ""player"": ""Player_842"", ""fee"": 4383107.03, ""type"": ""In""}, {""year"": 2020, ""player"": ""Player_205"", ""fee"": 2414763.6, ""type"": ""Out""}], ""total_spend"": 9356738.85, ""total_income"": 5682541.76}",624339.7051967304,3 years,True,Academy graduates,African talents,1.85,"{""kit_sponsor"": ""Hummel"", ""main_sponsor"": ""Pepsi"", ""value"": ""644839 TND"", ""duration"": ""5 years""}","{""facebook"": ""facebook.com/club_4547"", ""twitter"": ""twitter.com/club_9699"", ""instagram"": ""instagram.com/club_9994""}"
C-204,947,Feutcheu FC,Cameroon,Elite One,Olembe Stadium,'4-1-4-1',Direct Play,2548162000.0,1019264800.0,"{""last_5_transfers"": [{""year"": 2023, ""player"": ""Player_817"", ""fee"": 1766004.32, ""type"": ""Out""}, {""year"": 2020, ""player"": ""Player_253"", ""fee"": 3479249.43, ""type"": ""Out""}, {""year"": 2024, ""player"": ""Player_935"", ""fee"": 2945112.7, ""type"": ""Out""}, {""year"": 2019, ""player"": ""Player_234"", ""fee"": 2225507.49, ""type"": ""In""}, {""year"": 2024, ""player"": ""Player_314"", ""fee"": 1129260.37, ""type"": ""Out""}], ""total_spend"": 2839680.51, ""total_income"": 7028475.18}",895470.3221729563,3 years,True,Local talent,African talents,0.68,"{""kit_sponsor"": ""New Balance"", ""main_sponsor"": ""Samsung"", ""value"": ""789725 TND"", ""duration"": ""4 years""}","{""facebook"": ""facebook.com/club_7466"", ""twitter"": ""twitter.com/club_2643"", ""instagram"": ""instagram.com/club_1910""}"
C-205,2401,FK Borec Veles,Nigeria,Nigeria Professional Football League,Moshood Abiola National Stadium,'4-3-1-2',West African Power,505053000.0,202021200.0,"{""last_5_transfers"": [{""year"": 2020, ""player"": ""Player_900"", ""fee"": 4269383.41, ""type"": ""Out""}, {""year"": 2023, ""player"": ""Player_45"", ""fee"": 3216441.67, ""type"": ""In""}, {""year"": 2019, ""player"": ""Player_316"", ""fee"": 2214798.34, ""type"": ""Out""}, {""year"": 2023, ""player"": ""Player_163"", ""fee"": 3701058.3, ""type"": ""Out""}, {""year"": 2021, ""player"": ""Player_24"", ""fee"": 3141408.22, ""type"": ""Out""}], ""total_spend"": 4003493.09, ""total_income"": 3073534.04}",105383.1300324501,2 years,False,Academy graduates,European market,3.7,"{""kit_sponsor"": ""Joma"", ""main_sponsor"": ""Turkish Airlines"", ""value"": ""879682 TND"", ""duration"": ""1 years""}","{""facebook"": ""facebook.com/club_6388"", ""twitter"": ""twitter.com/club_7591"", ""instagram"": ""instagram.com/club_6363""}"
C-206,2191,Flame Lilly,Zimbabwe,Zimbabwe Premier Soccer League,National Sports Stadium,'3-4-2-1',Total Football,28406804000.0,11362721600.0,"{""last_5_transfers"": [{""year"": 2024, ""player"": ""Player_840"", ""fee"": 4450047.17, ""type"": ""In""}, {""year"": 2021, ""player"": ""Player_341"", ""fee"": 400546.73, ""type"": ""Out""}, {""year"": 2020, ""player"": ""Player_863"", ""fee"": 720214.12, ""type"": ""Out""}, {""year"": 2019, ""player"": ""Player_155"", ""fee"": 3286917.08, ""type"": ""In""}, {""year"": 2021, ""player"": ""Player_49"", ""fee"": 4110290.51, ""type"": ""In""}], ""total_spend"": 1188275.25, ""total_income"": 6402965.25}",176501.22002691196,4 years,False,Young prospects,South American prospects,8.69,"{""kit_sponsor"": ""Local Brand"", ""main_sponsor"": ""Soci\u00e9t\u00e9 G\u00e9n\u00e9rale"", ""value"": ""331082 TND"", ""duration"": ""4 years""}","{""facebook"": ""facebook.com/club_9518"", ""twitter"": ""twitter.com/club_2259"", ""instagram"": ""instagram.com/club_4655""}"
C-207,2302,Forest Rangers,Zambia,Zambian Premier League,National Heroes Stadium,'4-1-4-1',East African Speed,65407000.0,26162800.0,"{""last_5_transfers"": [{""year"": 2019, ""player"": ""Player_226"", ""fee"": 1102916.89, ""type"": ""In""}, {""year"": 2023, ""player"": ""Player_830"", ""fee"": 4395789.98, ""type"": ""In""}, {""year"": 2020, ""player"": ""Player_155"", ""fee"": 4143525.88, ""type"": ""Out""}, {""year"": 2021, ""player"": ""Player_307"", ""fee"": 4023700.5, ""type"": ""Out""}, {""year"": 2022, ""player"": ""Player_883"", ""fee"": 914564.11, ""type"": ""In""}], ""total_spend"": 2670213.19, ""total_income"": 2168813.1}",160573.95064837128,3 years,False,Experienced players,Under-23 talents,7.68,"{""kit_sponsor"": ""Puma"", ""main_sponsor"": ""Pepsi"", ""value"": ""604717 TND"", ""duration"": ""3 years""}","{""facebook"": ""facebook.com/club_6089"", ""twitter"": ""twitter.com/club_7595"", ""instagram"": ""instagram.com/club_8164""}"
C-208,854,Fovu de Baham,Cameroon,Elite Two,Olembe Stadium,'3-5-1-1',Tiki-Taka Adaptation,703126000.0,281250400.0,"{""last_5_transfers"": [{""year"": 2020, ""player"": ""Player_331"", ""fee"": 3859041.09, ""type"": ""Out""}, {""year"": 2024, ""player"": ""Player_807"", ""fee"": 1768222.16, ""type"": ""Out""}, {""year"": 2020, ""player"": ""Player_631"", ""fee"": 115063.2, ""type"": ""Out""}, {""year"": 2024, ""player"": ""Player_6"", ""fee"": 4661418.57, ""type"": ""In""}, {""year"": 2020, ""player"": ""Player_616"", ""fee"": 3792055.46, ""type"": ""In""}], ""total_spend"": 3669192.32, ""total_income"": 7006648.43}",566271.6527228929,3 years,True,Young prospects,Asian market,9.06,"{""kit_sponsor"": ""Umbro"", ""main_sponsor"": ""Huawei"", ""value"": ""923533 TND"", ""duration"": ""4 years""}","{""facebook"": ""facebook.com/club_7097"", ""twitter"": ""twitter.com/club_7397"", ""instagram"": ""instagram.com/club_8992""}"
C-209,1571,Free State Stars,South Africa,Premier Soccer League,FNB Stadium,'3-4-2-1',West African Power,23306000.0,9322400.0,"{""last_5_transfers"": [{""year"": 2019, ""player"": ""Player_299"", ""fee"": 4275043.72, ""type"": ""Out""}, {""year"": 2022, ""player"": ""Player_116"", ""fee"": 4069993.46, ""type"": ""In""}, {""year"": 2020, ""player"": ""Player_37"", ""fee"": 4548275.24, ""type"": ""Out""}, {""year"": 2024, ""player"": ""Player_989"", ""fee"": 3865015.31, ""type"": ""Out""}, {""year"": 2024, ""player"": ""Player_847"", ""fee"": 992340.06, ""type"": ""In""}], ""total_spend"": 9372926.73, ""total_income"": 6472912.77}",243852.61118359008,2 years,True,International players,Asian market,2.8,"{""kit_sponsor"": ""Umbro"", ""main_sponsor"": ""LG Electronics"", ""value"": ""331899 TND"", ""duration"": ""2 years""}","{""facebook"": ""facebook.com/club_3735"", ""twitter"": ""twitter.com/club_5914"", ""instagram"": ""instagram.com/club_2973""}"
C-210,692,FUS Rabat,Morocco,Botola Pro,Stade Mohammed V,'3-5-1-1',Southern African Mix,11685000.0,4674000.0,"{""last_5_transfers"": [{""year"": 2021, ""player"": ""Player_125"", ""fee"": 238445.13, ""type"": ""In""}, {""year"": 2023, ""player"": ""Player_689"", ""fee"": 1464256.89, ""type"": ""Out""}, {""year"": 2019, ""player"": ""Player_208"", ""fee"": 4782327.98, ""type"": ""In""}, {""year"": 2021, ""player"": ""Player_439"", ""fee"": 4205586.61, ""type"": ""In""}, {""year"": 2022, ""player"": ""Player_610"", ""fee"": 288260.05, ""type"": ""Out""}], ""total_spend"": 8927283.41, ""total_income"": 1102114.55}",689815.2063014685,4 years,True,Young prospects,African talents,9.66,"{""kit_sponsor"": ""Mizuno"", ""main_sponsor"": ""Audi"", ""value"": ""575590 TND"", ""duration"": ""5 years""}","{""facebook"": ""facebook.com/club_4133"", ""twitter"": ""twitter.com/club_3164"", ""instagram"": ""instagram.com/club_4474""}"
C-211,896,Future FC,Egypt,Egyptian Premier League,Cairo International Stadium,'4-4-2',Attacking Overload,139930000.0,55972000.0,"{""last_5_transfers"": [{""year"": 2020, ""player"": ""Player_852"", ""fee"": 3911709.57, ""type"": ""In""}, {""year"": 2022, ""player"": ""Player_430"", ""fee"": 3436460.4, ""type"": ""In""}, {""year"": 2022, ""player"": ""Player_177"", ""fee"": 2823641.34, ""type"": ""Out""}, {""year"": 2021, ""player"": ""Player_121"", ""fee"": 2372519.28, ""type"": ""In""}, {""year"": 2020, ""player"": ""Player_741"", ""fee"": 3958521.98, ""type"": ""Out""}], ""total_spend"": 6085965.45, ""total_income"": 7305149.41}",499828.2601363023,4 years,True,Proven professionals,Young talents,5.15,"{""kit_sponsor"": ""Puma"", ""main_sponsor"": ""Huawei"", ""value"": ""464187 TND"", ""duration"": ""3 years""}","{""facebook"": ""facebook.com/club_5959"", ""twitter"": ""twitter.com/club_1293"", ""instagram"": ""instagram.com/club_8689""}"
C-212,1987,Gabes,Tunisia,Tunisian Ligue 2,Stade Olympique de Rades,'4-1-3-2',Southern African Mix,15081000.0,6032400.0,"{""last_5_transfers"": [{""year"": 2023, ""player"": ""Player_397"", ""fee"": 3708145.96, ""type"": ""In""}, {""year"": 2022, ""player"": ""Player_15"", ""fee"": 3095714.72, ""type"": ""In""}, {""year"": 2021, ""player"": ""Player_602"", ""fee"": 2076210.85, ""type"": ""Out""}, {""year"": 2024, ""player"": ""Player_824"", ""fee"": 3722917.4, ""type"": ""In""}, {""year"": 2024, ""player"": ""Player_398"", ""fee"": 4307521.23, ""type"": ""In""}], ""total_spend"": 1536306.25, ""total_income"": 1082488.96}",249804.18430947303,2 years,False,Proven professionals,South American prospects,0.24,"{""kit_sponsor"": ""Macron"", ""main_sponsor"": ""Coca-Cola"", ""value"": ""325994 TND"", ""duration"": ""2 years""}","{""facebook"": ""facebook.com/club_5945"", ""twitter"": ""twitter.com/club_5205"", ""instagram"": ""instagram.com/club_5305""}"
C-213,2019,Gaborone United,Botswana,First Division North,Botswana National Stadium,'4-1-4-1',Direct Play,36627000.0,14650800.0,"{""last_5_transfers"": [{""year"": 2024, ""player"": ""Player_483"", ""fee"": 4194831.31, ""type"": ""In""}, {""year"": 2023, ""player"": ""Player_381"", ""fee"": 2666577.56, ""type"": ""In""}, {""year"": 2023, ""player"": ""Player_22"", ""fee"": 4911046.52, ""type"": ""In""}, {""year"": 2022, ""player"": ""Player_821"", ""fee"": 2150748.67, ""type"": ""Out""}, {""year"": 2019, ""player"": ""Player_361"", ""fee"": 1440454.3, ""type"": ""In""}], ""total_spend"": 2162454.91, ""total_income"": 3114724.51}",605545.0584248272,4 years,False,Local talent,Established professionals,7.2,"{""kit_sponsor"": ""Local Brand"", ""main_sponsor"": ""Soci\u00e9t\u00e9 G\u00e9n\u00e9rale"", ""value"": ""387958 TND"", ""duration"": ""5 years""}","{""facebook"": ""facebook.com/club_1047"", ""twitter"": ""twitter.com/club_4588"", ""instagram"": ""instagram.com/club_5229""}"
C-214,1675,Gateway FC,Nigeria,Nigeria Professional Football League,Moshood Abiola National Stadium,'5-2-3',Wing Play,2225567000.0,890226800.0,"{""last_5_transfers"": [{""year"": 2021, ""player"": ""Player_158"", ""fee"": 4075969.0, ""type"": ""In""}, {""year"": 2023, ""player"": ""Player_870"", ""fee"": 2041376.18, ""type"": ""Out""}, {""year"": 2019, ""player"": ""Player_730"", ""fee"": 3363294.65, ""type"": ""Out""}, {""year"": 2022, ""player"": ""Player_976"", ""fee"": 2539046.8, ""type"": ""Out""}, {""year"": 2024, ""player"": ""Player_754"", ""fee"": 3376405.15, ""type"": ""Out""}], ""total_spend"": 9153258.13, ""total_income"": 4355703.88}",697953.7987160973,2 years,True,Local talent,Under-23 talents,8.87,"{""kit_sponsor"": ""Adidas"", ""main_sponsor"": ""Pepsi"", ""value"": ""111317 TND"", ""duration"": ""4 years""}","{""facebook"": ""facebook.com/club_8184"", ""twitter"": ""twitter.com/club_4899"", ""instagram"": ""instagram.com/club_3353""}"
C-215,2250,GD Baixa de Kassanje,Angola,Segunda Divisao,Estadio 11 de Novembro,'4-3-1-2',Southern African Mix,493256000.0,197302400.0,"{""last_5_transfers"": [{""year"": 2024, ""player"": ""Player_779"", ""fee"": 3661864.59, ""type"": ""In""}, {""year"": 2020, ""player"": ""Player_29"", ""fee"": 2811346.32, ""type"": ""Out""}, {""year"": 2023, ""player"": ""Player_806"", ""fee"": 2575861.65, ""type"": ""In""}, {""year"": 2023, ""player"": ""Player_125"", ""fee"": 2393501.5, ""type"": ""Out""}, {""year"": 2020, ""player"": ""Player_87"", ""fee"": 4860785.34, ""type"": ""In""}], ""total_spend"": 8441464.36, ""total_income"": 2034214.59}",995132.6324280316,2 years,False,Proven professionals,European market,9.89,"{""kit_sponsor"": ""Macron"", ""main_sponsor"": ""Audi"", ""value"": ""313589 TND"", ""duration"": ""5 years""}","{""facebook"": ""facebook.com/club_5805"", ""twitter"": ""twitter.com/club_5544"", ""instagram"": ""instagram.com/club_8078""}"
C-216,2258,GFK Tikvesh,Nigeria,Nigeria Professional Football League,Moshood Abiola National Stadium,'4-2-4',Possession Control,1079658000.0,431863200.0,"{""last_5_transfers"": [{""year"": 2024, ""player"": ""Player_218"", ""fee"": 3962630.17, ""type"": ""In""}, {""year"": 2019, ""player"": ""Player_813"", ""fee"": 1498373.0, ""type"": ""In""}, {""year"": 2020, ""player"": ""Player_392"", ""fee"": 3291040.24, ""type"": ""In""}, {""year"": 2024, ""player"": ""Player_383"", ""fee"": 1043781.25, ""type"": ""Out""}, {""year"": 2020, ""player"": ""Player_888"", ""fee"": 4242347.25, ""type"": ""In""}], ""total_spend"": 4733841.08, ""total_income"": 4153928.72}",599107.437523878,3 years,True,Proven professionals,Local academy,7.06,"{""kit_sponsor"": ""New Balance"", ""main_sponsor"": ""Danone"", ""value"": ""508274 TND"", ""duration"": ""3 years""}","{""facebook"": ""facebook.com/club_3631"", ""twitter"": ""twitter.com/club_6476"", ""instagram"": ""instagram.com/club_7019""}"
C-217,2008,Ghazl El Mehalla,Egypt,Egyptian Premier League,Cairo International Stadium,'4-4-1-1',Defensive Structure,43191000.0,17276400.0,"{""last_5_transfers"": [{""year"": 2021, ""player"": ""Player_230"", ""fee"": 867212.53, ""type"": ""Out""}, {""year"": 2022, ""player"": ""Player_500"", ""fee"": 628632.1, ""type"": ""In""}, {""year"": 2023, ""player"": ""Player_44"", ""fee"": 2506918.86, ""type"": ""Out""}, {""year"": 2024, ""player"": ""Player_724"", ""fee"": 2537719.04, ""type"": ""In""}, {""year"": 2022, ""player"": ""Player_488"", ""fee"": 3501214.77, ""type"": ""In""}], ""total_spend"": 9305910.8, ""total_income"": 6794117.41}",849590.4606281299,4 years,True,Proven professionals,Local academy,4.6,"{""kit_sponsor"": ""Puma"", ""main_sponsor"": ""Soci\u00e9t\u00e9 G\u00e9n\u00e9rale"", ""value"": ""827104 TND"", ""duration"": ""1 years""}","{""facebook"": ""facebook.com/club_2897"", ""twitter"": ""twitter.com/club_5426"", ""instagram"": ""instagram.com/club_7984""}"
C-218,1000,Giwa FC,Nigeria,Nigeria National League,Moshood Abiola National Stadium,'4-1-4-1',East African Speed,848839000.0,339535600.0,"{""last_5_transfers"": [{""year"": 2019, ""player"": ""Player_158"", ""fee"": 1273750.71, ""type"": ""Out""}, {""year"": 2022, ""player"": ""Player_908"", ""fee"": 1693721.37, ""type"": ""Out""}, {""year"": 2023, ""player"": ""Player_613"", ""fee"": 1022175.86, ""type"": ""In""}, {""year"": 2022, ""player"": ""Player_533"", ""fee"": 3226765.49, ""type"": ""In""}, {""year"": 2023, ""player"": ""Player_123"", ""fee"": 4870691.13, ""type"": ""In""}], ""total_spend"": 4232035.32, ""total_income"": 6403989.94}",795629.589205213,2 years,False,Local talent,Asian market,1.53,"{""kit_sponsor"": ""Nike"", ""main_sponsor"": ""Pepsi"", ""value"": ""429614 TND"", ""duration"": ""4 years""}","{""facebook"": ""facebook.com/club_6133"", ""twitter"": ""twitter.com/club_2247"", ""instagram"": ""instagram.com/club_6019""}"
C-219,1496,Go Round,Nigeria,Nigeria National League,Moshood Abiola National Stadium,'5-2-3',West African Power,430530000.0,172212000.0,"{""last_5_transfers"": [{""year"": 2019, ""player"": ""Player_780"", ""fee"": 2245408.28, ""type"": ""Out""}, {""year"": 2020, ""player"": ""Player_939"", ""fee"": 2162644.68, ""type"": ""In""}, {""year"": 2020, ""player"": ""Player_716"", ""fee"": 3481690.22, ""type"": ""Out""}, {""year"": 2024, ""player"": ""Player_55"", ""fee"": 1911253.66, ""type"": ""In""}, {""year"": 2020, ""player"": ""Player_577"", ""fee"": 2163591.55, ""type"": ""Out""}], ""total_spend"": 1408916.72, ""total_income"": 2736412.71}",869212.1468329767,4 years,True,Experienced players,Asian market,8.49,"{""kit_sponsor"": ""Umbro"", ""main_sponsor"": ""Magasin G\u00e9n\u00e9ral"", ""value"": ""692473 TND"", ""duration"": ""5 years""}","{""facebook"": ""facebook.com/club_9994"", ""twitter"": ""twitter.com/club_2556"", ""instagram"": ""instagram.com/club_7926""}"
C-220,1131,Gombe United,Nigeria,Nigeria Professional Football League,Moshood Abiola National Stadium,'3-6-1',West African Power,512303000.0,204921200.0,"{""last_5_transfers"": [{""year"": 2020, ""player"": ""Player_598"", ""fee"": 2029024.04, ""type"": ""Out""}, {""year"": 2021, ""player"": ""Player_68"", ""fee"": 2132304.21, ""type"": ""Out""}, {""year"": 2021, ""player"": ""Player_807"", ""fee"": 255987.92, ""type"": ""Out""}, {""year"": 2020, ""player"": ""Player_126"", ""fee"": 2840179.82, ""type"": ""Out""}, {""year"": 2022, ""player"": ""Player_792"", ""fee"": 2637244.95, ""type"": ""In""}], ""total_spend"": 4475709.61, ""total_income"": 2049808.19}",552218.432851353,3 years,True,Proven professionals,Established professionals,1.5,"{""kit_sponsor"": ""Mizuno"", ""main_sponsor"": ""Magasin G\u00e9n\u00e9ral"", ""value"": ""798237 TND"", ""duration"": ""4 years""}","{""facebook"": ""facebook.com/club_1056"", ""twitter"": ""twitter.com/club_5021"", ""instagram"": ""instagram.com/club_1801""}"
C-221,1635,Green Buffaloes,Zambia,Zambian Premier League,National Heroes Stadium,'3-4-3',Technical Dribbling,31220000.0,12488000.0,"{""last_5_transfers"": [{""year"": 2022, ""player"": ""Player_316"", ""fee"": 2208660.87, ""type"": ""Out""}, {""year"": 2019, ""player"": ""Player_816"", ""fee"": 2806479.86, ""type"": ""Out""}, {""year"": 2023, ""player"": ""Player_942"", ""fee"": 3096676.61, ""type"": ""Out""}, {""year"": 2020, ""player"": ""Player_895"", ""fee"": 4704017.96, ""type"": ""Out""}, {""year"": 2019, ""player"": ""Player_148"", ""fee"": 3129282.77, ""type"": ""Out""}], ""total_spend"": 2155836.66, ""total_income"": 7208753.45}",538867.135255097,3 years,True,Experienced players,African talents,9.69,"{""kit_sponsor"": ""Kappa"", ""main_sponsor"": ""Ooredoo"", ""value"": ""311675 TND"", ""duration"": ""1 years""}","{""facebook"": ""facebook.com/club_2916"", ""twitter"": ""twitter.com/club_3394"", ""instagram"": ""instagram.com/club_5074""}"
C-222,1677,Green Eagles,Zambia,Zambian Premier League,National Heroes Stadium,'4-3-3',High Press,82176000.0,32870400.0,"{""last_5_transfers"": [{""year"": 2024, ""player"": ""Player_709"", ""fee"": 4811233.27, ""type"": ""Out""}, {""year"": 2023, ""player"": ""Player_405"", ""fee"": 2545802.29, ""type"": ""In""}, {""year"": 2019, ""player"": ""Player_192"", ""fee"": 4018892.99, ""type"": ""Out""}, {""year"": 2022, ""player"": ""Player_569"", ""fee"": 530909.67, ""type"": ""In""}, {""year"": 2020, ""player"": ""Player_384"", ""fee"": 4399903.63, ""type"": ""In""}], ""total_spend"": 5325968.06, ""total_income"": 2457849.1}",623551.305641223,2 years,True,International players,Under-23 talents,4.77,"{""kit_sponsor"": ""Nike"", ""main_sponsor"": ""Magasin G\u00e9n\u00e9ral"", ""value"": ""308079 TND"", ""duration"": ""3 years""}","{""facebook"": ""facebook.com/club_3833"", ""twitter"": ""twitter.com/club_5728"", ""instagram"": ""instagram.com/club_8591""}"
C-223,1893,Grombalia Sports,Tunisia,Tunisian Ligue Professionnelle 1,Stade Olympique de Rades,'3-4-2-1',Physical Power Play,5275000.0,2110000.0,"{""last_5_transfers"": [{""year"": 2021, ""player"": ""Player_180"", ""fee"": 988756.01, ""type"": ""In""}, {""year"": 2019, ""player"": ""Player_135"", ""fee"": 4943092.43, ""type"": ""Out""}, {""year"": 2022, ""player"": ""Player_496"", ""fee"": 2725786.87, ""type"": ""In""}, {""year"": 2022, ""player"": ""Player_332"", ""fee"": 3383688.31, ""type"": ""In""}, {""year"": 2024, ""player"": ""Player_418"", ""fee"": 4006211.84, ""type"": ""In""}], ""total_spend"": 2869986.23, ""total_income"": 3759274.59}",150404.13426262897,2 years,True,Local talent,Under-23 talents,6.45,"{""kit_sponsor"": ""New Balance"", ""main_sponsor"": ""Audi"", ""value"": ""389198 TND"", ""duration"": ""4 years""}","{""facebook"": ""facebook.com/club_7973"", ""twitter"": ""twitter.com/club_8686"", ""instagram"": ""instagram.com/club_4249""}"
C-224,598,Gunners,Zimbabwe,Zimbabwe Premier Soccer League,National Sports Stadium,'4-3-1-2',Southern African Mix,3005099000.0,1202039600.0,"{""last_5_transfers"": [{""year"": 2022, ""player"": ""Player_287"", ""fee"": 3711829.15, ""type"": ""In""}, {""year"": 2020, ""player"": ""Player_296"", ""fee"": 3264810.6, ""type"": ""Out""}, {""year"": 2019, ""player"": ""Player_166"", ""fee"": 2735978.34, ""type"": ""Out""}, {""year"": 2019, ""player"": ""Player_397"", ""fee"": 4351034.6, ""type"": ""In""}, {""year"": 2019, ""player"": ""Player_683"", ""fee"": 3809238.68, ""type"": ""In""}], ""total_spend"": 5993405.8, ""total_income"": 1692002.79}",675374.6294191239,4 years,False,Proven professionals,Young talents,1.3,"{""kit_sponsor"": ""Joma"", ""main_sponsor"": ""Puma"", ""value"": ""639784 TND"", ""duration"": ""1 years""}","{""facebook"": ""facebook.com/club_7371"", ""twitter"": ""twitter.com/club_7984"", ""instagram"": ""instagram.com/club_6967""}"
C-225,1648,Hamam Sousse,Tunisia,Tunisian Ligue Professionnelle 1,Stade Olympique de Rades,'4-1-4-1',Wing Play,9150000.0,3660000.0,"{""last_5_transfers"": [{""year"": 2021, ""player"": ""Player_424"", ""fee"": 2335821.15, ""type"": ""In""}, {""year"": 2023, ""player"": ""Player_149"", ""fee"": 3970392.21, ""type"": ""Out""}, {""year"": 2020, ""player"": ""Player_780"", ""fee"": 2691016.52, ""type"": ""In""}, {""year"": 2023, ""player"": ""Player_762"", ""fee"": 3551639.04, ""type"": ""Out""}, {""year"": 2021, ""player"": ""Player_561"", ""fee"": 2609228.39, ""type"": ""Out""}], ""total_spend"": 7075670.74, ""total_income"": 3848595.15}",970864.009938076,4 years,True,International players,South American prospects,3.63,"{""kit_sponsor"": ""New Balance"", ""main_sponsor"": ""LG Electronics"", ""value"": ""531654 TND"", ""duration"": ""2 years""}","{""facebook"": ""facebook.com/club_5676"", ""twitter"": ""twitter.com/club_6608"", ""instagram"": ""instagram.com/club_6904""}"
C-226,1397,Harare City,Zimbabwe,Zimbabwe Premier Soccer League,National Sports Stadium,'4-2-4',High-Energy Pressing,26775083000.0,10710033200.0,"{""last_5_transfers"": [{""year"": 2020, ""player"": ""Player_344"", ""fee"": 4410507.41, ""type"": ""Out""}, {""year"": 2022, ""player"": ""Player_833"", ""fee"": 1442053.87, ""type"": ""In""}, {""year"": 2019, ""player"": ""Player_162"", ""fee"": 1274875.65, ""type"": ""In""}, {""year"": 2023, ""player"": ""Player_360"", ""fee"": 3640953.84, ""type"": ""Out""}, {""year"": 2023, ""player"": ""Player_455"", ""fee"": 2331735.46, ""type"": ""Out""}], ""total_spend"": 9424731.79, ""total_income"": 5894970.93}",208601.7027531826,4 years,False,Young prospects,African talents,8.67,"{""kit_sponsor"": ""Macron"", ""main_sponsor"": ""Audi"", ""value"": ""388604 TND"", ""duration"": ""3 years""}","{""facebook"": ""facebook.com/club_7497"", ""twitter"": ""twitter.com/club_8659"", ""instagram"": ""instagram.com/club_9653""}"
C-227,1576,Haras El-Hodood SC,Egypt,Egyptian Second Division,Cairo International Stadium,'3-5-2',High Press,70255000.0,28102000.0,"{""last_5_transfers"": [{""year"": 2019, ""player"": ""Player_873"", ""fee"": 2785021.78, ""type"": ""Out""}, {""year"": 2019, ""player"": ""Player_281"", ""fee"": 3741338.83, ""type"": ""Out""}, {""year"": 2024, ""player"": ""Player_676"", ""fee"": 3479413.52, ""type"": ""In""}, {""year"": 2019, ""player"": ""Player_506"", ""fee"": 1514703.49, ""type"": ""In""}, {""year"": 2019, ""player"": ""Player_545"", ""fee"": 4985024.78, ""type"": ""In""}], ""total_spend"": 6081879.77, ""total_income"": 5156081.39}",672407.105058482,2 years,True,Local talent,African talents,3.19,"{""kit_sponsor"": ""Puma"", ""main_sponsor"": ""Puma"", ""value"": ""839404 TND"", ""duration"": ""1 years""}","{""facebook"": ""facebook.com/club_7052"", ""twitter"": ""twitter.com/club_5866"", ""instagram"": ""instagram.com/club_3824""}"
C-228,2305,Hardbody,Zimbabwe,Zimbabwe Premier Soccer League,National Sports Stadium,'3-5-2',East African Speed,10384380000.0,4153752000.0,"{""last_5_transfers"": [{""year"": 2020, ""player"": ""Player_748"", ""fee"": 3205858.65, ""type"": ""In""}, {""year"": 2023, ""player"": ""Player_32"", ""fee"": 3569235.81, ""type"": ""In""}, {""year"": 2022, ""player"": ""Player_744"", ""fee"": 4803838.15, ""type"": ""In""}, {""year"": 2019, ""player"": ""Player_931"", ""fee"": 2799446.18, ""type"": ""Out""}, {""year"": 2022, ""player"": ""Player_880"", ""fee"": 1628670.93, ""type"": ""In""}], ""total_spend"": 2345654.67, ""total_income"": 1785433.95}",282320.8118645422,4 years,True,Young prospects,European market,6.14,"{""kit_sponsor"": ""Adidas"", ""main_sponsor"": ""Huawei"", ""value"": ""379984 TND"", ""duration"": ""1 years""}","{""facebook"": ""facebook.com/club_6350"", ""twitter"": ""twitter.com/club_3578"", ""instagram"": ""instagram.com/club_6846""}"
C-229,1981,Hasaacas,Ghana,Division One League,Baba Yara Stadium,'5-4-1',North African Technical,32744000.0,13097600.0,"{""last_5_transfers"": [{""year"": 2023, ""player"": ""Player_284"", ""fee"": 1914358.19, ""type"": ""In""}, {""year"": 2024, ""player"": ""Player_559"", ""fee"": 2485239.15, ""type"": ""In""}, {""year"": 2019, ""player"": ""Player_973"", ""fee"": 1849165.09, ""type"": ""Out""}, {""year"": 2020, ""player"": ""Player_353"", ""fee"": 1348705.36, ""type"": ""Out""}, {""year"": 2021, ""player"": ""Player_994"", ""fee"": 304573.07, ""type"": ""Out""}], ""total_spend"": 1428371.05, ""total_income"": 1365534.33}",434287.3046218647,2 years,False,Experienced players,Established professionals,3.58,"{""kit_sponsor"": ""Kappa"", ""main_sponsor"": ""Qatar Airways"", ""value"": ""930719 TND"", ""duration"": ""3 years""}","{""facebook"": ""facebook.com/club_9102"", ""twitter"": ""twitter.com/club_7645"", ""instagram"": ""instagram.com/club_3274""}"
C-230,831,Hassania Agadir,Morocco,Botola Pro,Stade Mohammed V,'4-1-3-2',Direct Play,16288000.0,6515200.0,"{""last_5_transfers"": [{""year"": 2019, ""player"": ""Player_894"", ""fee"": 4451536.98, ""type"": ""In""}, {""year"": 2023, ""player"": ""Player_784"", ""fee"": 273218.99, ""type"": ""Out""}, {""year"": 2023, ""player"": ""Player_481"", ""fee"": 3449186.56, ""type"": ""In""}, {""year"": 2021, ""player"": ""Player_38"", ""fee"": 3716325.98, ""type"": ""Out""}, {""year"": 2024, ""player"": ""Player_484"", ""fee"": 4934941.75, ""type"": ""In""}], ""total_spend"": 2498810.91, ""total_income"": 3776938.94}",693525.9998873612,3 years,False,Academy graduates,Asian market,3.26,"{""kit_sponsor"": ""Hummel"", ""main_sponsor"": ""Tunisie Telecom"", ""value"": ""271608 TND"", ""duration"": ""1 years""}","{""facebook"": ""facebook.com/club_4129"", ""twitter"": ""twitter.com/club_3399"", ""instagram"": ""instagram.com/club_4930""}"
C-231,2156,Hay Al Arab,Sudan,Sudan Premier League,Al Merreikh Stadium,'4-3-1-2',Southern African Mix,696110000.0,278444000.0,"{""last_5_transfers"": [{""year"": 2021, ""player"": ""Player_874"", ""fee"": 1527774.98, ""type"": ""In""}, {""year"": 2020, ""player"": ""Player_423"", ""fee"": 462004.24, ""type"": ""Out""}, {""year"": 2019, ""player"": ""Player_744"", ""fee"": 1833881.25, ""type"": ""Out""}, {""year"": 2019, ""player"": ""Player_710"", ""fee"": 3169627.25, ""type"": ""Out""}, {""year"": 2019, ""player"": ""Player_733"", ""fee"": 4867452.82, ""type"": ""In""}], ""total_spend"": 7543679.7, ""total_income"": 3042470.13}",731893.8130432729,3 years,False,Local talent,South American prospects,2.79,"{""kit_sponsor"": ""Joma"", ""main_sponsor"": ""Audi"", ""value"": ""224305 TND"", ""duration"": ""4 years""}","{""facebook"": ""facebook.com/club_7274"", ""twitter"": ""twitter.com/club_9957"", ""instagram"": ""instagram.com/club_7896""}"
C-232,1837,Hay Al Wadi SC,Sudan,Sudan Premier League,Al Merreikh Stadium,'4-2-3-1',High Press,2318690000.0,927476000.0,"{""last_5_transfers"": [{""year"": 2019, ""player"": ""Player_749"", ""fee"": 2600607.26, ""type"": ""Out""}, {""year"": 2020, ""player"": ""Player_735"", ""fee"": 4114900.67, ""type"": ""In""}, {""year"": 2022, ""player"": ""Player_23"", ""fee"": 2974796.07, ""type"": ""In""}, {""year"": 2024, ""player"": ""Player_757"", ""fee"": 4256125.6, ""type"": ""Out""}, {""year"": 2020, ""player"": ""Player_664"", ""fee"": 3829184.7, ""type"": ""Out""}], ""total_spend"": 6578744.78, ""total_income"": 1299090.05}",829186.5409546513,3 years,True,Experienced players,Established professionals,4.06,"{""kit_sponsor"": ""Le Coq Sportif"", ""main_sponsor"": ""Orange"", ""value"": ""785609 TND"", ""duration"": ""3 years""}","{""facebook"": ""facebook.com/club_7608"", ""twitter"": ""twitter.com/club_1453"", ""instagram"": ""instagram.com/club_1554""}"
C-233,1083,HB Chelghoum Laid,Algeria,Ligue Professionnelle 1,Stade 5 Juillet 1962,'3-3-3-1',East African Speed,581890000.0,232756000.0,"{""last_5_transfers"": [{""year"": 2023, ""player"": ""Player_302"", ""fee"": 2661236.05, ""type"": ""Out""}, {""year"": 2020, ""player"": ""Player_332"", ""fee"": 2244943.93, ""type"": ""In""}, {""year"": 2024, ""player"": ""Player_983"", ""fee"": 1584047.3, ""type"": ""Out""}, {""year"": 2019, ""player"": ""Player_784"", ""fee"": 3120802.43, ""type"": ""Out""}, {""year"": 2019, ""player"": ""Player_240"", ""fee"": 1680502.9, ""type"": ""In""}], ""total_spend"": 4583032.71, ""total_income"": 3295209.83}",881855.4600538542,2 years,False,Local talent,Under-23 talents,7.61,"{""kit_sponsor"": ""Under Armour"", ""main_sponsor"": ""Carrefour"", ""value"": ""111550 TND"", ""duration"": ""4 years""}","{""facebook"": ""facebook.com/club_1633"", ""twitter"": ""twitter.com/club_6518"", ""instagram"": ""instagram.com/club_5778""}"
C-234,1192,Heart of Lions,Ghana,Ghana Premier League,Baba Yara Stadium,'4-4-1-1',Technical Dribbling,44405000.0,17762000.0,"{""last_5_transfers"": [{""year"": 2019, ""player"": ""Player_129"", ""fee"": 718941.84, ""type"": ""In""}, {""year"": 2019, ""player"": ""Player_200"", ""fee"": 648338.11, ""type"": ""Out""}, {""year"": 2020, ""player"": ""Player_129"", ""fee"": 2121507.65, ""type"": ""In""}, {""year"": 2019, ""player"": ""Player_818"", ""fee"": 1696046.58, ""type"": ""Out""}, {""year"": 2023, ""player"": ""Player_885"", ""fee"": 4532694.21, ""type"": ""Out""}], ""total_spend"": 6801683.56, ""total_income"": 6909926.82}",163947.5433281932,3 years,False,Young prospects,Local academy,2.4,"{""kit_sponsor"": ""Joma"", ""main_sponsor"": ""STB Bank"", ""value"": ""947185 TND"", ""duration"": ""1 years""}","{""facebook"": ""facebook.com/club_6058"", ""twitter"": ""twitter.com/club_2678"", ""instagram"": ""instagram.com/club_3142""}"
C-235,1273,Heartland FC,Nigeria,Nigeria Professional Football League,Moshood Abiola National Stadium,'4-2-3-1',Defensive Structure,1684890000.0,673956000.0,"{""last_5_transfers"": [{""year"": 2023, ""player"": ""Player_695"", ""fee"": 3189692.42, ""type"": ""Out""}, {""year"": 2022, ""player"": ""Player_390"", ""fee"": 1458243.82, ""type"": ""Out""}, {""year"": 2023, ""player"": ""Player_921"", ""fee"": 4236004.44, ""type"": ""Out""}, {""year"": 2023, ""player"": ""Player_320"", ""fee"": 3419187.78, ""type"": ""Out""}, {""year"": 2024, ""player"": ""Player_106"", ""fee"": 946442.69, ""type"": ""Out""}], ""total_spend"": 3479081.24, ""total_income"": 1753468.04}",287817.0216007476,2 years,False,Academy graduates,Under-23 talents,8.38,"{""kit_sponsor"": ""Kappa"", ""main_sponsor"": ""Magasin G\u00e9n\u00e9ral"", ""value"": ""325952 TND"", ""duration"": ""2 years""}","{""facebook"": ""facebook.com/club_6104"", ""twitter"": ""twitter.com/club_4874"", ""instagram"": ""instagram.com/club_5851""}"
C-236,843,Hearts of Oak,Ghana,Ghana Premier League,Baba Yara Stadium,'4-2-2-2',Quick Counter-attacks,25834000.0,10333600.0,"{""last_5_transfers"": [{""year"": 2022, ""player"": ""Player_677"", ""fee"": 3080621.59, ""type"": ""In""}, {""year"": 2020, ""player"": ""Player_770"", ""fee"": 4359490.93, ""type"": ""In""}, {""year"": 2019, ""player"": ""Player_712"", ""fee"": 2114012.59, ""type"": ""Out""}, {""year"": 2022, ""player"": ""Player_216"", ""fee"": 848965.29, ""type"": ""In""}, {""year"": 2020, ""player"": ""Player_841"", ""fee"": 4751486.1, ""type"": ""Out""}], ""total_spend"": 1856689.29, ""total_income"": 7094363.84}",894666.5352465811,3 years,False,Proven professionals,South American prospects,1.05,"{""kit_sponsor"": ""Kappa"", ""main_sponsor"": ""Pepsi"", ""value"": ""853388 TND"", ""duration"": ""5 years""}","{""facebook"": ""facebook.com/club_3970"", ""twitter"": ""twitter.com/club_8395"", ""instagram"": ""instagram.com/club_9282""}"
C-237,1950,Herentals FC,Zimbabwe,Zimbabwe Premier Soccer League,National Sports Stadium,'4-5-1',High-Energy Pressing,10809046000.0,4323618400.0,"{""last_5_transfers"": [{""year"": 2020, ""player"": ""Player_470"", ""fee"": 3677967.75, ""type"": ""Out""}, {""year"": 2020, ""player"": ""Player_202"", ""fee"": 2131362.86, ""type"": ""In""}, {""year"": 2024, ""player"": ""Player_589"", ""fee"": 2632391.88, ""type"": ""Out""}, {""year"": 2024, ""player"": ""Player_820"", ""fee"": 2001511.91, ""type"": ""Out""}, {""year"": 2019, ""player"": ""Player_203"", ""fee"": 755439.37, ""type"": ""Out""}], ""total_spend"": 3065847.45, ""total_income"": 5933041.28}",705330.3137865061,4 years,False,Experienced players,Under-23 talents,5.28,"{""kit_sponsor"": ""Puma"", ""main_sponsor"": ""Audi"", ""value"": ""738440 TND"", ""duration"": ""5 years""}","{""facebook"": ""facebook.com/club_1814"", ""twitter"": ""twitter.com/club_3925"", ""instagram"": ""instagram.com/club_1694""}"
C-238,564,Highlanders,Zimbabwe,Zimbabwe Premier Soccer League,National Sports Stadium,'4-4-1-1',Quick Counter-attacks,21199805000.0,8479922000.0,"{""last_5_transfers"": [{""year"": 2020, ""player"": ""Player_357"", ""fee"": 1293813.63, ""type"": ""In""}, {""year"": 2019, ""player"": ""Player_144"", ""fee"": 1102215.55, ""type"": ""In""}, {""year"": 2020, ""player"": ""Player_450"", ""fee"": 4518848.95, ""type"": ""Out""}, {""year"": 2022, ""player"": ""Player_138"", ""fee"": 4279406.62, ""type"": ""Out""}, {""year"": 2020, ""player"": ""Player_986"", ""fee"": 4283942.22, ""type"": ""In""}], ""total_spend"": 3461602.53, ""total_income"": 4440890.7}",296451.3061701856,2 years,False,Young prospects,Local academy,0.49,"{""kit_sponsor"": ""Macron"", ""main_sponsor"": ""Audi"", ""value"": ""572104 TND"", ""duration"": ""4 years""}","{""facebook"": ""facebook.com/club_3864"", ""twitter"": ""twitter.com/club_3878"", ""instagram"": ""instagram.com/club_8304""}"
C-239,1174,Highlands Park,South Africa,Premier Soccer League,FNB Stadium,'3-6-1',Defensive Structure,41764000.0,16705600.0,"{""last_5_transfers"": [{""year"": 2019, ""player"": ""Player_844"", ""fee"": 1550505.2, ""type"": ""Out""}, {""year"": 2020, ""player"": ""Player_212"", ""fee"": 1148273.49, ""type"": ""Out""}, {""year"": 2019, ""player"": ""Player_210"", ""fee"": 1915907.64, ""type"": ""In""}, {""year"": 2022, ""player"": ""Player_176"", ""fee"": 3784570.51, ""type"": ""Out""}, {""year"": 2024, ""player"": ""Player_994"", ""fee"": 3028033.83, ""type"": ""Out""}], ""total_spend"": 3952014.98, ""total_income"": 4458246.55}",333908.5731695945,3 years,False,International players,South American prospects,5.87,"{""kit_sponsor"": ""Le Coq Sportif"", ""main_sponsor"": ""STB Bank"", ""value"": ""360519 TND"", ""duration"": ""4 years""}","{""facebook"": ""facebook.com/club_3322"", ""twitter"": ""twitter.com/club_3778"", ""instagram"": ""instagram.com/club_2066""}"
C-240,2109,Highway,Zimbabwe,Zimbabwe Premier Soccer League,National Sports Stadium,'5-3-2',Low Block Counter,20553123000.0,8221249200.0,"{""last_5_transfers"": [{""year"": 2023, ""player"": ""Player_823"", ""fee"": 1288069.45, ""type"": ""Out""}, {""year"": 2019, ""player"": ""Player_532"", ""fee"": 4377714.57, ""type"": ""In""}, {""year"": 2021, ""player"": ""Player_557"", ""fee"": 2533803.19, ""type"": ""In""}, {""year"": 2023, ""player"": ""Player_788"", ""fee"": 3727556.49, ""type"": ""In""}, {""year"": 2023, ""player"": ""Player_46"", ""fee"": 3503390.98, ""type"": ""In""}], ""total_spend"": 8189817.03, ""total_income"": 2735195.74}",511287.3785523905,3 years,True,Local talent,South American prospects,4.32,"{""kit_sponsor"": ""Nike"", ""main_sponsor"": ""Pepsi"", ""value"": ""670043 TND"", ""duration"": ""3 years""}","{""facebook"": ""facebook.com/club_6894"", ""twitter"": ""twitter.com/club_4063"", ""instagram"": ""instagram.com/club_9616""}"
C-241,1126,Hilal Al-Obayed,Sudan,Sudan Premier League,Al Merreikh Stadium,'4-3-3',Direct Play,340797000.0,136318800.0,"{""last_5_transfers"": [{""year"": 2023, ""player"": ""Player_616"", ""fee"": 2793051.82, ""type"": ""In""}, {""year"": 2019, ""player"": ""Player_17"", ""fee"": 1014056.21, ""type"": ""In""}, {""year"": 2019, ""player"": ""Player_231"", ""fee"": 2637272.52, ""type"": ""In""}, {""year"": 2024, ""player"": ""Player_327"", ""fee"": 4466274.22, ""type"": ""In""}, {""year"": 2021, ""player"": ""Player_110"", ""fee"": 2839838.9, ""type"": ""In""}], ""total_spend"": 5742422.07, ""total_income"": 6316730.4}",645400.8748018672,4 years,True,Experienced players,Young talents,8.29,"{""kit_sponsor"": ""Umbro"", ""main_sponsor"": ""LG Electronics"", ""value"": ""250831 TND"", ""duration"": ""3 years""}","{""facebook"": ""facebook.com/club_2165"", ""twitter"": ""twitter.com/club_1422"", ""instagram"": ""instagram.com/club_2931""}"
C-242,2307,Hilal El-Fasher,Sudan,Sudan Premier League,Al Merreikh Stadium,'4-1-4-1',Quick Counter-attacks,1187936000.0,475174400.0,"{""last_5_transfers"": [{""year"": 2024, ""player"": ""Player_297"", ""fee"": 860255.68, ""type"": ""Out""}, {""year"": 2022, ""player"": ""Player_170"", ""fee"": 343742.56, ""type"": ""In""}, {""year"": 2022, ""player"": ""Player_219"", ""fee"": 1755124.26, ""type"": ""Out""}, {""year"": 2022, ""player"": ""Player_596"", ""fee"": 1063356.37, ""type"": ""In""}, {""year"": 2023, ""player"": ""Player_391"", ""fee"": 3514426.74, ""type"": ""In""}], ""total_spend"": 6612484.46, ""total_income"": 2305809.27}",316372.70058829314,3 years,True,Experienced players,African talents,6.13,"{""kit_sponsor"": ""Adidas"", ""main_sponsor"": ""Danone"", ""value"": ""614441 TND"", ""duration"": ""4 years""}","{""facebook"": ""facebook.com/club_9140"", ""twitter"": ""twitter.com/club_3653"", ""instagram"": ""instagram.com/club_2701""}"
C-243,2352,Hire,Ivory Coast,Ligue 2,Stade Olympique Alassane Ouattara,'3-5-2',Quick Counter-attacks,2655593000.0,1062237200.0,"{""last_5_transfers"": [{""year"": 2021, ""player"": ""Player_939"", ""fee"": 4196116.03, ""type"": ""In""}, {""year"": 2019, ""player"": ""Player_251"", ""fee"": 2487609.64, ""type"": ""Out""}, {""year"": 2023, ""player"": ""Player_283"", ""fee"": 3205571.2, ""type"": ""Out""}, {""year"": 2020, ""player"": ""Player_505"", ""fee"": 4103298.99, ""type"": ""Out""}, {""year"": 2019, ""player"": ""Player_503"", ""fee"": 2629373.91, ""type"": ""In""}], ""total_spend"": 1166472.89, ""total_income"": 4596783.95}",280732.39101388445,3 years,True,Young prospects,African talents,3.99,"{""kit_sponsor"": ""Macron"", ""main_sponsor"": ""Nike"", ""value"": ""570506 TND"", ""duration"": ""5 years""}","{""facebook"": ""facebook.com/club_7100"", ""twitter"": ""twitter.com/club_5332"", ""instagram"": ""instagram.com/club_6610""}"
C-244,1209,Horoya AC,Guinea,Guinee Championnat National,Stade du 28 Septembre,'4-4-2',Southern African Mix,34805279000.0,13922111600.0,"{""last_5_transfers"": [{""year"": 2022, ""player"": ""Player_596"", ""fee"": 4256563.75, ""type"": ""In""}, {""year"": 2022, ""player"": ""Player_715"", ""fee"": 4547660.51, ""type"": ""In""}, {""year"": 2022, ""player"": ""Player_433"", ""fee"": 4738452.51, ""type"": ""Out""}, {""year"": 2020, ""player"": ""Player_185"", ""fee"": 2936301.31, ""type"": ""Out""}, {""year"": 2024, ""player"": ""Player_119"", ""fee"": 3801232.24, ""type"": ""Out""}], ""total_spend"": 1054121.93, ""total_income"": 7236672.71}",928264.5235047004,2 years,False,Proven professionals,African talents,7.84,"{""kit_sponsor"": ""Macron"", ""main_sponsor"": ""Shell"", ""value"": ""416562 TND"", ""duration"": ""1 years""}","{""facebook"": ""facebook.com/club_1447"", ""twitter"": ""twitter.com/club_3568"", ""instagram"": ""instagram.com/club_8389""}"
C-245,1835,How Mine,Zimbabwe,Zimbabwe Premier Soccer League,National Sports Stadium,'4-5-1',Quick Counter-attacks,6886775000.0,2754710000.0,"{""last_5_transfers"": [{""year"": 2020, ""player"": ""Player_614"", ""fee"": 4629427.95, ""type"": ""In""}, {""year"": 2024, ""player"": ""Player_899"", ""fee"": 1107488.92, ""type"": ""In""}, {""year"": 2021, ""player"": ""Player_721"", ""fee"": 2736949.2, ""type"": ""In""}, {""year"": 2024, ""player"": ""Player_156"", ""fee"": 2640152.96, ""type"": ""In""}, {""year"": 2022, ""player"": ""Player_493"", ""fee"": 3852925.69, ""type"": ""In""}], ""total_spend"": 2071914.59, ""total_income"": 3002054.66}",285863.3342474568,3 years,False,International players,Local academy,5.13,"{""kit_sponsor"": ""Le Coq Sportif"", ""main_sponsor"": ""STB Bank"", ""value"": ""547195 TND"", ""duration"": ""2 years""}","{""facebook"": ""facebook.com/club_6754"", ""twitter"": ""twitter.com/club_8260"", ""instagram"": ""instagram.com/club_3677""}"
C-246,864,Hwange,Zimbabwe,Zimbabwe Premier Soccer League,National Sports Stadium,'3-5-1-1',Total Football,11539830000.0,4615932000.0,"{""last_5_transfers"": [{""year"": 2022, ""player"": ""Player_275"", ""fee"": 2506506.94, ""type"": ""In""}, {""year"": 2019, ""player"": ""Player_617"", ""fee"": 4634872.68, ""type"": ""Out""}, {""year"": 2021, ""player"": ""Player_670"", ""fee"": 587428.18, ""type"": ""Out""}, {""year"": 2022, ""player"": ""Player_516"", ""fee"": 2043106.19, ""type"": ""Out""}, {""year"": 2021, ""player"": ""Player_901"", ""fee"": 693476.34, ""type"": ""Out""}], ""total_spend"": 9013812.76, ""total_income"": 3721982.33}",147471.8883423733,2 years,True,Young prospects,Young talents,4.94,"{""kit_sponsor"": ""Mizuno"", ""main_sponsor"": ""Turkish Airlines"", ""value"": ""657758 TND"", ""duration"": ""1 years""}","{""facebook"": ""facebook.com/club_7649"", ""twitter"": ""twitter.com/club_7317"", ""instagram"": ""instagram.com/club_9895""}"
C-247,1321,Ifeanyi Ubah United,Nigeria,Nigeria National League,Moshood Abiola National Stadium,'4-1-4-1',Tiki-Taka Adaptation,461786000.0,184714400.0,"{""last_5_transfers"": [{""year"": 2020, ""player"": ""Player_268"", ""fee"": 1423804.95, ""type"": ""Out""}, {""year"": 2022, ""player"": ""Player_507"", ""fee"": 139434.92, ""type"": ""Out""}, {""year"": 2020, ""player"": ""Player_918"", ""fee"": 848449.51, ""type"": ""Out""}, {""year"": 2023, ""player"": ""Player_849"", ""fee"": 1365390.98, ""type"": ""In""}, {""year"": 2021, ""player"": ""Player_114"", ""fee"": 3456823.75, ""type"": ""Out""}], ""total_spend"": 2141811.81, ""total_income"": 4664826.79}",177353.0396919555,2 years,False,Experienced players,Established professionals,7.56,"{""kit_sponsor"": ""Hummel"", ""main_sponsor"": ""Soci\u00e9t\u00e9 G\u00e9n\u00e9rale"", ""value"": ""849402 TND"", ""duration"": ""4 years""}","{""facebook"": ""facebook.com/club_1514"", ""twitter"": ""twitter.com/club_4284"", ""instagram"": ""instagram.com/club_3129""}"
C-248,1732,Ikorodu United,Nigeria,Nigeria National League,Moshood Abiola National Stadium,'3-3-3-1',Possession Control,2055688000.0,822275200.0,"{""last_5_transfers"": [{""year"": 2022, ""player"": ""Player_709"", ""fee"": 2173850.32, ""type"": ""In""}, {""year"": 2019, ""player"": ""Player_797"", ""fee"": 1117393.77, ""type"": ""In""}, {""year"": 2024, ""player"": ""Player_423"", ""fee"": 4988087.31, ""type"": ""In""}, {""year"": 2022, ""player"": ""Player_548"", ""fee"": 2203011.97, ""type"": ""Out""}, {""year"": 2020, ""player"": ""Player_225"", ""fee"": 3423820.48, ""type"": ""In""}], ""total_spend"": 3701409.41, ""total_income"": 3548867.92}",419955.980495412,4 years,False,Young prospects,Young talents,1.56,"{""kit_sponsor"": ""Local Brand"", ""main_sponsor"": ""Vitalait"", ""value"": ""254203 TND"", ""duration"": ""3 years""}","{""facebook"": ""facebook.com/club_8641"", ""twitter"": ""twitter.com/club_7999"", ""instagram"": ""instagram.com/club_6066""}"
C-249,2679,Indeni FC,Zambia,Zambian Premier League,National Heroes Stadium,'4-3-1-2',Physical Power Play,57541000.0,23016400.0,"{""last_5_transfers"": [{""year"": 2022, ""player"": ""Player_473"", ""fee"": 2085915.75, ""type"": ""In""}, {""year"": 2024, ""player"": ""Player_571"", ""fee"": 1421141.47, ""type"": ""Out""}, {""year"": 2021, ""player"": ""Player_962"", ""fee"": 4682938.43, ""type"": ""Out""}, {""year"": 2023, ""player"": ""Player_629"", ""fee"": 2108814.11, ""type"": ""Out""}, {""year"": 2024, ""player"": ""Player_851"", ""fee"": 4147966.8, ""type"": ""Out""}], ""total_spend"": 4475779.49, ""total_income"": 3659223.35}",237884.4888691507,4 years,True,Local talent,Established professionals,7.44,"{""kit_sponsor"": ""Mizuno"", ""main_sponsor"": ""Magasin G\u00e9n\u00e9ral"", ""value"": ""877297 TND"", ""duration"": ""3 years""}","{""facebook"": ""facebook.com/club_1305"", ""twitter"": ""twitter.com/club_8042"", ""instagram"": ""instagram.com/club_4491""}"
C-250,1997,Inter Allies FC,Ghana,Ghana Premier League,Baba Yara Stadium,'4-1-3-2',Technical Dribbling,57120000.0,22848000.0,"{""last_5_transfers"": [{""year"": 2022, ""player"": ""Player_57"", ""fee"": 2627710.39, ""type"": ""In""}, {""year"": 2020, ""player"": ""Player_618"", ""fee"": 523448.21, ""type"": ""In""}, {""year"": 2023, ""player"": ""Player_177"", ""fee"": 355206.79, ""type"": ""Out""}, {""year"": 2024, ""player"": ""Player_75"", ""fee"": 4554392.79, ""type"": ""In""}, {""year"": 2024, ""player"": ""Player_36"", ""fee"": 3455137.75, ""type"": ""Out""}], ""total_spend"": 4774112.34, ""total_income"": 5002821.49}",690536.0207658473,4 years,True,Local talent,Young talents,1.55,"{""kit_sponsor"": ""Under Armour"", ""main_sponsor"": ""STB Bank"", ""value"": ""434431 TND"", ""duration"": ""5 years""}","{""facebook"": ""facebook.com/club_4513"", ""twitter"": ""twitter.com/club_4768"", ""instagram"": ""instagram.com/club_2263""}"
C-251,693,Interclube de Angola,Angola,Girabola,Estadio 11 de Novembro,'4-2-3-1',Wing Play,821185000.0,328474000.0,"{""last_5_transfers"": [{""year"": 2020, ""player"": ""Player_606"", ""fee"": 4485039.67, ""type"": ""In""}, {""year"": 2024, ""player"": ""Player_383"", ""fee"": 4263785.49, ""type"": ""In""}, {""year"": 2021, ""player"": ""Player_676"", ""fee"": 1531019.85, ""type"": ""Out""}, {""year"": 2019, ""player"": ""Player_721"", ""fee"": 4357257.19, ""type"": ""Out""}, {""year"": 2022, ""player"": ""Player_665"", ""fee"": 393665.68, ""type"": ""Out""}], ""total_spend"": 7160599.19, ""total_income"": 5057336.38}",839402.7285543239,4 years,False,Proven professionals,European market,4.24,"{""kit_sponsor"": ""Local Brand"", ""main_sponsor"": ""Nike"", ""value"": ""848310 TND"", ""duration"": ""2 years""}","{""facebook"": ""facebook.com/club_4387"", ""twitter"": ""twitter.com/club_9151"", ""instagram"": ""instagram.com/club_6933""}"
C-252,1044,Ismaily SC,Egypt,Egyptian Second Division,Cairo International Stadium,'3-4-3',Attacking Overload,83223000.0,33289200.0,"{""last_5_transfers"": [{""year"": 2022, ""player"": ""Player_627"", ""fee"": 544023.74, ""type"": ""In""}, {""year"": 2021, ""player"": ""Player_887"", ""fee"": 3487099.43, ""type"": ""In""}, {""year"": 2023, ""player"": ""Player_82"", ""fee"": 1838281.65, ""type"": ""In""}, {""year"": 2020, ""player"": ""Player_345"", ""fee"": 3600826.24, ""type"": ""Out""}, {""year"": 2022, ""player"": ""Player_516"", ""fee"": 3045303.4, ""type"": ""In""}], ""total_spend"": 9136087.08, ""total_income"": 3763942.97}",587446.518142508,3 years,False,Young prospects,Asian market,9.54,"{""kit_sponsor"": ""Hummel"", ""main_sponsor"": ""Turkish Airlines"", ""value"": ""279741 TND"", ""duration"": ""1 years""}","{""facebook"": ""facebook.com/club_9775"", ""twitter"": ""twitter.com/club_2603"", ""instagram"": ""instagram.com/club_6138""}"
C-253,1630,Issia Wazi,Ivory Coast,Ligue 2,Stade Olympique Alassane Ouattara,'3-5-2',West African Power,2687379000.0,1074951600.0,"{""last_5_transfers"": [{""year"": 2022, ""player"": ""Player_922"", ""fee"": 653162.39, ""type"": ""Out""}, {""year"": 2021, ""player"": ""Player_630"", ""fee"": 4777729.63, ""type"": ""In""}, {""year"": 2021, ""player"": ""Player_626"", ""fee"": 4453695.84, ""type"": ""Out""}, {""year"": 2024, ""player"": ""Player_773"", ""fee"": 3676716.57, ""type"": ""In""}, {""year"": 2020, ""player"": ""Player_415"", ""fee"": 2267533.3, ""type"": ""In""}], ""total_spend"": 7856820.23, ""total_income"": 4509358.43}",537145.005393415,3 years,True,International players,South American prospects,8.24,"{""kit_sponsor"": ""Nike"", ""main_sponsor"": ""Vitalait"", ""value"": ""421418 TND"", ""duration"": ""1 years""}","{""facebook"": ""facebook.com/club_5916"", ""twitter"": ""twitter.com/club_9844"", ""instagram"": ""instagram.com/club_9457""}"
C-254,1196,Ittihad El-Shorta,Egypt,Egyptian Premier League,Cairo International Stadium,'4-1-3-2',Defensive Structure,42500000.0,17000000.0,"{""last_5_transfers"": [{""year"": 2021, ""player"": ""Player_205"", ""fee"": 955647.11, ""type"": ""Out""}, {""year"": 2019, ""player"": ""Player_496"", ""fee"": 2628710.68, ""type"": ""Out""}, {""year"": 2024, ""player"": ""Player_665"", ""fee"": 1682269.27, ""type"": ""In""}, {""year"": 2024, ""player"": ""Player_494"", ""fee"": 4502759.67, ""type"": ""Out""}, {""year"": 2020, ""player"": ""Player_263"", ""fee"": 4934062.91, ""type"": ""In""}], ""total_spend"": 6382555.18, ""total_income"": 3476331.42}",757880.5006988051,4 years,False,Experienced players,Asian market,9.31,"{""kit_sponsor"": ""Puma"", ""main_sponsor"": ""Al Baraka Bank"", ""value"": ""926768 TND"", ""duration"": ""2 years""}","{""facebook"": ""facebook.com/club_7659"", ""twitter"": ""twitter.com/club_8938"", ""instagram"": ""instagram.com/club_8121""}"
C-255,1121,Ittihad Tanger,Morocco,Botola 2,Stade Mohammed V,'4-3-1-2',High-Energy Pressing,45182000.0,18072800.0,"{""last_5_transfers"": [{""year"": 2021, ""player"": ""Player_522"", ""fee"": 1453263.39, ""type"": ""Out""}, {""year"": 2022, ""player"": ""Player_480"", ""fee"": 4241105.66, ""type"": ""Out""}, {""year"": 2024, ""player"": ""Player_548"", ""fee"": 4459974.69, ""type"": ""Out""}, {""year"": 2022, ""player"": ""Player_83"", ""fee"": 4705671.65, ""type"": ""Out""}, {""year"": 2024, ""player"": ""Player_198"", ""fee"": 2402600.5, ""type"": ""In""}], ""total_spend"": 6019244.23, ""total_income"": 2808940.3}",313536.3994689226,4 years,False,Academy graduates,Asian market,5.0,"{""kit_sponsor"": ""Adidas"", ""main_sponsor"": ""Orange"", ""value"": ""578522 TND"", ""duration"": ""1 years""}","{""facebook"": ""facebook.com/club_2654"", ""twitter"": ""twitter.com/club_9895"", ""instagram"": ""instagram.com/club_3949""}"
C-256,2023,Ittihad Zemouri de Khemisset,Morocco,Botola Pro,Stade Mohammed V,'4-4-1-1',Tiki-Taka Adaptation,21778000.0,8711200.0,"{""last_5_transfers"": [{""year"": 2022, ""player"": ""Player_957"", ""fee"": 525899.19, ""type"": ""Out""}, {""year"": 2019, ""player"": ""Player_807"", ""fee"": 634288.3, ""type"": ""Out""}, {""year"": 2021, ""player"": ""Player_172"", ""fee"": 2683431.82, ""type"": ""In""}, {""year"": 2019, ""player"": ""Player_640"", ""fee"": 2413060.92, ""type"": ""Out""}, {""year"": 2019, ""player"": ""Player_305"", ""fee"": 289438.66, ""type"": ""Out""}], ""total_spend"": 6492104.48, ""total_income"": 6551238.51}",758078.9835030371,2 years,True,Young prospects,Under-23 talents,7.72,"{""kit_sponsor"": ""New Balance"", ""main_sponsor"": ""Coca-Cola"", ""value"": ""803511 TND"", ""duration"": ""5 years""}","{""facebook"": ""facebook.com/club_1725"", ""twitter"": ""twitter.com/club_6601"", ""instagram"": ""instagram.com/club_3387""}"
C-257,2468,Jangorzo,Niger,Niger Premier League,Stade General Seyni Kountche,'3-4-2-1',Physical Power Play,710699000.0,284279600.0,"{""last_5_transfers"": [{""year"": 2019, ""player"": ""Player_912"", ""fee"": 3048233.55, ""type"": ""In""}, {""year"": 2022, ""player"": ""Player_650"", ""fee"": 1479914.42, ""type"": ""In""}, {""year"": 2021, ""player"": ""Player_340"", ""fee"": 2871435.98, ""type"": ""In""}, {""year"": 2020, ""player"": ""Player_432"", ""fee"": 3325064.04, ""type"": ""Out""}, {""year"": 2019, ""player"": ""Player_315"", ""fee"": 126954.94, ""type"": ""In""}], ""total_spend"": 7889733.38, ""total_income"": 5104168.47}",693189.5422067533,3 years,False,Academy graduates,European market,1.69,"{""kit_sponsor"": ""Local Brand"", ""main_sponsor"": ""D\u00e9lice"", ""value"": ""191361 TND"", ""duration"": ""5 years""}","{""facebook"": ""facebook.com/club_9500"", ""twitter"": ""twitter.com/club_2667"", ""instagram"": ""instagram.com/club_8192""}"
C-258,2539,Jazeerat Al Feel,Sudan,Sudan Premier League,Al Merreikh Stadium,'4-5-1',North African Technical,989731000.0,395892400.0,"{""last_5_transfers"": [{""year"": 2019, ""player"": ""Player_147"", ""fee"": 3466901.88, ""type"": ""Out""}, {""year"": 2024, ""player"": ""Player_90"", ""fee"": 3497077.87, ""type"": ""In""}, {""year"": 2019, ""player"": ""Player_972"", ""fee"": 1111556.96, ""type"": ""In""}, {""year"": 2024, ""player"": ""Player_772"", ""fee"": 1569503.45, ""type"": ""Out""}, {""year"": 2022, ""player"": ""Player_311"", ""fee"": 4674125.31, ""type"": ""Out""}], ""total_spend"": 7751264.39, ""total_income"": 4169074.02}",669939.3448693916,4 years,True,International players,Local academy,4.93,"{""kit_sponsor"": ""Kappa"", ""main_sponsor"": ""Soci\u00e9t\u00e9 G\u00e9n\u00e9rale"", ""value"": ""521221 TND"", ""duration"": ""2 years""}","{""facebook"": ""facebook.com/club_7727"", ""twitter"": ""twitter.com/club_8317"", ""instagram"": ""instagram.com/club_7263""}"
C-259,1764,JC Abidjan,Ivory Coast,Ligue 2,Stade Olympique Alassane Ouattara,'3-5-2',High Press,537849000.0,215139600.0,"{""last_5_transfers"": [{""year"": 2020, ""player"": ""Player_316"", ""fee"": 580750.92, ""type"": ""Out""}, {""year"": 2020, ""player"": ""Player_871"", ""fee"": 1008428.6, ""type"": ""In""}, {""year"": 2019, ""player"": ""Player_251"", ""fee"": 4500416.52, ""type"": ""In""}, {""year"": 2020, ""player"": ""Player_331"", ""fee"": 2985010.11, ""type"": ""Out""}, {""year"": 2022, ""player"": ""Player_351"", ""fee"": 2814037.76, ""type"": ""In""}], ""total_spend"": 6829780.03, ""total_income"": 7828861.14}",156864.28580856323,2 years,False,Young prospects,South American prospects,1.2,"{""kit_sponsor"": ""Nike"", ""main_sponsor"": ""Orange"", ""value"": ""224196 TND"", ""duration"": ""3 years""}","{""facebook"": ""facebook.com/club_3433"", ""twitter"": ""twitter.com/club_4635"", ""instagram"": ""instagram.com/club_8428""}"
C-260,847,Jeanne d'Arc de Bamako,Mali,Malian Premiere Division,Stade 26 Mars,'4-4-2',Direct Play,2569533000.0,1027813200.0,"{""last_5_transfers"": [{""year"": 2021, ""player"": ""Player_722"", ""fee"": 540160.92, ""type"": ""In""}, {""year"": 2019, ""player"": ""Player_260"", ""fee"": 4454834.07, ""type"": ""In""}, {""year"": 2022, ""player"": ""Player_909"", ""fee"": 3186281.25, ""type"": ""In""}, {""year"": 2024, ""player"": ""Player_331"", ""fee"": 3675105.4, ""type"": ""Out""}, {""year"": 2024, ""player"": ""Player_291"", ""fee"": 1093363.89, ""type"": ""Out""}], ""total_spend"": 9371000.54, ""total_income"": 4596552.06}",945745.206133589,2 years,True,Young prospects,South American prospects,3.03,"{""kit_sponsor"": ""Joma"", ""main_sponsor"": ""STB Bank"", ""value"": ""981239 TND"", ""duration"": ""1 years""}","{""facebook"": ""facebook.com/club_3095"", ""twitter"": ""twitter.com/club_9652"", ""instagram"": ""instagram.com/club_5081""}"
C-261,1236,Jeunesse Sportive Soualem,Morocco,Botola 2,Stade Mohammed V,'3-4-2-1',Wing Play,23831000.0,9532400.0,"{""last_5_transfers"": [{""year"": 2024, ""player"": ""Player_225"", ""fee"": 1900923.28, ""type"": ""Out""}, {""year"": 2020, ""player"": ""Player_949"", ""fee"": 2075010.25, ""type"": ""Out""}, {""year"": 2022, ""player"": ""Player_95"", ""fee"": 142617.52, ""type"": ""Out""}, {""year"": 2022, ""player"": ""Player_24"", ""fee"": 2091063.24, ""type"": ""In""}, {""year"": 2023, ""player"": ""Player_495"", ""fee"": 1398229.68, ""type"": ""In""}], ""total_spend"": 1263140.14, ""total_income"": 5647450.46}",987067.56736794,2 years,False,Academy graduates,Asian market,8.65,"{""kit_sponsor"": ""New Balance"", ""main_sponsor"": ""Puma"", ""value"": ""123313 TND"", ""duration"": ""4 years""}","{""facebook"": ""facebook.com/club_2428"", ""twitter"": ""twitter.com/club_4897"", ""instagram"": ""instagram.com/club_9416""}"
C-262,1535,Jigawa Golden Stars,Nigeria,Nigeria Professional Football League,Moshood Abiola National Stadium,'3-6-1',North African Technical,1765974000.0,706389600.0,"{""last_5_transfers"": [{""year"": 2020, ""player"": ""Player_696"", ""fee"": 2408132.08, ""type"": ""Out""}, {""year"": 2022, ""player"": ""Player_836"", ""fee"": 1282564.7, ""type"": ""In""}, {""year"": 2021, ""player"": ""Player_311"", ""fee"": 2401720.55, ""type"": ""In""}, {""year"": 2022, ""player"": ""Player_925"", ""fee"": 3554419.51, ""type"": ""Out""}, {""year"": 2022, ""player"": ""Player_879"", ""fee"": 1130435.87, ""type"": ""In""}], ""total_spend"": 2809002.29, ""total_income"": 7103340.92}",539250.5650915352,4 years,True,Experienced players,South American prospects,1.41,"{""kit_sponsor"": ""Mizuno"", ""main_sponsor"": ""Audi"", ""value"": ""823105 TND"", ""duration"": ""3 years""}","{""facebook"": ""facebook.com/club_7228"", ""twitter"": ""twitter.com/club_9190"", ""instagram"": ""instagram.com/club_7289""}"
C-263,2450,Jomo Cosmos,South Africa,Premier Soccer League,FNB Stadium,'4-1-4-1',High Press,10893000.0,4357200.0,"{""last_5_transfers"": [{""year"": 2023, ""player"": ""Player_157"", ""fee"": 3869452.87, ""type"": ""In""}, {""year"": 2022, ""player"": ""Player_888"", ""fee"": 861996.35, ""type"": ""In""}, {""year"": 2022, ""player"": ""Player_402"", ""fee"": 1291372.13, ""type"": ""In""}, {""year"": 2019, ""player"": ""Player_323"", ""fee"": 220952.83, ""type"": ""In""}, {""year"": 2021, ""player"": ""Player_595"", ""fee"": 2961355.0, ""type"": ""Out""}], ""total_spend"": 1836306.83, ""total_income"": 1597034.2}",796908.9113481587,4 years,False,Experienced players,Established professionals,9.06,"{""kit_sponsor"": ""Macron"", ""main_sponsor"": ""Soci\u00e9t\u00e9 G\u00e9n\u00e9rale"", ""value"": ""146856 TND"", ""duration"": ""1 years""}","{""facebook"": ""facebook.com/club_1436"", ""twitter"": ""twitter.com/club_3593"", ""instagram"": ""instagram.com/club_7653""}"
C-264,448,JS Kabylie,Algeria,Ligue Professionnelle 2,Stade 5 Juillet 1962,'5-4-1',West African Power,83542000.0,33416800.0,"{""last_5_transfers"": [{""year"": 2019, ""player"": ""Player_500"", ""fee"": 897310.96, ""type"": ""In""}, {""year"": 2023, ""player"": ""Player_53"", ""fee"": 1283775.02, ""type"": ""In""}, {""year"": 2023, ""player"": ""Player_82"", ""fee"": 3403867.66, ""type"": ""Out""}, {""year"": 2020, ""player"": ""Player_359"", ""fee"": 3817442.32, ""type"": ""In""}, {""year"": 2020, ""player"": ""Player_916"", ""fee"": 2275494.45, ""type"": ""Out""}], ""total_spend"": 7107890.6, ""total_income"": 3794381.27}",942090.7555647166,2 years,True,Local talent,Local academy,0.08,"{""kit_sponsor"": ""Hummel"", ""main_sponsor"": ""Samsung"", ""value"": ""360009 TND"", ""duration"": ""3 years""}","{""facebook"": ""facebook.com/club_6793"", ""twitter"": ""twitter.com/club_8598"", ""instagram"": ""instagram.com/club_7418""}"
C-265,2693,JS Kairouanaise,Tunisia,Tunisian Ligue Professionnelle 1,Stade Olympique de Rades,'3-3-3-1',Attacking Overload,2033000.0,813200.0,"{""last_5_transfers"": [{""year"": 2023, ""player"": ""Player_625"", ""fee"": 1335878.11, ""type"": ""Out""}, {""year"": 2023, ""player"": ""Player_662"", ""fee"": 3501398.41, ""type"": ""Out""}, {""year"": 2022, ""player"": ""Player_743"", ""fee"": 1596315.73, ""type"": ""Out""}, {""year"": 2022, ""player"": ""Player_833"", ""fee"": 4112323.26, ""type"": ""Out""}, {""year"": 2019, ""player"": ""Player_943"", ""fee"": 2015672.85, ""type"": ""In""}], ""total_spend"": 6846071.68, ""total_income"": 5014315.24}",972919.6930149624,4 years,False,Academy graduates,South American prospects,7.22,"{""kit_sponsor"": ""New Balance"", ""main_sponsor"": ""Pepsi"", ""value"": ""778011 TND"", ""duration"": ""4 years""}","{""facebook"": ""facebook.com/club_4266"", ""twitter"": ""twitter.com/club_2365"", ""instagram"": ""instagram.com/club_8420""}"
C-266,403,JS Saoura,Algeria,Ligue Professionnelle 2,Stade 5 Juillet 1962,'5-3-2',Possession Control,399847000.0,159938800.0,"{""last_5_transfers"": [{""year"": 2021, ""player"": ""Player_128"", ""fee"": 1893335.86, ""type"": ""In""}, {""year"": 2020, ""player"": ""Player_519"", ""fee"": 1428566.69, ""type"": ""In""}, {""year"": 2023, ""player"": ""Player_356"", ""fee"": 2493586.13, ""type"": ""Out""}, {""year"": 2019, ""player"": ""Player_180"", ""fee"": 3644319.13, ""type"": ""Out""}, {""year"": 2021, ""player"": ""Player_715"", ""fee"": 996921.82, ""type"": ""Out""}], ""total_spend"": 2393039.6, ""total_income"": 2534157.22}",890487.4046593807,3 years,False,Local talent,South American prospects,7.69,"{""kit_sponsor"": ""Joma"", ""main_sponsor"": ""Al Baraka Bank"", ""value"": ""142502 TND"", ""duration"": ""5 years""}","{""facebook"": ""facebook.com/club_9381"", ""twitter"": ""twitter.com/club_9911"", ""instagram"": ""instagram.com/club_5166""}"
C-267,2263,JSK Chabab Kasba Tadla,Morocco,Botola 2,Stade Mohammed V,'4-3-2-1',Direct Play,28976000.0,11590400.0,"{""last_5_transfers"": [{""year"": 2021, ""player"": ""Player_497"", ""fee"": 1581698.12, ""type"": ""Out""}, {""year"": 2024, ""player"": ""Player_637"", ""fee"": 3366684.99, ""type"": ""In""}, {""year"": 2022, ""player"": ""Player_981"", ""fee"": 3801528.42, ""type"": ""In""}, {""year"": 2020, ""player"": ""Player_711"", ""fee"": 727555.98, ""type"": ""In""}, {""year"": 2020, ""player"": ""Player_297"", ""fee"": 567116.54, ""type"": ""Out""}], ""total_spend"": 5121765.85, ""total_income"": 1013211.63}",254759.9236092565,3 years,False,Experienced players,African talents,6.68,"{""kit_sponsor"": ""Kappa"", ""main_sponsor"": ""TotalEnergies"", ""value"": ""657870 TND"", ""duration"": ""1 years""}","{""facebook"": ""facebook.com/club_9568"", ""twitter"": ""twitter.com/club_4953"", ""instagram"": ""instagram.com/club_9931""}"
C-268,1075,JSM Bejaia,Algeria,Ligue Professionnelle 1,Stade 5 Juillet 1962,'4-4-2',Attacking Overload,515252000.0,206100800.0,"{""last_5_transfers"": [{""year"": 2024, ""player"": ""Player_28"", ""fee"": 1710682.85, ""type"": ""In""}, {""year"": 2023, ""player"": ""Player_310"", ""fee"": 1017698.66, ""type"": ""Out""}, {""year"": 2023, ""player"": ""Player_96"", ""fee"": 2259114.1, ""type"": ""Out""}, {""year"": 2020, ""player"": ""Player_110"", ""fee"": 4689601.7, ""type"": ""In""}, {""year"": 2019, ""player"": ""Player_921"", ""fee"": 3359261.65, ""type"": ""Out""}], ""total_spend"": 8391484.24, ""total_income"": 4707120.08}",147697.42277720867,2 years,True,Academy graduates,South American prospects,6.55,"{""kit_sponsor"": ""Nike"", ""main_sponsor"": ""Magasin G\u00e9n\u00e9ral"", ""value"": ""886724 TND"", ""duration"": ""1 years""}","{""facebook"": ""facebook.com/club_1514"", ""twitter"": ""twitter.com/club_6670"", ""instagram"": ""instagram.com/club_3431""}"
C-269,1879,JSM Laayoune,Morocco,Botola Pro,Stade Mohammed V,'3-6-1',Tiki-Taka Adaptation,25239000.0,10095600.0,"{""last_5_transfers"": [{""year"": 2022, ""player"": ""Player_762"", ""fee"": 1421909.82, ""type"": ""In""}, {""year"": 2023, ""player"": ""Player_148"", ""fee"": 4103648.14, ""type"": ""Out""}, {""year"": 2023, ""player"": ""Player_209"", ""fee"": 2774964.73, ""type"": ""Out""}, {""year"": 2024, ""player"": ""Player_776"", ""fee"": 1811061.25, ""type"": ""In""}, {""year"": 2020, ""player"": ""Player_637"", ""fee"": 3383071.56, ""type"": ""In""}], ""total_spend"": 6058834.25, ""total_income"": 3930443.16}",771865.7701798509,4 years,False,Young prospects,Asian market,8.73,"{""kit_sponsor"": ""Umbro"", ""main_sponsor"": ""Turkish Airlines"", ""value"": ""816280 TND"", ""duration"": ""2 years""}","{""facebook"": ""facebook.com/club_1097"", ""twitter"": ""twitter.com/club_1735"", ""instagram"": ""instagram.com/club_7023""}"
C-270,2686,JSM Skikda,Algeria,Ligue Professionnelle 2,Stade 5 Juillet 1962,'3-4-3',North African Technical,562433000.0,224973200.0,"{""last_5_transfers"": [{""year"": 2021, ""player"": ""Player_590"", ""fee"": 923848.53, ""type"": ""In""}, {""year"": 2021, ""player"": ""Player_712"", ""fee"": 3028758.29, ""type"": ""Out""}, {""year"": 2021, ""player"": ""Player_24"", ""fee"": 2175384.2, ""type"": ""In""}, {""year"": 2023, ""player"": ""Player_117"", ""fee"": 1170800.74, ""type"": ""Out""}, {""year"": 2021, ""player"": ""Player_776"", ""fee"": 1453881.57, ""type"": ""In""}], ""total_spend"": 2406069.27, ""total_income"": 1277681.89}",893990.5546930458,4 years,True,Proven professionals,South American prospects,7.25,"{""kit_sponsor"": ""Nike"", ""main_sponsor"": ""D\u00e9lice"", ""value"": ""404916 TND"", ""duration"": ""1 years""}","{""facebook"": ""facebook.com/club_1115"", ""twitter"": ""twitter.com/club_9226"", ""instagram"": ""instagram.com/club_3689""}"
C-271,1820,JUTH FC,Nigeria,Nigeria Professional Football League,Moshood Abiola National Stadium,'4-2-4',Southern African Mix,1871713000.0,748685200.0,"{""last_5_transfers"": [{""year"": 2019, ""player"": ""Player_567"", ""fee"": 3158153.65, ""type"": ""Out""}, {""year"": 2022, ""player"": ""Player_215"", ""fee"": 4449585.48, ""type"": ""Out""}, {""year"": 2021, ""player"": ""Player_129"", ""fee"": 3572248.7, ""type"": ""In""}, {""year"": 2019, ""player"": ""Player_228"", ""fee"": 3910244.83, ""type"": ""In""}, {""year"": 2022, ""player"": ""Player_695"", ""fee"": 229947.49, ""type"": ""Out""}], ""total_spend"": 4572328.57, ""total_income"": 4824182.5}",941324.8451045016,3 years,True,Young prospects,Asian market,0.18,"{""kit_sponsor"": ""Under Armour"", ""main_sponsor"": ""Huawei"", ""value"": ""794379 TND"", ""duration"": ""1 years""}","{""facebook"": ""facebook.com/club_3698"", ""twitter"": ""twitter.com/club_8460"", ""instagram"": ""instagram.com/club_3586""}"
C-272,2298,Jwaneng Galaxy FC,Botswana,First Division South,Botswana National Stadium,'4-3-3',Tiki-Taka Adaptation,27177000.0,10870800.0,"{""last_5_transfers"": [{""year"": 2020, ""player"": ""Player_513"", ""fee"": 840939.22, ""type"": ""Out""}, {""year"": 2023, ""player"": ""Player_251"", ""fee"": 4236724.45, ""type"": ""In""}, {""year"": 2023, ""player"": ""Player_977"", ""fee"": 3806528.7, ""type"": ""In""}, {""year"": 2021, ""player"": ""Player_448"", ""fee"": 4002129.42, ""type"": ""In""}, {""year"": 2022, ""player"": ""Player_154"", ""fee"": 1478375.46, ""type"": ""In""}], ""total_spend"": 7207316.63, ""total_income"": 3868195.74}",792940.8325712009,3 years,True,Proven professionals,South American prospects,0.11,"{""kit_sponsor"": ""Hummel"", ""main_sponsor"": ""Pepsi"", ""value"": ""744267 TND"", ""duration"": ""4 years""}","{""facebook"": ""facebook.com/club_8227"", ""twitter"": ""twitter.com/club_8471"", ""instagram"": ""instagram.com/club_7456""}"
C-273,757,Kabuscorp SCP,Angola,Girabola,Estadio 11 de Novembro,'4-4-2',Possession-based,3703314000.0,1481325600.0,"{""last_5_transfers"": [{""year"": 2020, ""player"": ""Player_769"", ""fee"": 3886157.94, ""type"": ""Out""}, {""year"": 2023, ""player"": ""Player_595"", ""fee"": 1122452.78, ""type"": ""In""}, {""year"": 2021, ""player"": ""Player_726"", ""fee"": 1124494.51, ""type"": ""Out""}, {""year"": 2022, ""player"": ""Player_550"", ""fee"": 4493341.15, ""type"": ""In""}, {""year"": 2019, ""player"": ""Player_980"", ""fee"": 3527653.89, ""type"": ""In""}], ""total_spend"": 6410978.08, ""total_income"": 2340516.3}",307200.13206926326,4 years,False,Academy graduates,Under-23 talents,5.47,"{""kit_sponsor"": ""Under Armour"", ""main_sponsor"": ""Vitalait"", ""value"": ""157914 TND"", ""duration"": ""1 years""}","{""facebook"": ""facebook.com/club_9123"", ""twitter"": ""twitter.com/club_5782"", ""instagram"": ""instagram.com/club_5191""}"
C-274,1880,Kabwe Warriors,Zambia,Zambian Premier League,National Heroes Stadium,'4-3-3',Possession-based,17340000.0,6936000.0,"{""last_5_transfers"": [{""year"": 2019, ""player"": ""Player_626"", ""fee"": 2644234.64, ""type"": ""Out""}, {""year"": 2019, ""player"": ""Player_428"", ""fee"": 2954631.32, ""type"": ""In""}, {""year"": 2023, ""player"": ""Player_739"", ""fee"": 3724553.06, ""type"": ""Out""}, {""year"": 2022, ""player"": ""Player_385"", ""fee"": 3807259.73, ""type"": ""In""}, {""year"": 2024, ""player"": ""Player_200"", ""fee"": 2267016.61, ""type"": ""Out""}], ""total_spend"": 5128925.37, ""total_income"": 1339472.54}",244094.1515461848,2 years,True,Young prospects,Established professionals,5.13,"{""kit_sponsor"": ""Puma"", ""main_sponsor"": ""Puma"", ""value"": ""633096 TND"", ""duration"": ""3 years""}","{""facebook"": ""facebook.com/club_7111"", ""twitter"": ""twitter.com/club_3776"", ""instagram"": ""instagram.com/club_3901""}"
C-275,1979,KAC Kenitra,Morocco,Botola Pro,Stade Mohammed V,'4-5-1',Physical Power Play,24915000.0,9966000.0,"{""last_5_transfers"": [{""year"": 2020, ""player"": ""Player_100"", ""fee"": 4526772.59, ""type"": ""In""}, {""year"": 2021, ""player"": ""Player_846"", ""fee"": 3625167.99, ""type"": ""Out""}, {""year"": 2019, ""player"": ""Player_935"", ""fee"": 248540.6, ""type"": ""Out""}, {""year"": 2022, ""player"": ""Player_914"", ""fee"": 2570422.04, ""type"": ""Out""}, {""year"": 2022, ""player"": ""Player_788"", ""fee"": 1851678.5, ""type"": ""Out""}], ""total_spend"": 6857035.3, ""total_income"": 1668707.61}",642178.0374359225,2 years,False,Young prospects,Young talents,7.11,"{""kit_sponsor"": ""Under Armour"", ""main_sponsor"": ""Adidas"", ""value"": ""469893 TND"", ""duration"": ""3 years""}","{""facebook"": ""facebook.com/club_7499"", ""twitter"": ""twitter.com/club_2056"", ""instagram"": ""instagram.com/club_6770""}"
C-276,1335,KACM Marrakech,Morocco,Botola 2,Stade Mohammed V,'4-1-4-1',Possession Control,18461000.0,7384400.0,"{""last_5_transfers"": [{""year"": 2024, ""player"": ""Player_163"", ""fee"": 3703424.2, ""type"": ""Out""}, {""year"": 2022, ""player"": ""Player_510"", ""fee"": 2171474.43, ""type"": ""Out""}, {""year"": 2020, ""player"": ""Player_88"", ""fee"": 1942848.0, ""type"": ""In""}, {""year"": 2021, ""player"": ""Player_669"", ""fee"": 1846874.92, ""type"": ""In""}, {""year"": 2020, ""player"": ""Player_186"", ""fee"": 3999736.66, ""type"": ""Out""}], ""total_spend"": 9676018.73, ""total_income"": 6081570.82}",312895.1142654597,2 years,True,Experienced players,African talents,5.39,"{""kit_sponsor"": ""Joma"", ""main_sponsor"": ""Tunisie Telecom"", ""value"": ""584750 TND"", ""duration"": ""4 years""}","{""facebook"": ""facebook.com/club_7022"", ""twitter"": ""twitter.com/club_5508"", ""instagram"": ""instagram.com/club_4087""}"
C-277,1542,Kaduna United FC,Nigeria,Nigeria National League,Moshood Abiola National Stadium,'3-5-1-1',High-Energy Pressing,1294468000.0,517787200.0,"{""last_5_transfers"": [{""year"": 2023, ""player"": ""Player_615"", ""fee"": 539545.41, ""type"": ""Out""}, {""year"": 2024, ""player"": ""Player_882"", ""fee"": 2361174.18, ""type"": ""Out""}, {""year"": 2023, ""player"": ""Player_394"", ""fee"": 1638646.31, ""type"": ""In""}, {""year"": 2024, ""player"": ""Player_135"", ""fee"": 2766360.54, ""type"": ""In""}, {""year"": 2024, ""player"": ""Player_531"", ""fee"": 686690.34, ""type"": ""In""}], ""total_spend"": 6351856.14, ""total_income"": 7373460.71}",886237.7685168572,2 years,True,Academy graduates,Asian market,4.51,"{""kit_sponsor"": ""Nike"", ""main_sponsor"": ""Carrefour"", ""value"": ""552062 TND"", ""duration"": ""4 years""}","{""facebook"": ""facebook.com/club_4017"", ""twitter"": ""twitter.com/club_6509"", ""instagram"": ""instagram.com/club_4188""}"
C-278,2346,Kafue Celtic,Zambia,Zambian Premier League,National Heroes Stadium,'4-2-3-1',North African Technical,29634000.0,11853600.0,"{""last_5_transfers"": [{""year"": 2022, ""player"": ""Player_678"", ""fee"": 2070650.56, ""type"": ""In""}, {""year"": 2023, ""player"": ""Player_527"", ""fee"": 3942539.76, ""type"": ""Out""}, {""year"": 2023, ""player"": ""Player_723"", ""fee"": 1363267.24, ""type"": ""In""}, {""year"": 2024, ""player"": ""Player_935"", ""fee"": 561560.5, ""type"": ""Out""}, {""year"": 2020, ""player"": ""Player_220"", ""fee"": 4401699.76, ""type"": ""Out""}], ""total_spend"": 8403996.55, ""total_income"": 1652807.62}",752488.2410677437,4 years,False,Young prospects,Established professionals,0.46,"{""kit_sponsor"": ""Puma"", ""main_sponsor"": ""Pepsi"", ""value"": ""917555 TND"", ""duration"": ""2 years""}","{""facebook"": ""facebook.com/club_7689"", ""twitter"": ""twitter.com/club_7982"", ""instagram"": ""instagram.com/club_2725""}"
C-279,580,Kaizer Chiefs,South Africa,National First Division,FNB Stadium,'4-2-3-1',Technical Dribbling,76812000.0,30724800.0,"{""last_5_transfers"": [{""year"": 2024, ""player"": ""Player_877"", ""fee"": 2100369.01, ""type"": ""In""}, {""year"": 2021, ""player"": ""Player_535"", ""fee"": 4083474.89, ""type"": ""Out""}, {""year"": 2023, ""player"": ""Player_543"", ""fee"": 3496772.42, ""type"": ""Out""}, {""year"": 2021, ""player"": ""Player_111"", ""fee"": 3598720.8, ""type"": ""Out""}, {""year"": 2023, ""player"": ""Player_967"", ""fee"": 3577736.04, ""type"": ""Out""}], ""total_spend"": 5737433.53, ""total_income"": 4256696.78}",514492.8952516163,2 years,True,Experienced players,Local academy,6.37,"{""kit_sponsor"": ""Puma"", ""main_sponsor"": ""BIAT Bank"", ""value"": ""387957 TND"", ""duration"": ""3 years""}","{""facebook"": ""facebook.com/club_3267"", ""twitter"": ""twitter.com/club_6928"", ""instagram"": ""instagram.com/club_4134""}"
C-280,2101,Kaloum Star,Guinea,Guinee Championnat National,Stade du 28 Septembre,'5-3-2',Tiki-Taka Adaptation,22173313000.0,8869325200.0,"{""last_5_transfers"": [{""year"": 2021, ""player"": ""Player_798"", ""fee"": 2477996.18, ""type"": ""Out""}, {""year"": 2021, ""player"": ""Player_318"", ""fee"": 3357735.12, ""type"": ""Out""}, {""year"": 2022, ""player"": ""Player_487"", ""fee"": 1234291.43, ""type"": ""Out""}, {""year"": 2019, ""player"": ""Player_211"", ""fee"": 179722.38, ""type"": ""Out""}, {""year"": 2023, ""player"": ""Player_981"", ""fee"": 3341407.75, ""type"": ""In""}], ""total_spend"": 5477934.74, ""total_income"": 5391295.32}",180878.5885081594,4 years,True,Local talent,Established professionals,5.09,"{""kit_sponsor"": ""Hummel"", ""main_sponsor"": ""Al Baraka Bank"", ""value"": ""257918 TND"", ""duration"": ""4 years""}","{""facebook"": ""facebook.com/club_9835"", ""twitter"": ""twitter.com/club_9542"", ""instagram"": ""instagram.com/club_7558""}"
C-281,2422,Kalulushi Modern Stars,Zambia,Zambian Premier League,National Heroes Stadium,'3-5-2',Attacking Overload,30321000.0,12128400.0,"{""last_5_transfers"": [{""year"": 2024, ""player"": ""Player_95"", ""fee"": 4278827.93, ""type"": ""Out""}, {""year"": 2023, ""player"": ""Player_246"", ""fee"": 4766005.34, ""type"": ""In""}, {""year"": 2024, ""player"": ""Player_254"", ""fee"": 4359639.94, ""type"": ""Out""}, {""year"": 2022, ""player"": ""Player_807"", ""fee"": 2848969.63, ""type"": ""Out""}, {""year"": 2019, ""player"": ""Player_440"", ""fee"": 594684.43, ""type"": ""Out""}], ""total_spend"": 7743551.54, ""total_income"": 1096049.06}",614627.8317656927,2 years,True,Academy graduates,African talents,4.58,"{""kit_sponsor"": ""Puma"", ""main_sponsor"": ""Puma"", ""value"": ""573168 TND"", ""duration"": ""4 years""}","{""facebook"": ""facebook.com/club_3383"", ""twitter"": ""twitter.com/club_2126"", ""instagram"": ""instagram.com/club_8129""}"
C-282,703,Kano Pillars,Nigeria,Nigeria Professional Football League,Moshood Abiola National Stadium,'3-4-2-1',West African Power,722197000.0,288878800.0,"{""last_5_transfers"": [{""year"": 2023, ""player"": ""Player_140"", ""fee"": 2065863.9, ""type"": ""Out""}, {""year"": 2022, ""player"": ""Player_245"", ""fee"": 1853694.11, ""type"": ""Out""}, {""year"": 2022, ""player"": ""Player_444"", ""fee"": 3885355.85, ""type"": ""In""}, {""year"": 2019, ""player"": ""Player_218"", ""fee"": 4822066.72, ""type"": ""Out""}, {""year"": 2022, ""player"": ""Player_171"", ""fee"": 2024986.4, ""type"": ""In""}], ""total_spend"": 5895423.3, ""total_income"": 5422497.44}",463313.0513420811,3 years,False,Academy graduates,Young talents,2.77,"{""kit_sponsor"": ""Nike"", ""main_sponsor"": ""Danone"", ""value"": ""802625 TND"", ""duration"": ""5 years""}","{""facebook"": ""facebook.com/club_9048"", ""twitter"": ""twitter.com/club_2884"", ""instagram"": ""instagram.com/club_6468""}"
C-283,1985,Kansanshi Dynamos,Zambia,Zambian Premier League,National Heroes Stadium,'4-3-2-1',Direct Play,29843000.0,11937200.0,"{""last_5_transfers"": [{""year"": 2023, ""player"": ""Player_230"", ""fee"": 4188929.19, ""type"": ""Out""}, {""year"": 2022, ""player"": ""Player_785"", ""fee"": 2032931.63, ""type"": ""Out""}, {""year"": 2023, ""player"": ""Player_718"", ""fee"": 688652.43, ""type"": ""Out""}, {""year"": 2024, ""player"": ""Player_252"", ""fee"": 756668.22, ""type"": ""In""}, {""year"": 2024, ""player"": ""Player_586"", ""fee"": 1036478.43, ""type"": ""Out""}], ""total_spend"": 5224002.01, ""total_income"": 4860314.97}",111917.6924064589,4 years,True,Proven professionals,South American prospects,7.37,"{""kit_sponsor"": ""Hummel"", ""main_sponsor"": ""Vitalait"", ""value"": ""880660 TND"", ""duration"": ""3 years""}","{""facebook"": ""facebook.com/club_9721"", ""twitter"": ""twitter.com/club_9222"", ""instagram"": ""instagram.com/club_5277""}"
C-284,1741,Karela United FC,Ghana,Division One League,Baba Yara Stadium,'4-5-1',Technical Dribbling,49180000.0,19672000.0,"{""last_5_transfers"": [{""year"": 2022, ""player"": ""Player_74"", ""fee"": 1516599.77, ""type"": ""Out""}, {""year"": 2023, ""player"": ""Player_493"", ""fee"": 2954486.03, ""type"": ""Out""}, {""year"": 2021, ""player"": ""Player_887"", ""fee"": 3311182.53, ""type"": ""In""}, {""year"": 2024, ""player"": ""Player_29"", ""fee"": 581976.52, ""type"": ""Out""}, {""year"": 2019, ""player"": ""Player_794"", ""fee"": 1972407.55, ""type"": ""Out""}], ""total_spend"": 4086437.07, ""total_income"": 3130523.32}",247243.19624674023,3 years,True,Academy graduates,Local academy,9.31,"{""kit_sponsor"": ""New Balance"", ""main_sponsor"": ""Turkish Airlines"", ""value"": ""497053 TND"", ""duration"": ""3 years""}","{""facebook"": ""facebook.com/club_1183"", ""twitter"": ""twitter.com/club_3432"", ""instagram"": ""instagram.com/club_4801""}"
C-285,1068,Katsina United,Nigeria,Nigeria National League,Moshood Abiola National Stadium,'4-1-3-2',Defensive Structure,1149461000.0,459784400.0,"{""last_5_transfers"": [{""year"": 2023, ""player"": ""Player_886"", ""fee"": 4420697.71, ""type"": ""Out""}, {""year"": 2022, ""player"": ""Player_921"", ""fee"": 1889475.38, ""type"": ""Out""}, {""year"": 2021, ""player"": ""Player_900"", ""fee"": 1081386.63, ""type"": ""In""}, {""year"": 2019, ""player"": ""Player_428"", ""fee"": 3415799.83, ""type"": ""In""}, {""year"": 2021, ""player"": ""Player_160"", ""fee"": 4286499.91, ""type"": ""In""}], ""total_spend"": 5477017.97, ""total_income"": 1082740.53}",960468.1599178172,4 years,True,Academy graduates,Established professionals,5.95,"{""kit_sponsor"": ""Joma"", ""main_sponsor"": ""Carrefour"", ""value"": ""925997 TND"", ""duration"": ""4 years""}","{""facebook"": ""facebook.com/club_7007"", ""twitter"": ""twitter.com/club_2064"", ""instagram"": ""instagram.com/club_9123""}"
C-286,1886,KCCA FC,Togo,Togolese Championnat National,Stade de Kegue,'4-4-2',Possession Control,1849864000.0,739945600.0,"{""last_5_transfers"": [{""year"": 2020, ""player"": ""Player_536"", ""fee"": 2245994.78, ""type"": ""Out""}, {""year"": 2019, ""player"": ""Player_648"", ""fee"": 1970820.2, ""type"": ""In""}, {""year"": 2024, ""player"": ""Player_552"", ""fee"": 3181110.76, ""type"": ""In""}, {""year"": 2022, ""player"": ""Player_614"", ""fee"": 696221.95, ""type"": ""Out""}, {""year"": 2019, ""player"": ""Player_424"", ""fee"": 501266.81, ""type"": ""Out""}], ""total_spend"": 8524453.4, ""total_income"": 2403353.41}",222207.87235935847,2 years,True,Proven professionals,South American prospects,9.59,"{""kit_sponsor"": ""Nike"", ""main_sponsor"": ""Pepsi"", ""value"": ""791189 TND"", ""duration"": ""5 years""}","{""facebook"": ""facebook.com/club_7480"", ""twitter"": ""twitter.com/club_8226"", ""instagram"": ""instagram.com/club_7761""}"
C-287,1383,Khroub,Algeria,Ligue Professionnelle 1,Stade 5 Juillet 1962,'4-3-1-2',North African Technical,319596000.0,127838400.0,"{""last_5_transfers"": [{""year"": 2023, ""player"": ""Player_866"", ""fee"": 846979.86, ""type"": ""In""}, {""year"": 2019, ""player"": ""Player_545"", ""fee"": 3095378.08, ""type"": ""In""}, {""year"": 2020, ""player"": ""Player_220"", ""fee"": 2281069.01, ""type"": ""In""}, {""year"": 2020, ""player"": ""Player_957"", ""fee"": 1268868.05, ""type"": ""In""}, {""year"": 2022, ""player"": ""Player_878"", ""fee"": 4382691.53, ""type"": ""In""}], ""total_spend"": 8096317.21, ""total_income"": 1410859.76}",850658.3319431094,4 years,False,Local talent,Local academy,2.82,"{""kit_sponsor"": ""Kappa"", ""main_sponsor"": ""Carrefour"", ""value"": ""311737 TND"", ""duration"": ""3 years""}","{""facebook"": ""facebook.com/club_8249"", ""twitter"": ""twitter.com/club_9952"", ""instagram"": ""instagram.com/club_3311""}"
C-288,1953,Kiglon,Zimbabwe,Zimbabwe Premier Soccer League,National Sports Stadium,'3-3-3-1',Low Block Counter,18322257000.0,7328902800.0,"{""last_5_transfers"": [{""year"": 2022, ""player"": ""Player_44"", ""fee"": 4158106.28, ""type"": ""In""}, {""year"": 2023, ""player"": ""Player_146"", ""fee"": 3995903.97, ""type"": ""In""}, {""year"": 2019, ""player"": ""Player_491"", ""fee"": 1768250.66, ""type"": ""In""}, {""year"": 2024, ""player"": ""Player_239"", ""fee"": 1203730.53, ""type"": ""In""}, {""year"": 2019, ""player"": ""Player_412"", ""fee"": 1531905.16, ""type"": ""In""}], ""total_spend"": 4966593.58, ""total_income"": 7484011.21}",504775.4857980073,4 years,False,Local talent,South American prospects,4.85,"{""kit_sponsor"": ""Umbro"", ""main_sponsor"": ""Audi"", ""value"": ""320445 TND"", ""duration"": ""4 years""}","{""facebook"": ""facebook.com/club_7771"", ""twitter"": ""twitter.com/club_8862"", ""instagram"": ""instagram.com/club_4213""}"
C-289,1960,King Faisal,Ghana,Division One League,Baba Yara Stadium,'5-3-2',Possession-based,60555000.0,24222000.0,"{""last_5_transfers"": [{""year"": 2023, ""player"": ""Player_401"", ""fee"": 3113865.22, ""type"": ""In""}, {""year"": 2019, ""player"": ""Player_568"", ""fee"": 1081683.59, ""type"": ""In""}, {""year"": 2021, ""player"": ""Player_428"", ""fee"": 480436.08, ""type"": ""In""}, {""year"": 2024, ""player"": ""Player_459"", ""fee"": 852807.05, ""type"": ""Out""}, {""year"": 2019, ""player"": ""Player_46"", ""fee"": 3672131.92, ""type"": ""In""}], ""total_spend"": 5911841.26, ""total_income"": 2753130.53}",407629.2413182543,2 years,False,International players,Local academy,7.27,"{""kit_sponsor"": ""Nike"", ""main_sponsor"": ""Turkish Airlines"", ""value"": ""919277 TND"", ""duration"": ""2 years""}","{""facebook"": ""facebook.com/club_5118"", ""twitter"": ""twitter.com/club_6306"", ""instagram"": ""instagram.com/club_6283""}"
C-290,2603,Kitwe United,Zambia,Zambian Premier League,National Heroes Stadium,'4-2-2-2',Southern African Mix,102187000.0,40874800.0,"{""last_5_transfers"": [{""year"": 2023, ""player"": ""Player_928"", ""fee"": 4701562.67, ""type"": ""Out""}, {""year"": 2019, ""player"": ""Player_50"", ""fee"": 1219181.77, ""type"": ""Out""}, {""year"": 2024, ""player"": ""Player_304"", ""fee"": 3231256.31, ""type"": ""Out""}, {""year"": 2023, ""player"": ""Player_937"", ""fee"": 1518987.45, ""type"": ""In""}, {""year"": 2019, ""player"": ""Player_718"", ""fee"": 2071625.91, ""type"": ""Out""}], ""total_spend"": 9675063.54, ""total_income"": 2478865.73}",962432.8043907898,2 years,False,Local talent,Asian market,2.92,"{""kit_sponsor"": ""Under Armour"", ""main_sponsor"": ""Shell"", ""value"": ""540767 TND"", ""duration"": ""1 years""}","{""facebook"": ""facebook.com/club_7933"", ""twitter"": ""twitter.com/club_5899"", ""instagram"": ""instagram.com/club_7733""}"
C-291,2506,Konkola Blades,Zambia,Zambian Premier League,National Heroes Stadium,'4-2-2-2',Physical Power Play,56248000.0,22499200.0,"{""last_5_transfers"": [{""year"": 2019, ""player"": ""Player_281"", ""fee"": 4192813.95, ""type"": ""In""}, {""year"": 2022, ""player"": ""Player_990"", ""fee"": 4774992.11, ""type"": ""Out""}, {""year"": 2019, ""player"": ""Player_87"", ""fee"": 3094056.98, ""type"": ""In""}, {""year"": 2021, ""player"": ""Player_65"", ""fee"": 3387812.38, ""type"": ""In""}, {""year"": 2023, ""player"": ""Player_899"", ""fee"": 1568364.54, ""type"": ""In""}], ""total_spend"": 4541274.88, ""total_income"": 1373828.88}",143683.82171776454,2 years,True,International players,Local academy,7.31,"{""kit_sponsor"": ""Kappa"", ""main_sponsor"": ""Coca-Cola"", ""value"": ""747997 TND"", ""duration"": ""5 years""}","{""facebook"": ""facebook.com/club_6690"", ""twitter"": ""twitter.com/club_7918"", ""instagram"": ""instagram.com/club_5128""}"
C-292,2489,Konkola Mine Police,Zambia,Zambian Premier League,National Heroes Stadium,'5-3-2',Total Football,60782000.0,24312800.0,"{""last_5_transfers"": [{""year"": 2020, ""player"": ""Player_537"", ""fee"": 4790053.52, ""type"": ""Out""}, {""year"": 2020, ""player"": ""Player_932"", ""fee"": 176849.45, ""type"": ""In""}, {""year"": 2020, ""player"": ""Player_133"", ""fee"": 1207338.92, ""type"": ""Out""}, {""year"": 2022, ""player"": ""Player_668"", ""fee"": 1203130.51, ""type"": ""Out""}, {""year"": 2024, ""player"": ""Player_342"", ""fee"": 1081594.91, ""type"": ""Out""}], ""total_spend"": 3537011.53, ""total_income"": 4710671.2}",467736.5659599951,2 years,True,Experienced players,Asian market,4.68,"{""kit_sponsor"": ""Local Brand"", ""main_sponsor"": ""Al Baraka Bank"", ""value"": ""855762 TND"", ""duration"": ""5 years""}","{""facebook"": ""facebook.com/club_3516"", ""twitter"": ""twitter.com/club_6956"", ""instagram"": ""instagram.com/club_7306""}"
C-293,827,Kwara United,Nigeria,Nigeria National League,Moshood Abiola National Stadium,'4-3-2-1',Quick Counter-attacks,1856856000.0,742742400.0,"{""last_5_transfers"": [{""year"": 2023, ""player"": ""Player_651"", ""fee"": 2666812.6, ""type"": ""In""}, {""year"": 2021, ""player"": ""Player_876"", ""fee"": 859742.57, ""type"": ""Out""}, {""year"": 2023, ""player"": ""Player_435"", ""fee"": 2634207.62, ""type"": ""Out""}, {""year"": 2024, ""player"": ""Player_509"", ""fee"": 2386304.94, ""type"": ""Out""}, {""year"": 2024, ""player"": ""Player_573"", ""fee"": 2859863.4, ""type"": ""In""}], ""total_spend"": 8852437.69, ""total_income"": 4453269.64}",464758.01412715774,2 years,False,Proven professionals,Established professionals,5.85,"{""kit_sponsor"": ""Umbro"", ""main_sponsor"": ""Samsung"", ""value"": ""306503 TND"", ""duration"": ""1 years""}","{""facebook"": ""facebook.com/club_1302"", ""twitter"": ""twitter.com/club_3789"", ""instagram"": ""instagram.com/club_1305""}"
C-294,897,Lamontville Golden Arrows,South Africa,National First Division,FNB Stadium,'4-2-3-1',Quick Counter-attacks,90238000.0,36095200.0,"{""last_5_transfers"": [{""year"": 2022, ""player"": ""Player_250"", ""fee"": 3277139.27, ""type"": ""Out""}, {""year"": 2023, ""player"": ""Player_508"", ""fee"": 2142131.01, ""type"": ""Out""}, {""year"": 2024, ""player"": ""Player_426"", ""fee"": 2029463.97, ""type"": ""In""}, {""year"": 2020, ""player"": ""Player_862"", ""fee"": 2306591.56, ""type"": ""In""}, {""year"": 2021, ""player"": ""Player_286"", ""fee"": 1653044.16, ""type"": ""Out""}], ""total_spend"": 5328809.26, ""total_income"": 6529199.22}",673488.952123384,4 years,True,Local talent,Local academy,7.81,"{""kit_sponsor"": ""Hummel"", ""main_sponsor"": ""Soci\u00e9t\u00e9 G\u00e9n\u00e9rale"", ""value"": ""173018 TND"", ""duration"": ""4 years""}","{""facebook"": ""facebook.com/club_7843"", ""twitter"": ""twitter.com/club_8813"", ""instagram"": ""instagram.com/club_8215""}"
C-295,1661,Lausanne,Cameroon,Elite Two,Olembe Stadium,'5-4-1',West African Power,823305000.0,329322000.0,"{""last_5_transfers"": [{""year"": 2023, ""player"": ""Player_586"", ""fee"": 393734.77, ""type"": ""In""}, {""year"": 2021, ""player"": ""Player_456"", ""fee"": 3069210.14, ""type"": ""In""}, {""year"": 2021, ""player"": ""Player_550"", ""fee"": 775810.05, ""type"": ""In""}, {""year"": 2024, ""player"": ""Player_315"", ""fee"": 4723938.03, ""type"": ""In""}, {""year"": 2022, ""player"": ""Player_44"", ""fee"": 3782508.48, ""type"": ""In""}], ""total_spend"": 6469709.27, ""total_income"": 1919689.68}",771751.02198128,3 years,False,Young prospects,South American prospects,7.84,"{""kit_sponsor"": ""Mizuno"", ""main_sponsor"": ""Magasin G\u00e9n\u00e9ral"", ""value"": ""185698 TND"", ""duration"": ""3 years""}","{""facebook"": ""facebook.com/club_6922"", ""twitter"": ""twitter.com/club_6184"", ""instagram"": ""instagram.com/club_9475""}"
C-296,1274,Legon Cities FC,Ghana,Division One League,Baba Yara Stadium,'4-5-1',West African Power,14119000.0,5647600.0,"{""last_5_transfers"": [{""year"": 2020, ""player"": ""Player_673"", ""fee"": 1798236.27, ""type"": ""In""}, {""year"": 2024, ""player"": ""Player_77"", ""fee"": 4251900.75, ""type"": ""In""}, {""year"": 2022, ""player"": ""Player_38"", ""fee"": 4256499.13, ""type"": ""In""}, {""year"": 2020, ""player"": ""Player_582"", ""fee"": 166740.34, ""type"": ""Out""}, {""year"": 2023, ""player"": ""Player_675"", ""fee"": 4872353.27, ""type"": ""In""}], ""total_spend"": 8367496.11, ""total_income"": 1721519.73}",794092.1634642845,3 years,False,Local talent,Young talents,7.6,"{""kit_sponsor"": ""Joma"", ""main_sponsor"": ""Huawei"", ""value"": ""790961 TND"", ""duration"": ""3 years""}","{""facebook"": ""facebook.com/club_6321"", ""twitter"": ""twitter.com/club_1111"", ""instagram"": ""instagram.com/club_8113""}"
C-297,1935,Lengthens,Zimbabwe,Zimbabwe Premier Soccer League,National Sports Stadium,'3-4-2-1',Low Block Counter,24346206000.0,9738482400.0,"{""last_5_transfers"": [{""year"": 2021, ""player"": ""Player_461"", ""fee"": 2588549.81, ""type"": ""In""}, {""year"": 2023, ""player"": ""Player_970"", ""fee"": 2189285.85, ""type"": ""Out""}, {""year"": 2019, ""player"": ""Player_348"", ""fee"": 1076518.52, ""type"": ""Out""}, {""year"": 2024, ""player"": ""Player_425"", ""fee"": 4308000.5, ""type"": ""In""}, {""year"": 2024, ""player"": ""Player_754"", ""fee"": 1212102.88, ""type"": ""In""}], ""total_spend"": 7177080.32, ""total_income"": 7695670.18}",332892.5811501461,3 years,False,Experienced players,Established professionals,1.21,"{""kit_sponsor"": ""Macron"", ""main_sponsor"": ""Pepsi"", ""value"": ""734694 TND"", ""duration"": ""1 years""}","{""facebook"": ""facebook.com/club_6537"", ""twitter"": ""twitter.com/club_2166"", ""instagram"": ""instagram.com/club_8925""}"
C-298,1472,Liberty Professionals,Ghana,Ghana Premier League,Baba Yara Stadium,'4-2-2-2',Technical Dribbling,34096000.0,13638400.0,"{""last_5_transfers"": [{""year"": 2023, ""player"": ""Player_114"", ""fee"": 476297.66, ""type"": ""In""}, {""year"": 2020, ""player"": ""Player_490"", ""fee"": 2452724.11, ""type"": ""In""}, {""year"": 2023, ""player"": ""Player_534"", ""fee"": 4102152.25, ""type"": ""In""}, {""year"": 2022, ""player"": ""Player_564"", ""fee"": 2782110.34, ""type"": ""In""}, {""year"": 2019, ""player"": ""Player_250"", ""fee"": 2100442.65, ""type"": ""Out""}], ""total_spend"": 4504850.32, ""total_income"": 2978246.31}",891214.0546626782,3 years,True,Local talent,Under-23 talents,4.11,"{""kit_sponsor"": ""New Balance"", ""main_sponsor"": ""Samsung"", ""value"": ""746067 TND"", ""duration"": ""2 years""}","{""facebook"": ""facebook.com/club_1506"", ""twitter"": ""twitter.com/club_8698"", ""instagram"": ""instagram.com/club_9778""}"
C-299,1995,Liga Muculmana,Mozambique,Mocambola,Estadio do Zimpeto,'3-3-3-1',Quick Counter-attacks,130966000.0,52386400.0,"{""last_5_transfers"": [{""year"": 2021, ""player"": ""Player_46"", ""fee"": 1485287.04, ""type"": ""Out""}, {""year"": 2022, ""player"": ""Player_615"", ""fee"": 3471309.93, ""type"": ""In""}, {""year"": 2023, ""player"": ""Player_613"", ""fee"": 2788859.86, ""type"": ""In""}, {""year"": 2021, ""player"": ""Player_325"", ""fee"": 1396870.43, ""type"": ""In""}, {""year"": 2020, ""player"": ""Player_688"", ""fee"": 2257697.56, ""type"": ""Out""}], ""total_spend"": 1342666.16, ""total_income"": 5092088.85}",829988.9346500428,2 years,False,International players,African talents,6.64,"{""kit_sponsor"": ""Under Armour"", ""main_sponsor"": ""Turkish Airlines"", ""value"": ""523577 TND"", ""duration"": ""1 years""}","{""facebook"": ""facebook.com/club_2100"", ""twitter"": ""twitter.com/club_6694"", ""instagram"": ""instagram.com/club_5350""}"
C-300,2477,Lime Hotspurs,Zambia,Zambian Premier League,National Heroes Stadium,'4-1-4-1',High Press,80024000.0,32009600.0,"{""last_5_transfers"": [{""year"": 2021, ""player"": ""Player_750"", ""fee"": 844464.18, ""type"": ""In""}, {""year"": 2020, ""player"": ""Player_940"", ""fee"": 2120795.97, ""type"": ""Out""}, {""year"": 2023, ""player"": ""Player_23"", ""fee"": 3305160.2, ""type"": ""In""}, {""year"": 2024, ""player"": ""Player_443"", ""fee"": 3646812.01, ""type"": ""Out""}, {""year"": 2023, ""player"": ""Player_980"", ""fee"": 1407622.35, ""type"": ""Out""}], ""total_spend"": 8375538.12, ""total_income"": 895373.79}",133161.04277571407,3 years,False,Experienced players,South American prospects,2.07,"{""kit_sponsor"": ""Local Brand"", ""main_sponsor"": ""Coca-Cola"", ""value"": ""840734 TND"", ""duration"": ""1 years""}","{""facebook"": ""facebook.com/club_5497"", ""twitter"": ""twitter.com/club_9456"", ""instagram"": ""instagram.com/club_5034""}"
C-301,1691,Lion Blesse,Cameroon,Elite One,Olembe Stadium,'3-5-2',Southern African Mix,1823871000.0,729548400.0,"{""last_5_transfers"": [{""year"": 2023, ""player"": ""Player_371"", ""fee"": 3614464.49, ""type"": ""Out""}, {""year"": 2020, ""player"": ""Player_137"", ""fee"": 4137959.5, ""type"": ""Out""}, {""year"": 2024, ""player"": ""Player_375"", ""fee"": 1701738.69, ""type"": ""Out""}, {""year"": 2020, ""player"": ""Player_989"", ""fee"": 4619787.65, ""type"": ""In""}, {""year"": 2020, ""player"": ""Player_671"", ""fee"": 4302444.72, ""type"": ""Out""}], ""total_spend"": 3736071.62, ""total_income"": 7600908.97}",410337.3352759927,2 years,False,International players,African talents,8.85,"{""kit_sponsor"": ""Hummel"", ""main_sponsor"": ""BMW"", ""value"": ""483181 TND"", ""duration"": ""3 years""}","{""facebook"": ""facebook.com/club_9817"", ""twitter"": ""twitter.com/club_3932"", ""instagram"": ""instagram.com/club_1816""}"
C-302,2102,LLB Academic,Burundi,Burundi Premier League,Stade Prince Louis Rwagasore,'3-5-1-1',East African Speed,3201461000.0,1280584400.0,"{""last_5_transfers"": [{""year"": 2024, ""player"": ""Player_694"", ""fee"": 2268644.44, ""type"": ""Out""}, {""year"": 2023, ""player"": ""Player_719"", ""fee"": 2862064.38, ""type"": ""In""}, {""year"": 2019, ""player"": ""Player_535"", ""fee"": 740707.45, ""type"": ""In""}, {""year"": 2024, ""player"": ""Player_88"", ""fee"": 733298.37, ""type"": ""Out""}, {""year"": 2020, ""player"": ""Player_217"", ""fee"": 2819621.06, ""type"": ""In""}], ""total_spend"": 1704107.17, ""total_income"": 7093135.77}",638461.3584894416,2 years,True,Local talent,Local academy,0.54,"{""kit_sponsor"": ""Under Armour"", ""main_sponsor"": ""Coca-Cola"", ""value"": ""730650 TND"", ""duration"": ""2 years""}","{""facebook"": ""facebook.com/club_7550"", ""twitter"": ""twitter.com/club_4530"", ""instagram"": ""instagram.com/club_5071""}"
C-303,826,Lobi Stars,Nigeria,Nigeria National League,Moshood Abiola National Stadium,'4-1-4-1',Quick Counter-attacks,1418545000.0,567418000.0,"{""last_5_transfers"": [{""year"": 2019, ""player"": ""Player_626"", ""fee"": 3884121.52, ""type"": ""In""}, {""year"": 2020, ""player"": ""Player_277"", ""fee"": 1614781.97, ""type"": ""In""}, {""year"": 2020, ""player"": ""Player_504"", ""fee"": 4164506.82, ""type"": ""Out""}, {""year"": 2023, ""player"": ""Player_308"", ""fee"": 3181107.69, ""type"": ""In""}, {""year"": 2019, ""player"": ""Player_680"", ""fee"": 3608237.11, ""type"": ""In""}], ""total_spend"": 9399814.55, ""total_income"": 4109470.67}",661020.2931738563,4 years,True,International players,African talents,8.84,"{""kit_sponsor"": ""Adidas"", ""main_sponsor"": ""Danone"", ""value"": ""798857 TND"", ""duration"": ""5 years""}","{""facebook"": ""facebook.com/club_9921"", ""twitter"": ""twitter.com/club_7492"", ""instagram"": ""instagram.com/club_9824""}"
C-304,1543,LPTA Tozeur,Tunisia,Tunisian Ligue Professionnelle 1,Stade Olympique de Rades,'4-3-1-2',Possession-based,9440000.0,3776000.0,"{""last_5_transfers"": [{""year"": 2021, ""player"": ""Player_478"", ""fee"": 2700586.06, ""type"": ""In""}, {""year"": 2021, ""player"": ""Player_789"", ""fee"": 693604.54, ""type"": ""In""}, {""year"": 2021, ""player"": ""Player_929"", ""fee"": 4468071.21, ""type"": ""Out""}, {""year"": 2022, ""player"": ""Player_797"", ""fee"": 2893259.8, ""type"": ""Out""}, {""year"": 2019, ""player"": ""Player_549"", ""fee"": 4894667.3, ""type"": ""In""}], ""total_spend"": 8605413.22, ""total_income"": 4286800.22}",449426.04045086383,2 years,True,Experienced players,Under-23 talents,8.02,"{""kit_sponsor"": ""Adidas"", ""main_sponsor"": ""Mercedes"", ""value"": ""276253 TND"", ""duration"": ""2 years""}","{""facebook"": ""facebook.com/club_9429"", ""twitter"": ""twitter.com/club_4058"", ""instagram"": ""instagram.com/club_1767""}"
C-305,2397,Lumwana Radiants,Zambia,Zambian Premier League,National Heroes Stadium,'4-2-4',High Press,90439000.0,36175600.0,"{""last_5_transfers"": [{""year"": 2020, ""player"": ""Player_277"", ""fee"": 1781751.2, ""type"": ""In""}, {""year"": 2019, ""player"": ""Player_270"", ""fee"": 2299418.13, ""type"": ""In""}, {""year"": 2020, ""player"": ""Player_231"", ""fee"": 3743503.25, ""type"": ""Out""}, {""year"": 2022, ""player"": ""Player_153"", ""fee"": 4427667.78, ""type"": ""Out""}, {""year"": 2021, ""player"": ""Player_840"", ""fee"": 3407953.16, ""type"": ""In""}], ""total_spend"": 1468989.29, ""total_income"": 1286641.37}",677346.6435074243,2 years,False,Young prospects,Established professionals,5.76,"{""kit_sponsor"": ""Puma"", ""main_sponsor"": ""Adidas"", ""value"": ""136436 TND"", ""duration"": ""3 years""}","{""facebook"": ""facebook.com/club_6872"", ""twitter"": ""twitter.com/club_2892"", ""instagram"": ""instagram.com/club_4241""}"
C-306,2366,Lusaka Dynamos,Zambia,Zambian Premier League,National Heroes Stadium,'3-6-1',Direct Play,23309000.0,9323600.0,"{""last_5_transfers"": [{""year"": 2021, ""player"": ""Player_993"", ""fee"": 188144.98, ""type"": ""Out""}, {""year"": 2024, ""player"": ""Player_955"", ""fee"": 3012809.09, ""type"": ""Out""}, {""year"": 2022, ""player"": ""Player_939"", ""fee"": 2024524.95, ""type"": ""In""}, {""year"": 2019, ""player"": ""Player_605"", ""fee"": 2701808.55, ""type"": ""In""}, {""year"": 2020, ""player"": ""Player_798"", ""fee"": 3068252.0, ""type"": ""In""}], ""total_spend"": 4757958.84, ""total_income"": 3641420.5}",436049.81426937634,2 years,False,Local talent,African talents,6.61,"{""kit_sponsor"": ""Macron"", ""main_sponsor"": ""Soci\u00e9t\u00e9 G\u00e9n\u00e9rale"", ""value"": ""655813 TND"", ""duration"": ""2 years""}","{""facebook"": ""facebook.com/club_2539"", ""twitter"": ""twitter.com/club_7610"", ""instagram"": ""instagram.com/club_6170""}"
C-307,2266,Lys Sassandra,Ivory Coast,Ligue 1,Stade Olympique Alassane Ouattara,'3-5-1-1',Attacking Overload,2535659000.0,1014263600.0,"{""last_5_transfers"": [{""year"": 2023, ""player"": ""Player_649"", ""fee"": 1636025.54, ""type"": ""Out""}, {""year"": 2024, ""player"": ""Player_355"", ""fee"": 799446.47, ""type"": ""In""}, {""year"": 2021, ""player"": ""Player_602"", ""fee"": 4289347.04, ""type"": ""In""}, {""year"": 2019, ""player"": ""Player_312"", ""fee"": 3403710.26, ""type"": ""Out""}, {""year"": 2023, ""player"": ""Player_818"", ""fee"": 2367718.22, ""type"": ""Out""}], ""total_spend"": 1979075.04, ""total_income"": 2366906.95}",118893.46603698628,2 years,True,Proven professionals,Under-23 talents,6.33,"{""kit_sponsor"": ""Joma"", ""main_sponsor"": ""Ooredoo"", ""value"": ""366593 TND"", ""duration"": ""2 years""}","{""facebook"": ""facebook.com/club_1472"", ""twitter"": ""twitter.com/club_7948"", ""instagram"": ""instagram.com/club_5606""}"
C-308,748,Maghreb Fes,Morocco,Botola 2,Stade Mohammed V,'4-3-2-1',Technical Dribbling,30543000.0,12217200.0,"{""last_5_transfers"": [{""year"": 2024, ""player"": ""Player_464"", ""fee"": 2594006.77, ""type"": ""Out""}, {""year"": 2021, ""player"": ""Player_416"", ""fee"": 4321259.35, ""type"": ""In""}, {""year"": 2020, ""player"": ""Player_665"", ""fee"": 2505028.26, ""type"": ""Out""}, {""year"": 2021, ""player"": ""Player_353"", ""fee"": 4252514.35, ""type"": ""Out""}, {""year"": 2021, ""player"": ""Player_314"", ""fee"": 2892691.4, ""type"": ""In""}], ""total_spend"": 2503487.36, ""total_income"": 3803395.21}",908879.001698721,2 years,False,International players,Under-23 talents,6.78,"{""kit_sponsor"": ""Local Brand"", ""main_sponsor"": ""Turkish Airlines"", ""value"": ""254206 TND"", ""duration"": ""4 years""}","{""facebook"": ""facebook.com/club_9025"", ""twitter"": ""twitter.com/club_3513"", ""instagram"": ""instagram.com/club_9519""}"
C-309,122,Mamelodi Sundowns FC,South Africa,Premier Soccer League,FNB Stadium,'4-1-4-1',Low Block Counter,18781000.0,7512400.0,"{""last_5_transfers"": [{""year"": 2024, ""player"": ""Player_988"", ""fee"": 3864103.81, ""type"": ""Out""}, {""year"": 2023, ""player"": ""Player_776"", ""fee"": 3467089.44, ""type"": ""In""}, {""year"": 2019, ""player"": ""Player_657"", ""fee"": 3565895.94, ""type"": ""In""}, {""year"": 2019, ""player"": ""Player_588"", ""fee"": 909011.74, ""type"": ""Out""}, {""year"": 2022, ""player"": ""Player_599"", ""fee"": 3687915.37, ""type"": ""Out""}], ""total_spend"": 8806992.28, ""total_income"": 7686600.9}",420626.872801661,2 years,True,Experienced players,Young talents,7.02,"{""kit_sponsor"": ""Kappa"", ""main_sponsor"": ""Turkish Airlines"", ""value"": ""407471 TND"", ""duration"": ""4 years""}","{""facebook"": ""facebook.com/club_7089"", ""twitter"": ""twitter.com/club_3348"", ""instagram"": ""instagram.com/club_4250""}"
C-310,1803,Manica Diamonds,Zimbabwe,Zimbabwe Premier Soccer League,National Sports Stadium,'4-1-3-2',Total Football,7156177000.0,2862470800.0,"{""last_5_transfers"": [{""year"": 2021, ""player"": ""Player_3"", ""fee"": 3615201.62, ""type"": ""Out""}, {""year"": 2024, ""player"": ""Player_880"", ""fee"": 817524.27, ""type"": ""Out""}, {""year"": 2021, ""player"": ""Player_533"", ""fee"": 1654709.68, ""type"": ""Out""}, {""year"": 2020, ""player"": ""Player_806"", ""fee"": 990275.92, ""type"": ""In""}, {""year"": 2020, ""player"": ""Player_885"", ""fee"": 1421894.24, ""type"": ""In""}], ""total_spend"": 4158783.31, ""total_income"": 1312134.12}",106402.48734901952,3 years,True,Proven professionals,African talents,9.17,"{""kit_sponsor"": ""Hummel"", ""main_sponsor"": ""TotalEnergies"", ""value"": ""234934 TND"", ""duration"": ""5 years""}","{""facebook"": ""facebook.com/club_2185"", ""twitter"": ""twitter.com/club_2161"", ""instagram"": ""instagram.com/club_7623""}"
C-311,1434,Maritzburg United,South Africa,National First Division,FNB Stadium,'3-3-3-1',North African Technical,86380000.0,34552000.0,"{""last_5_transfers"": [{""year"": 2022, ""player"": ""Player_725"", ""fee"": 2108143.18, ""type"": ""In""}, {""year"": 2024, ""player"": ""Player_425"", ""fee"": 539231.64, ""type"": ""In""}, {""year"": 2022, ""player"": ""Player_725"", ""fee"": 4308959.36, ""type"": ""In""}, {""year"": 2019, ""player"": ""Player_496"", ""fee"": 3288756.86, ""type"": ""Out""}, {""year"": 2022, ""player"": ""Player_345"", ""fee"": 774093.2, ""type"": ""In""}], ""total_spend"": 1795714.17, ""total_income"": 7894241.56}",653610.3233535265,3 years,False,Young prospects,African talents,5.79,"{""kit_sponsor"": ""Macron"", ""main_sponsor"": ""Adidas"", ""value"": ""326936 TND"", ""duration"": ""4 years""}","{""facebook"": ""facebook.com/club_5432"", ""twitter"": ""twitter.com/club_8914"", ""instagram"": ""instagram.com/club_6844""}"
C-312,1459,Marumo Gallants FC,South Africa,Premier Soccer League,FNB Stadium,'3-6-1',Tiki-Taka Adaptation,71978000.0,28791200.0,"{""last_5_transfers"": [{""year"": 2024, ""player"": ""Player_287"", ""fee"": 4840717.88, ""type"": ""In""}, {""year"": 2022, ""player"": ""Player_272"", ""fee"": 4996287.22, ""type"": ""Out""}, {""year"": 2024, ""player"": ""Player_768"", ""fee"": 3941149.6, ""type"": ""Out""}, {""year"": 2023, ""player"": ""Player_487"", ""fee"": 4224592.17, ""type"": ""In""}, {""year"": 2020, ""player"": ""Player_492"", ""fee"": 4488336.57, ""type"": ""Out""}], ""total_spend"": 6829562.9, ""total_income"": 7808556.34}",501205.82510665216,3 years,True,Academy graduates,Asian market,7.1,"{""kit_sponsor"": ""Kappa"", ""main_sponsor"": ""Pepsi"", ""value"": ""921824 TND"", ""duration"": ""2 years""}","{""facebook"": ""facebook.com/club_9374"", ""twitter"": ""twitter.com/club_5071"", ""instagram"": ""instagram.com/club_9039""}"
C-313,979,Masvingo United,Zimbabwe,Zimbabwe Premier Soccer League,National Sports Stadium,'4-3-3',Attacking Overload,11646157000.0,4658462800.0,"{""last_5_transfers"": [{""year"": 2020, ""player"": ""Player_676"", ""fee"": 1155071.03, ""type"": ""Out""}, {""year"": 2023, ""player"": ""Player_797"", ""fee"": 690869.75, ""type"": ""Out""}, {""year"": 2024, ""player"": ""Player_75"", ""fee"": 164362.91, ""type"": ""In""}, {""year"": 2024, ""player"": ""Player_502"", ""fee"": 4978777.9, ""type"": ""In""}, {""year"": 2022, ""player"": ""Player_420"", ""fee"": 2427755.09, ""type"": ""Out""}], ""total_spend"": 4382904.34, ""total_income"": 2430982.37}",718531.4715568991,2 years,False,Academy graduates,Under-23 talents,1.64,"{""kit_sponsor"": ""Macron"", ""main_sponsor"": ""Tunisie Telecom"", ""value"": ""729022 TND"", ""duration"": ""1 years""}","{""facebook"": ""facebook.com/club_3356"", ""twitter"": ""twitter.com/club_6147"", ""instagram"": ""instagram.com/club_9228""}"
C-314,2223,Mbabane Swallows,Sudan,Sudan Premier League,Al Merreikh Stadium,'4-3-2-1',Physical Power Play,1976494000.0,790597600.0,"{""last_5_transfers"": [{""year"": 2021, ""player"": ""Player_766"", ""fee"": 4239814.86, ""type"": ""In""}, {""year"": 2019, ""player"": ""Player_266"", ""fee"": 484773.69, ""type"": ""Out""}, {""year"": 2019, ""player"": ""Player_65"", ""fee"": 1951715.32, ""type"": ""Out""}, {""year"": 2022, ""player"": ""Player_639"", ""fee"": 905929.78, ""type"": ""In""}, {""year"": 2022, ""player"": ""Player_685"", ""fee"": 1576021.16, ""type"": ""In""}], ""total_spend"": 2024498.92, ""total_income"": 7293397.58}",700831.2601650477,3 years,True,Proven professionals,South American prospects,5.82,"{""kit_sponsor"": ""New Balance"", ""main_sponsor"": ""Shell"", ""value"": ""111502 TND"", ""duration"": ""5 years""}","{""facebook"": ""facebook.com/club_8399"", ""twitter"": ""twitter.com/club_6341"", ""instagram"": ""instagram.com/club_6658""}"
C-315,642,MC Alger,Algeria,Ligue Professionnelle 1,Stade 5 Juillet 1962,'3-3-3-1',Tiki-Taka Adaptation,668133000.0,267253200.0,"{""last_5_transfers"": [{""year"": 2021, ""player"": ""Player_151"", ""fee"": 2501337.08, ""type"": ""Out""}, {""year"": 2020, ""player"": ""Player_204"", ""fee"": 4754830.87, ""type"": ""Out""}, {""year"": 2022, ""player"": ""Player_521"", ""fee"": 3541299.45, ""type"": ""Out""}, {""year"": 2019, ""player"": ""Player_271"", ""fee"": 687239.44, ""type"": ""Out""}, {""year"": 2021, ""player"": ""Player_996"", ""fee"": 3836807.59, ""type"": ""In""}], ""total_spend"": 4741050.6, ""total_income"": 7107303.65}",627091.7677409955,2 years,True,Young prospects,African talents,9.89,"{""kit_sponsor"": ""Hummel"", ""main_sponsor"": ""Magasin G\u00e9n\u00e9ral"", ""value"": ""809983 TND"", ""duration"": ""2 years""}","{""facebook"": ""facebook.com/club_8303"", ""twitter"": ""twitter.com/club_5276"", ""instagram"": ""instagram.com/club_8977""}"
C-316,983,MC El Eulma,Algeria,Ligue Professionnelle 2,Stade 5 Juillet 1962,'3-3-3-1',Quick Counter-attacks,616423000.0,246569200.0,"{""last_5_transfers"": [{""year"": 2021, ""player"": ""Player_210"", ""fee"": 2830423.53, ""type"": ""In""}, {""year"": 2021, ""player"": ""Player_286"", ""fee"": 3060399.85, ""type"": ""Out""}, {""year"": 2020, ""player"": ""Player_816"", ""fee"": 510308.88, ""type"": ""In""}, {""year"": 2021, ""player"": ""Player_186"", ""fee"": 534958.6, ""type"": ""In""}, {""year"": 2024, ""player"": ""Player_335"", ""fee"": 1017910.99, ""type"": ""In""}], ""total_spend"": 7470701.96, ""total_income"": 4777291.08}",754889.7093433944,3 years,True,Experienced players,South American prospects,9.88,"{""kit_sponsor"": ""Mizuno"", ""main_sponsor"": ""Coca-Cola"", ""value"": ""532332 TND"", ""duration"": ""2 years""}","{""facebook"": ""facebook.com/club_1386"", ""twitter"": ""twitter.com/club_3473"", ""instagram"": ""instagram.com/club_6361""}"
C-317,690,MC Oran,Algeria,Ligue Professionnelle 2,Stade 5 Juillet 1962,'3-3-3-1',West African Power,259439000.0,103775600.0,"{""last_5_transfers"": [{""year"": 2019, ""player"": ""Player_670"", ""fee"": 1859659.11, ""type"": ""Out""}, {""year"": 2022, ""player"": ""Player_810"", ""fee"": 2625317.48, ""type"": ""Out""}, {""year"": 2020, ""player"": ""Player_331"", ""fee"": 2261765.26, ""type"": ""Out""}, {""year"": 2020, ""player"": ""Player_752"", ""fee"": 3446182.62, ""type"": ""Out""}, {""year"": 2024, ""player"": ""Player_706"", ""fee"": 185958.96, ""type"": ""In""}], ""total_spend"": 2157034.11, ""total_income"": 5882609.24}",471855.8709105856,2 years,False,Proven professionals,Established professionals,5.35,"{""kit_sponsor"": ""Adidas"", ""main_sponsor"": ""Soci\u00e9t\u00e9 G\u00e9n\u00e9rale"", ""value"": ""997243 TND"", ""duration"": ""5 years""}","{""facebook"": ""facebook.com/club_3804"", ""twitter"": ""twitter.com/club_3146"", ""instagram"": ""instagram.com/club_3310""}"
C-318,1017,MCO Oujda,Morocco,Botola 2,Stade Mohammed V,'4-2-2-2',Technical Dribbling,14078000.0,5631200.0,"{""last_5_transfers"": [{""year"": 2020, ""player"": ""Player_930"", ""fee"": 2820489.11, ""type"": ""Out""}, {""year"": 2021, ""player"": ""Player_14"", ""fee"": 3669999.63, ""type"": ""Out""}, {""year"": 2023, ""player"": ""Player_899"", ""fee"": 1509975.33, ""type"": ""Out""}, {""year"": 2020, ""player"": ""Player_658"", ""fee"": 1312167.91, ""type"": ""In""}, {""year"": 2024, ""player"": ""Player_67"", ""fee"": 3981672.3, ""type"": ""Out""}], ""total_spend"": 1035429.79, ""total_income"": 2757172.78}",841167.9389924433,3 years,True,Experienced players,Established professionals,9.23,"{""kit_sponsor"": ""Kappa"", ""main_sponsor"": ""BMW"", ""value"": ""382748 TND"", ""duration"": ""2 years""}","{""facebook"": ""facebook.com/club_6576"", ""twitter"": ""twitter.com/club_9548"", ""instagram"": ""instagram.com/club_2266""}"
C-319,879,Medeama SC,Ghana,Division One League,Baba Yara Stadium,'3-5-1-1',West African Power,6691000.0,2676400.0,"{""last_5_transfers"": [{""year"": 2021, ""player"": ""Player_66"", ""fee"": 2718423.01, ""type"": ""Out""}, {""year"": 2020, ""player"": ""Player_169"", ""fee"": 2419766.33, ""type"": ""In""}, {""year"": 2020, ""player"": ""Player_275"", ""fee"": 2856711.99, ""type"": ""Out""}, {""year"": 2020, ""player"": ""Player_633"", ""fee"": 3686850.09, ""type"": ""In""}, {""year"": 2020, ""player"": ""Player_663"", ""fee"": 2337305.47, ""type"": ""In""}], ""total_spend"": 9772327.07, ""total_income"": 1911123.57}",221553.89982191104,4 years,False,Experienced players,Local academy,3.83,"{""kit_sponsor"": ""Under Armour"", ""main_sponsor"": ""Magasin G\u00e9n\u00e9ral"", ""value"": ""880817 TND"", ""duration"": ""5 years""}","{""facebook"": ""facebook.com/club_5331"", ""twitter"": ""twitter.com/club_8059"", ""instagram"": ""instagram.com/club_7356""}"
C-320,2364,Merikh Kosti,Sudan,Sudan Premier League,Al Merreikh Stadium,'5-3-2',Defensive Structure,2785234000.0,1114093600.0,"{""last_5_transfers"": [{""year"": 2022, ""player"": ""Player_105"", ""fee"": 2103646.63, ""type"": ""Out""}, {""year"": 2021, ""player"": ""Player_460"", ""fee"": 934202.56, ""type"": ""In""}, {""year"": 2023, ""player"": ""Player_838"", ""fee"": 2139267.95, ""type"": ""Out""}, {""year"": 2020, ""player"": ""Player_359"", ""fee"": 3824050.95, ""type"": ""Out""}, {""year"": 2024, ""player"": ""Player_532"", ""fee"": 1494655.58, ""type"": ""In""}], ""total_spend"": 5392928.1, ""total_income"": 1402546.25}",289339.8819760572,4 years,True,Proven professionals,South American prospects,0.19,"{""kit_sponsor"": ""Nike"", ""main_sponsor"": ""Orange"", ""value"": ""457766 TND"", ""duration"": ""4 years""}","{""facebook"": ""facebook.com/club_9660"", ""twitter"": ""twitter.com/club_8853"", ""instagram"": ""instagram.com/club_2179""}"
C-321,1425,Merreikh El-Fasher,Sudan,Sudan Premier League,Al Merreikh Stadium,'4-4-1-1',Physical Power Play,390542000.0,156216800.0,"{""last_5_transfers"": [{""year"": 2019, ""player"": ""Player_36"", ""fee"": 2762048.14, ""type"": ""Out""}, {""year"": 2021, ""player"": ""Player_140"", ""fee"": 2091586.97, ""type"": ""In""}, {""year"": 2021, ""player"": ""Player_639"", ""fee"": 1210776.42, ""type"": ""Out""}, {""year"": 2024, ""player"": ""Player_455"", ""fee"": 556592.5, ""type"": ""Out""}, {""year"": 2019, ""player"": ""Player_361"", ""fee"": 855199.3, ""type"": ""In""}], ""total_spend"": 2438654.6, ""total_income"": 7849963.86}",853134.9107092953,4 years,False,Academy graduates,Under-23 talents,7.35,"{""kit_sponsor"": ""Puma"", ""main_sponsor"": ""Puma"", ""value"": ""657281 TND"", ""duration"": ""4 years""}","{""facebook"": ""facebook.com/club_9131"", ""twitter"": ""twitter.com/club_9896"", ""instagram"": ""instagram.com/club_9304""}"
C-322,2062,Merreikh Nyala,Sudan,Sudan Premier League,Al Merreikh Stadium,'3-4-2-1',Low Block Counter,1059269000.0,423707600.0,"{""last_5_transfers"": [{""year"": 2019, ""player"": ""Player_939"", ""fee"": 2338286.18, ""type"": ""Out""}, {""year"": 2022, ""player"": ""Player_658"", ""fee"": 2606480.31, ""type"": ""In""}, {""year"": 2022, ""player"": ""Player_894"", ""fee"": 2909754.12, ""type"": ""Out""}, {""year"": 2020, ""player"": ""Player_169"", ""fee"": 3871856.7, ""type"": ""Out""}, {""year"": 2021, ""player"": ""Player_653"", ""fee"": 4654297.29, ""type"": ""Out""}], ""total_spend"": 5330359.9, ""total_income"": 874506.46}",486127.8598863643,4 years,True,Experienced players,Established professionals,4.58,"{""kit_sponsor"": ""Under Armour"", ""main_sponsor"": ""BMW"", ""value"": ""640817 TND"", ""duration"": ""1 years""}","{""facebook"": ""facebook.com/club_4830"", ""twitter"": ""twitter.com/club_9390"", ""instagram"": ""instagram.com/club_4739""}"
C-323,1306,MFM FC,Nigeria,Nigeria National League,Moshood Abiola National Stadium,'4-1-4-1',Attacking Overload,743222000.0,297288800.0,"{""last_5_transfers"": [{""year"": 2022, ""player"": ""Player_315"", ""fee"": 3961450.31, ""type"": ""In""}, {""year"": 2019, ""player"": ""Player_486"", ""fee"": 3508431.03, ""type"": ""Out""}, {""year"": 2019, ""player"": ""Player_961"", ""fee"": 2506010.36, ""type"": ""Out""}, {""year"": 2023, ""player"": ""Player_988"", ""fee"": 3899599.83, ""type"": ""In""}, {""year"": 2020, ""player"": ""Player_847"", ""fee"": 445044.9, ""type"": ""In""}], ""total_spend"": 4418563.7, ""total_income"": 3900397.14}",435591.8934700472,3 years,False,Young prospects,European market,1.37,"{""kit_sponsor"": ""New Balance"", ""main_sponsor"": ""BMW"", ""value"": ""574319 TND"", ""duration"": ""4 years""}","{""facebook"": ""facebook.com/club_9675"", ""twitter"": ""twitter.com/club_5766"", ""instagram"": ""instagram.com/club_4568""}"
C-324,2091,Mighty Jets,Ghana,Division One League,Baba Yara Stadium,'5-3-2',High Press,54523000.0,21809200.0,"{""last_5_transfers"": [{""year"": 2023, ""player"": ""Player_27"", ""fee"": 4872412.59, ""type"": ""Out""}, {""year"": 2019, ""player"": ""Player_149"", ""fee"": 2056401.38, ""type"": ""In""}, {""year"": 2023, ""player"": ""Player_155"", ""fee"": 2811620.97, ""type"": ""In""}, {""year"": 2023, ""player"": ""Player_973"", ""fee"": 4028351.35, ""type"": ""In""}, {""year"": 2019, ""player"": ""Player_426"", ""fee"": 2299250.68, ""type"": ""Out""}], ""total_spend"": 2295389.64, ""total_income"": 4077545.72}",892588.7477607939,3 years,True,Young prospects,Local academy,5.9,"{""kit_sponsor"": ""Nike"", ""main_sponsor"": ""D\u00e9lice"", ""value"": ""421941 TND"", ""duration"": ""1 years""}","{""facebook"": ""facebook.com/club_5427"", ""twitter"": ""twitter.com/club_3760"", ""instagram"": ""instagram.com/club_3907""}"
C-325,1574,Misr El Makasa,Egypt,Egyptian Second Division,Cairo International Stadium,'3-6-1',Tiki-Taka Adaptation,51610000.0,20644000.0,"{""last_5_transfers"": [{""year"": 2022, ""player"": ""Player_27"", ""fee"": 2522610.61, ""type"": ""Out""}, {""year"": 2022, ""player"": ""Player_692"", ""fee"": 1228835.5, ""type"": ""In""}, {""year"": 2024, ""player"": ""Player_532"", ""fee"": 309505.7, ""type"": ""In""}, {""year"": 2020, ""player"": ""Player_768"", ""fee"": 4729651.89, ""type"": ""Out""}, {""year"": 2019, ""player"": ""Player_830"", ""fee"": 3557346.87, ""type"": ""Out""}], ""total_spend"": 7751020.96, ""total_income"": 7033054.6}",404698.1112448578,2 years,True,Local talent,Young talents,0.29,"{""kit_sponsor"": ""Joma"", ""main_sponsor"": ""Turkish Airlines"", ""value"": ""755295 TND"", ""duration"": ""1 years""}","{""facebook"": ""facebook.com/club_3685"", ""twitter"": ""twitter.com/club_3442"", ""instagram"": ""instagram.com/club_1789""}"
C-326,1502,MO Bejaia,Algeria,Ligue Professionnelle 2,Stade 5 Juillet 1962,'5-3-2',Possession Control,490272000.0,196108800.0,"{""last_5_transfers"": [{""year"": 2024, ""player"": ""Player_965"", ""fee"": 663837.8, ""type"": ""In""}, {""year"": 2019, ""player"": ""Player_237"", ""fee"": 1913378.09, ""type"": ""Out""}, {""year"": 2021, ""player"": ""Player_356"", ""fee"": 4849189.25, ""type"": ""In""}, {""year"": 2023, ""player"": ""Player_615"", ""fee"": 890717.18, ""type"": ""In""}, {""year"": 2023, ""player"": ""Player_326"", ""fee"": 2798113.06, ""type"": ""In""}], ""total_spend"": 3207522.1, ""total_income"": 3603188.23}",885993.3773816456,4 years,False,Local talent,Young talents,8.74,"{""kit_sponsor"": ""Nike"", ""main_sponsor"": ""D\u00e9lice"", ""value"": ""653323 TND"", ""duration"": ""1 years""}","{""facebook"": ""facebook.com/club_1137"", ""twitter"": ""twitter.com/club_4312"", ""instagram"": ""instagram.com/club_9824""}"
C-327,1102,Moghreb Tetouan,Morocco,Botola 2,Stade Mohammed V,'4-5-1',Possession Control,46379000.0,18551600.0,"{""last_5_transfers"": [{""year"": 2024, ""player"": ""Player_18"", ""fee"": 3727121.62, ""type"": ""Out""}, {""year"": 2019, ""player"": ""Player_15"", ""fee"": 2721081.85, ""type"": ""In""}, {""year"": 2022, ""player"": ""Player_352"", ""fee"": 3296937.03, ""type"": ""Out""}, {""year"": 2022, ""player"": ""Player_434"", ""fee"": 3413789.82, ""type"": ""Out""}, {""year"": 2024, ""player"": ""Player_941"", ""fee"": 307542.07, ""type"": ""In""}], ""total_spend"": 2522921.81, ""total_income"": 7624925.11}",536342.4858900956,4 years,False,Young prospects,Under-23 talents,8.25,"{""kit_sponsor"": ""Macron"", ""main_sponsor"": ""Ooredoo"", ""value"": ""880162 TND"", ""duration"": ""5 years""}","{""facebook"": ""facebook.com/club_2983"", ""twitter"": ""twitter.com/club_7574"", ""instagram"": ""instagram.com/club_4501""}"
C-328,952,Monomatapa United,Zimbabwe,Zimbabwe Premier Soccer League,National Sports Stadium,'3-5-1-1',North African Technical,25037925000.0,10015170000.0,"{""last_5_transfers"": [{""year"": 2021, ""player"": ""Player_957"", ""fee"": 1422778.12, ""type"": ""In""}, {""year"": 2023, ""player"": ""Player_644"", ""fee"": 663007.21, ""type"": ""Out""}, {""year"": 2024, ""player"": ""Player_76"", ""fee"": 757488.57, ""type"": ""In""}, {""year"": 2021, ""player"": ""Player_367"", ""fee"": 2705705.82, ""type"": ""Out""}, {""year"": 2019, ""player"": ""Player_455"", ""fee"": 668949.47, ""type"": ""Out""}], ""total_spend"": 7254408.05, ""total_income"": 5191806.04}",720534.4167865702,3 years,True,Local talent,Under-23 talents,4.95,"{""kit_sponsor"": ""Local Brand"", ""main_sponsor"": ""TotalEnergies"", ""value"": ""655315 TND"", ""duration"": ""1 years""}","{""facebook"": ""facebook.com/club_1555"", ""twitter"": ""twitter.com/club_6542"", ""instagram"": ""instagram.com/club_9566""}"
C-329,2260,Moossou FC,Ivory Coast,Ligue 1,Stade Olympique Alassane Ouattara,'4-4-2',Possession Control,2935875000.0,1174350000.0,"{""last_5_transfers"": [{""year"": 2020, ""player"": ""Player_738"", ""fee"": 136055.02, ""type"": ""In""}, {""year"": 2023, ""player"": ""Player_366"", ""fee"": 1662250.59, ""type"": ""In""}, {""year"": 2020, ""player"": ""Player_576"", ""fee"": 3696857.1, ""type"": ""In""}, {""year"": 2023, ""player"": ""Player_804"", ""fee"": 4450251.78, ""type"": ""In""}, {""year"": 2024, ""player"": ""Player_518"", ""fee"": 1968565.11, ""type"": ""In""}], ""total_spend"": 6769389.32, ""total_income"": 1528380.78}",856115.8450876324,2 years,True,Academy graduates,Asian market,0.33,"{""kit_sponsor"": ""Kappa"", ""main_sponsor"": ""STB Bank"", ""value"": ""636135 TND"", ""duration"": ""3 years""}","{""facebook"": ""facebook.com/club_8401"", ""twitter"": ""twitter.com/club_5260"", ""instagram"": ""instagram.com/club_2828""}"
C-330,1338,Moroka Swallows,South Africa,Premier Soccer League,FNB Stadium,'4-4-1-1',North African Technical,81806000.0,32722400.0,"{""last_5_transfers"": [{""year"": 2020, ""player"": ""Player_230"", ""fee"": 4440486.46, ""type"": ""In""}, {""year"": 2021, ""player"": ""Player_959"", ""fee"": 196305.42, ""type"": ""In""}, {""year"": 2023, ""player"": ""Player_263"", ""fee"": 2187640.86, ""type"": ""Out""}, {""year"": 2024, ""player"": ""Player_103"", ""fee"": 3247386.42, ""type"": ""In""}, {""year"": 2019, ""player"": ""Player_146"", ""fee"": 207411.3, ""type"": ""Out""}], ""total_spend"": 1226352.63, ""total_income"": 5759580.78}",773117.404972799,4 years,False,Young prospects,Asian market,2.91,"{""kit_sponsor"": ""Macron"", ""main_sponsor"": ""LG Electronics"", ""value"": ""957314 TND"", ""duration"": ""2 years""}","{""facebook"": ""facebook.com/club_8041"", ""twitter"": ""twitter.com/club_9261"", ""instagram"": ""instagram.com/club_2699""}"
C-331,682,Motor Action,Zimbabwe,Zimbabwe Premier Soccer League,National Sports Stadium,'4-3-1-2',Physical Power Play,13938960000.0,5575584000.0,"{""last_5_transfers"": [{""year"": 2022, ""player"": ""Player_1000"", ""fee"": 688549.66, ""type"": ""Out""}, {""year"": 2022, ""player"": ""Player_90"", ""fee"": 127521.97, ""type"": ""Out""}, {""year"": 2019, ""player"": ""Player_784"", ""fee"": 4386827.06, ""type"": ""In""}, {""year"": 2022, ""player"": ""Player_847"", ""fee"": 3061091.62, ""type"": ""Out""}, {""year"": 2021, ""player"": ""Player_499"", ""fee"": 4489614.67, ""type"": ""Out""}], ""total_spend"": 2596424.99, ""total_income"": 3213380.5}",735409.9623086326,2 years,False,Experienced players,South American prospects,8.73,"{""kit_sponsor"": ""Mizuno"", ""main_sponsor"": ""Coca-Cola"", ""value"": ""411001 TND"", ""duration"": ""2 years""}","{""facebook"": ""facebook.com/club_5981"", ""twitter"": ""twitter.com/club_8773"", ""instagram"": ""instagram.com/club_3722""}"
C-332,2207,MSP Batna,Algeria,Ligue Professionnelle 2,Stade 5 Juillet 1962,'4-4-1-1',Attacking Overload,406807000.0,162722800.0,"{""last_5_transfers"": [{""year"": 2022, ""player"": ""Player_82"", ""fee"": 277396.57, ""type"": ""In""}, {""year"": 2021, ""player"": ""Player_997"", ""fee"": 2160977.2, ""type"": ""Out""}, {""year"": 2020, ""player"": ""Player_767"", ""fee"": 451032.39, ""type"": ""In""}, {""year"": 2021, ""player"": ""Player_779"", ""fee"": 209340.45, ""type"": ""Out""}, {""year"": 2024, ""player"": ""Player_706"", ""fee"": 3870449.88, ""type"": ""Out""}], ""total_spend"": 1310758.05, ""total_income"": 4864592.27}",880738.5138330259,2 years,True,Young prospects,Local academy,4.35,"{""kit_sponsor"": ""Umbro"", ""main_sponsor"": ""Magasin G\u00e9n\u00e9ral"", ""value"": ""655839 TND"", ""duration"": ""4 years""}","{""facebook"": ""facebook.com/club_9481"", ""twitter"": ""twitter.com/club_3717"", ""instagram"": ""instagram.com/club_9033""}"
C-333,1897,Mufulira Wanderers,Zambia,Zambian Premier League,National Heroes Stadium,'4-4-1-1',Southern African Mix,42636000.0,17054400.0,"{""last_5_transfers"": [{""year"": 2019, ""player"": ""Player_315"", ""fee"": 4955911.75, ""type"": ""Out""}, {""year"": 2019, ""player"": ""Player_626"", ""fee"": 2943265.45, ""type"": ""Out""}, {""year"": 2020, ""player"": ""Player_34"", ""fee"": 2470469.47, ""type"": ""In""}, {""year"": 2023, ""player"": ""Player_627"", ""fee"": 3338255.72, ""type"": ""Out""}, {""year"": 2019, ""player"": ""Player_423"", ""fee"": 2832860.62, ""type"": ""In""}], ""total_spend"": 3542830.08, ""total_income"": 5220649.56}",344008.15598897205,3 years,False,International players,Asian market,6.46,"{""kit_sponsor"": ""Puma"", ""main_sponsor"": ""TotalEnergies"", ""value"": ""567736 TND"", ""duration"": ""5 years""}","{""facebook"": ""facebook.com/club_3861"", ""twitter"": ""twitter.com/club_3815"", ""instagram"": ""instagram.com/club_4414""}"
C-334,2049,NA Hussein Dey,Algeria,Ligue Professionnelle 2,Stade 5 Juillet 1962,'3-4-2-1',North African Technical,187833000.0,75133200.0,"{""last_5_transfers"": [{""year"": 2022, ""player"": ""Player_738"", ""fee"": 3870434.94, ""type"": ""In""}, {""year"": 2019, ""player"": ""Player_653"", ""fee"": 3981271.46, ""type"": ""Out""}, {""year"": 2021, ""player"": ""Player_528"", ""fee"": 4869223.34, ""type"": ""Out""}, {""year"": 2019, ""player"": ""Player_111"", ""fee"": 1632245.12, ""type"": ""In""}, {""year"": 2021, ""player"": ""Player_883"", ""fee"": 3005796.75, ""type"": ""Out""}], ""total_spend"": 6963260.82, ""total_income"": 3666433.28}",792926.6608011166,2 years,True,Local talent,Asian market,0.09,"{""kit_sponsor"": ""Hummel"", ""main_sponsor"": ""Puma"", ""value"": ""958268 TND"", ""duration"": ""5 years""}","{""facebook"": ""facebook.com/club_5997"", ""twitter"": ""twitter.com/club_4434"", ""instagram"": ""instagram.com/club_8893""}"
C-335,2402,Nacional de Benguela,Angola,Segunda Divisao,Estadio 11 de Novembro,'3-5-2',High Press,3707836000.0,1483134400.0,"{""last_5_transfers"": [{""year"": 2021, ""player"": ""Player_207"", ""fee"": 1031587.68, ""type"": ""In""}, {""year"": 2023, ""player"": ""Player_457"", ""fee"": 2543941.23, ""type"": ""Out""}, {""year"": 2020, ""player"": ""Player_247"", ""fee"": 1009259.52, ""type"": ""In""}, {""year"": 2024, ""player"": ""Player_315"", ""fee"": 1779590.39, ""type"": ""Out""}, {""year"": 2023, ""player"": ""Player_354"", ""fee"": 733213.56, ""type"": ""In""}], ""total_spend"": 4112740.83, ""total_income"": 3602196.45}",467248.7031906069,3 years,True,Young prospects,Established professionals,0.69,"{""kit_sponsor"": ""New Balance"", ""main_sponsor"": ""Vitalait"", ""value"": ""381338 TND"", ""duration"": ""2 years""}","{""facebook"": ""facebook.com/club_4793"", ""twitter"": ""twitter.com/club_1376"", ""instagram"": ""instagram.com/club_7443""}"
C-336,2496,Nakambala Leopards,Zambia,Zambian Premier League,National Heroes Stadium,'4-4-1-1',Direct Play,78076000.0,31230400.0,"{""last_5_transfers"": [{""year"": 2020, ""player"": ""Player_325"", ""fee"": 1473574.98, ""type"": ""Out""}, {""year"": 2021, ""player"": ""Player_359"", ""fee"": 1706456.63, ""type"": ""Out""}, {""year"": 2021, ""player"": ""Player_678"", ""fee"": 3392399.87, ""type"": ""Out""}, {""year"": 2019, ""player"": ""Player_873"", ""fee"": 768392.58, ""type"": ""Out""}, {""year"": 2019, ""player"": ""Player_34"", ""fee"": 774362.86, ""type"": ""Out""}], ""total_spend"": 1355877.43, ""total_income"": 7756051.47}",850113.4711684071,4 years,True,Young prospects,Established professionals,4.4,"{""kit_sponsor"": ""Under Armour"", ""main_sponsor"": ""Huawei"", ""value"": ""694793 TND"", ""duration"": ""5 years""}","{""facebook"": ""facebook.com/club_4673"", ""twitter"": ""twitter.com/club_7987"", ""instagram"": ""instagram.com/club_3917""}"
C-337,2368,NAPSA Stars FC,Zambia,Zambian Premier League,National Heroes Stadium,'4-1-4-1',Low Block Counter,87744000.0,35097600.0,"{""last_5_transfers"": [{""year"": 2021, ""player"": ""Player_390"", ""fee"": 2479147.54, ""type"": ""Out""}, {""year"": 2024, ""player"": ""Player_552"", ""fee"": 3660716.02, ""type"": ""In""}, {""year"": 2023, ""player"": ""Player_570"", ""fee"": 3922221.05, ""type"": ""Out""}, {""year"": 2020, ""player"": ""Player_457"", ""fee"": 1322114.64, ""type"": ""In""}, {""year"": 2023, ""player"": ""Player_952"", ""fee"": 2408563.05, ""type"": ""In""}], ""total_spend"": 9608665.86, ""total_income"": 7462947.59}",534460.195641518,3 years,False,Proven professionals,Under-23 talents,4.33,"{""kit_sponsor"": ""Macron"", ""main_sponsor"": ""Al Baraka Bank"", ""value"": ""509415 TND"", ""duration"": ""5 years""}","{""facebook"": ""facebook.com/club_8444"", ""twitter"": ""twitter.com/club_7060"", ""instagram"": ""instagram.com/club_3666""}"
C-338,815,Nasarawa United,Nigeria,Nigeria National League,Moshood Abiola National Stadium,'4-3-1-2',Southern African Mix,1173409000.0,469363600.0,"{""last_5_transfers"": [{""year"": 2023, ""player"": ""Player_806"", ""fee"": 3834076.28, ""type"": ""Out""}, {""year"": 2022, ""player"": ""Player_534"", ""fee"": 4251842.41, ""type"": ""In""}, {""year"": 2019, ""player"": ""Player_425"", ""fee"": 2057971.4, ""type"": ""In""}, {""year"": 2024, ""player"": ""Player_161"", ""fee"": 3583430.12, ""type"": ""In""}, {""year"": 2019, ""player"": ""Player_463"", ""fee"": 2886689.41, ""type"": ""In""}], ""total_spend"": 4847207.46, ""total_income"": 908982.13}",507429.4353090109,2 years,False,Experienced players,European market,7.8,"{""kit_sponsor"": ""New Balance"", ""main_sponsor"": ""Pepsi"", ""value"": ""675180 TND"", ""duration"": ""4 years""}","{""facebook"": ""facebook.com/club_4948"", ""twitter"": ""twitter.com/club_6843"", ""instagram"": ""instagram.com/club_6346""}"
C-339,2698,National Assembly,Zambia,Zambian Premier League,National Heroes Stadium,'5-3-2',Attacking Overload,46674000.0,18669600.0,"{""last_5_transfers"": [{""year"": 2024, ""player"": ""Player_301"", ""fee"": 319273.05, ""type"": ""Out""}, {""year"": 2024, ""player"": ""Player_234"", ""fee"": 3334710.92, ""type"": ""Out""}, {""year"": 2023, ""player"": ""Player_882"", ""fee"": 2658070.13, ""type"": ""Out""}, {""year"": 2021, ""player"": ""Player_124"", ""fee"": 1463249.75, ""type"": ""In""}, {""year"": 2020, ""player"": ""Player_59"", ""fee"": 3590466.64, ""type"": ""In""}], ""total_spend"": 8048721.25, ""total_income"": 4317167.37}",876087.7800698751,4 years,True,Academy graduates,Asian market,6.96,"{""kit_sponsor"": ""Joma"", ""main_sponsor"": ""D\u00e9lice"", ""value"": ""556235 TND"", ""duration"": ""5 years""}","{""facebook"": ""facebook.com/club_3238"", ""twitter"": ""twitter.com/club_6713"", ""instagram"": ""instagram.com/club_2177""}"
C-340,994,National Bank,Egypt,Egyptian Premier League,Cairo International Stadium,'4-5-1',Southern African Mix,74331000.0,29732400.0,"{""last_5_transfers"": [{""year"": 2022, ""player"": ""Player_777"", ""fee"": 1496793.0, ""type"": ""Out""}, {""year"": 2021, ""player"": ""Player_650"", ""fee"": 891185.07, ""type"": ""Out""}, {""year"": 2021, ""player"": ""Player_624"", ""fee"": 1348331.7, ""type"": ""In""}, {""year"": 2019, ""player"": ""Player_722"", ""fee"": 4761996.85, ""type"": ""Out""}, {""year"": 2022, ""player"": ""Player_87"", ""fee"": 4102538.03, ""type"": ""Out""}], ""total_spend"": 2421621.66, ""total_income"": 1826000.97}",540304.8252911876,4 years,True,Proven professionals,Local academy,7.6,"{""kit_sponsor"": ""Nike"", ""main_sponsor"": ""LG Electronics"", ""value"": ""223780 TND"", ""duration"": ""4 years""}","{""facebook"": ""facebook.com/club_5661"", ""twitter"": ""twitter.com/club_9692"", ""instagram"": ""instagram.com/club_6265""}"
C-341,1138,NC Magra,Algeria,Ligue Professionnelle 1,Stade 5 Juillet 1962,'4-4-1-1',East African Speed,575729000.0,230291600.0,"{""last_5_transfers"": [{""year"": 2021, ""player"": ""Player_951"", ""fee"": 884636.32, ""type"": ""In""}, {""year"": 2020, ""player"": ""Player_272"", ""fee"": 196587.84, ""type"": ""Out""}, {""year"": 2019, ""player"": ""Player_185"", ""fee"": 1649002.56, ""type"": ""Out""}, {""year"": 2023, ""player"": ""Player_661"", ""fee"": 4403778.23, ""type"": ""In""}, {""year"": 2021, ""player"": ""Player_147"", ""fee"": 556789.11, ""type"": ""In""}], ""total_spend"": 6644561.62, ""total_income"": 3366754.68}",682453.5994724234,3 years,True,Experienced players,South American prospects,2.76,"{""kit_sponsor"": ""Adidas"", ""main_sponsor"": ""Turkish Airlines"", ""value"": ""710230 TND"", ""duration"": ""2 years""}","{""facebook"": ""facebook.com/club_5889"", ""twitter"": ""twitter.com/club_8742"", ""instagram"": ""instagram.com/club_2469""}"
C-342,1877,Nchanga Rangers,Zambia,Zambian Premier League,National Heroes Stadium,'4-2-2-2',Low Block Counter,52254000.0,20901600.0,"{""last_5_transfers"": [{""year"": 2024, ""player"": ""Player_94"", ""fee"": 2520059.92, ""type"": ""In""}, {""year"": 2022, ""player"": ""Player_787"", ""fee"": 3135990.25, ""type"": ""In""}, {""year"": 2019, ""player"": ""Player_29"", ""fee"": 1455902.53, ""type"": ""Out""}, {""year"": 2021, ""player"": ""Player_735"", ""fee"": 3014349.97, ""type"": ""In""}, {""year"": 2023, ""player"": ""Player_310"", ""fee"": 2250135.3, ""type"": ""In""}], ""total_spend"": 3042974.63, ""total_income"": 1767040.74}",599314.3544469012,3 years,False,Experienced players,Established professionals,1.66,"{""kit_sponsor"": ""Umbro"", ""main_sponsor"": ""Soci\u00e9t\u00e9 G\u00e9n\u00e9rale"", ""value"": ""850710 TND"", ""duration"": ""4 years""}","{""facebook"": ""facebook.com/club_6375"", ""twitter"": ""twitter.com/club_7421"", ""instagram"": ""instagram.com/club_1720""}"
C-343,2119,Nembe City FC,Nigeria,Nigeria National League,Moshood Abiola National Stadium,'3-5-2',Defensive Solidarity,2008714000.0,803485600.0,"{""last_5_transfers"": [{""year"": 2020, ""player"": ""Player_418"", ""fee"": 1369164.62, ""type"": ""Out""}, {""year"": 2021, ""player"": ""Player_408"", ""fee"": 3170846.75, ""type"": ""Out""}, {""year"": 2023, ""player"": ""Player_71"", ""fee"": 1732305.08, ""type"": ""Out""}, {""year"": 2020, ""player"": ""Player_698"", ""fee"": 4714501.74, ""type"": ""In""}, {""year"": 2023, ""player"": ""Player_13"", ""fee"": 1201400.6, ""type"": ""Out""}], ""total_spend"": 6854444.51, ""total_income"": 2626142.01}",727036.8910576241,4 years,False,Experienced players,Local academy,6.15,"{""kit_sponsor"": ""Le Coq Sportif"", ""main_sponsor"": ""LG Electronics"", ""value"": ""568123 TND"", ""duration"": ""3 years""}","{""facebook"": ""facebook.com/club_3420"", ""twitter"": ""twitter.com/club_1774"", ""instagram"": ""instagram.com/club_6420""}"
C-344,1409,New Edubiase FC,Ghana,Ghana Premier League,Baba Yara Stadium,'4-3-2-1',East African Speed,31714000.0,12685600.0,"{""last_5_transfers"": [{""year"": 2023, ""player"": ""Player_666"", ""fee"": 215046.21, ""type"": ""In""}, {""year"": 2021, ""player"": ""Player_171"", ""fee"": 1199288.44, ""type"": ""Out""}, {""year"": 2019, ""player"": ""Player_759"", ""fee"": 2267123.75, ""type"": ""Out""}, {""year"": 2024, ""player"": ""Player_530"", ""fee"": 3541460.61, ""type"": ""Out""}, {""year"": 2020, ""player"": ""Player_913"", ""fee"": 1387175.37, ""type"": ""In""}], ""total_spend"": 3165172.73, ""total_income"": 4346036.86}",361423.2487587204,2 years,False,Proven professionals,Under-23 talents,3.6,"{""kit_sponsor"": ""Puma"", ""main_sponsor"": ""Shell"", ""value"": ""937521 TND"", ""duration"": ""1 years""}","{""facebook"": ""facebook.com/club_8750"", ""twitter"": ""twitter.com/club_3957"", ""instagram"": ""instagram.com/club_6483""}"
C-345,1606,New Star de Douala,Cameroon,Elite One,Olembe Stadium,'4-2-2-2',High Press,2081795000.0,832718000.0,"{""last_5_transfers"": [{""year"": 2022, ""player"": ""Player_412"", ""fee"": 1238167.5, ""type"": ""In""}, {""year"": 2021, ""player"": ""Player_426"", ""fee"": 3663669.2, ""type"": ""Out""}, {""year"": 2024, ""player"": ""Player_289"", ""fee"": 2666069.01, ""type"": ""Out""}, {""year"": 2019, ""player"": ""Player_573"", ""fee"": 4994019.6, ""type"": ""Out""}, {""year"": 2019, ""player"": ""Player_411"", ""fee"": 2684687.22, ""type"": ""In""}], ""total_spend"": 8827674.8, ""total_income"": 2582625.15}",957978.4221841588,2 years,True,Proven professionals,South American prospects,0.56,"{""kit_sponsor"": ""Kappa"", ""main_sponsor"": ""Shell"", ""value"": ""416432 TND"", ""duration"": ""4 years""}","{""facebook"": ""facebook.com/club_4990"", ""twitter"": ""twitter.com/club_9862"", ""instagram"": ""instagram.com/club_5413""}"
C-346,1895,Ngezi Platinum FC,Zimbabwe,Zimbabwe Premier Soccer League,National Sports Stadium,'4-4-2',Southern African Mix,16230609000.0,6492243600.0,"{""last_5_transfers"": [{""year"": 2024, ""player"": ""Player_732"", ""fee"": 2635759.91, ""type"": ""Out""}, {""year"": 2023, ""player"": ""Player_871"", ""fee"": 113512.51, ""type"": ""Out""}, {""year"": 2024, ""player"": ""Player_539"", ""fee"": 1101714.97, ""type"": ""In""}, {""year"": 2019, ""player"": ""Player_585"", ""fee"": 113163.1, ""type"": ""Out""}, {""year"": 2020, ""player"": ""Player_890"", ""fee"": 998113.02, ""type"": ""Out""}], ""total_spend"": 1007070.57, ""total_income"": 859194.67}",966049.1711182216,2 years,False,International players,South American prospects,9.65,"{""kit_sponsor"": ""New Balance"", ""main_sponsor"": ""LG Electronics"", ""value"": ""248301 TND"", ""duration"": ""4 years""}","{""facebook"": ""facebook.com/club_3357"", ""twitter"": ""twitter.com/club_5274"", ""instagram"": ""instagram.com/club_2780""}"
C-347,1938,NIGELEC,Niger,Niger Premier League,Stade General Seyni Kountche,'3-5-2',High-Energy Pressing,2926394000.0,1170557600.0,"{""last_5_transfers"": [{""year"": 2022, ""player"": ""Player_906"", ""fee"": 1230755.14, ""type"": ""In""}, {""year"": 2024, ""player"": ""Player_325"", ""fee"": 440274.46, ""type"": ""In""}, {""year"": 2022, ""player"": ""Player_997"", ""fee"": 139631.29, ""type"": ""Out""}, {""year"": 2020, ""player"": ""Player_94"", ""fee"": 865143.33, ""type"": ""Out""}, {""year"": 2020, ""player"": ""Player_140"", ""fee"": 2235220.01, ""type"": ""In""}], ""total_spend"": 5378827.96, ""total_income"": 860707.89}",110910.68165714096,3 years,False,Proven professionals,Young talents,7.72,"{""kit_sponsor"": ""New Balance"", ""main_sponsor"": ""Nike"", ""value"": ""761842 TND"", ""duration"": ""1 years""}","{""facebook"": ""facebook.com/club_2005"", ""twitter"": ""twitter.com/club_3432"", ""instagram"": ""instagram.com/club_2872""}"
C-348,1155,Niger Tornadoes,Nigeria,Nigeria Professional Football League,Moshood Abiola National Stadium,'5-4-1',Physical Power Play,2245962000.0,898384800.0,"{""last_5_transfers"": [{""year"": 2023, ""player"": ""Player_636"", ""fee"": 366954.07, ""type"": ""Out""}, {""year"": 2024, ""player"": ""Player_414"", ""fee"": 4419781.98, ""type"": ""In""}, {""year"": 2022, ""player"": ""Player_7"", ""fee"": 2800642.63, ""type"": ""Out""}, {""year"": 2023, ""player"": ""Player_830"", ""fee"": 3680510.25, ""type"": ""In""}, {""year"": 2021, ""player"": ""Player_102"", ""fee"": 306224.41, ""type"": ""In""}], ""total_spend"": 9935165.79, ""total_income"": 6767039.72}",469294.9596535058,2 years,False,Proven professionals,Young talents,6.1,"{""kit_sponsor"": ""Puma"", ""main_sponsor"": ""Shell"", ""value"": ""463430 TND"", ""duration"": ""5 years""}","{""facebook"": ""facebook.com/club_6819"", ""twitter"": ""twitter.com/club_1315"", ""instagram"": ""instagram.com/club_2319""}"
C-349,1782,Njala Quan,Cameroon,Elite One,Olembe Stadium,'4-2-3-1',Wing Play,984889000.0,393955600.0,"{""last_5_transfers"": [{""year"": 2023, ""player"": ""Player_916"", ""fee"": 3745734.43, ""type"": ""In""}, {""year"": 2021, ""player"": ""Player_114"", ""fee"": 3575628.86, ""type"": ""Out""}, {""year"": 2021, ""player"": ""Player_181"", ""fee"": 1704346.12, ""type"": ""In""}, {""year"": 2019, ""player"": ""Player_299"", ""fee"": 4202859.09, ""type"": ""In""}, {""year"": 2023, ""player"": ""Player_520"", ""fee"": 2894444.55, ""type"": ""Out""}], ""total_spend"": 8176013.83, ""total_income"": 5792709.94}",978740.2799723552,3 years,True,Experienced players,Under-23 talents,4.04,"{""kit_sponsor"": ""Macron"", ""main_sponsor"": ""D\u00e9lice"", ""value"": ""979321 TND"", ""duration"": ""5 years""}","{""facebook"": ""facebook.com/club_3429"", ""twitter"": ""twitter.com/club_8380"", ""instagram"": ""instagram.com/club_5131""}"
C-350,1966,Njube Sundowns,Zimbabwe,Zimbabwe Premier Soccer League,National Sports Stadium,'5-3-2',High Press,24051328000.0,9620531200.0,"{""last_5_transfers"": [{""year"": 2023, ""player"": ""Player_417"", ""fee"": 1509650.92, ""type"": ""Out""}, {""year"": 2022, ""player"": ""Player_928"", ""fee"": 2339869.76, ""type"": ""Out""}, {""year"": 2023, ""player"": ""Player_693"", ""fee"": 584206.25, ""type"": ""Out""}, {""year"": 2020, ""player"": ""Player_176"", ""fee"": 797154.86, ""type"": ""Out""}, {""year"": 2019, ""player"": ""Player_273"", ""fee"": 4561165.64, ""type"": ""Out""}], ""total_spend"": 1917870.95, ""total_income"": 4536751.94}",485429.4738193557,2 years,True,Young prospects,South American prospects,7.27,"{""kit_sponsor"": ""Nike"", ""main_sponsor"": ""Shell"", ""value"": ""391267 TND"", ""duration"": ""3 years""}","{""facebook"": ""facebook.com/club_4576"", ""twitter"": ""twitter.com/club_3922"", ""instagram"": ""instagram.com/club_5024""}"
C-351,1586,Nkana FC,Zambia,Zambian Premier League,National Heroes Stadium,'4-5-1',North African Technical,69001000.0,27600400.0,"{""last_5_transfers"": [{""year"": 2024, ""player"": ""Player_529"", ""fee"": 927007.71, ""type"": ""Out""}, {""year"": 2019, ""player"": ""Player_384"", ""fee"": 3770564.43, ""type"": ""Out""}, {""year"": 2023, ""player"": ""Player_701"", ""fee"": 1473104.21, ""type"": ""Out""}, {""year"": 2021, ""player"": ""Player_516"", ""fee"": 4670226.65, ""type"": ""In""}, {""year"": 2024, ""player"": ""Player_214"", ""fee"": 3754734.36, ""type"": ""Out""}], ""total_spend"": 3982989.03, ""total_income"": 4803958.24}",526688.4533692286,4 years,False,Experienced players,African talents,0.39,"{""kit_sponsor"": ""New Balance"", ""main_sponsor"": ""STB Bank"", ""value"": ""707882 TND"", ""duration"": ""4 years""}","{""facebook"": ""facebook.com/club_7583"", ""twitter"": ""twitter.com/club_1687"", ""instagram"": ""instagram.com/club_8449""}"
C-352,2077,Nkwazi,Zambia,Zambian Premier League,National Heroes Stadium,'3-5-1-1',Southern African Mix,84708000.0,33883200.0,"{""last_5_transfers"": [{""year"": 2020, ""player"": ""Player_584"", ""fee"": 3567945.33, ""type"": ""In""}, {""year"": 2019, ""player"": ""Player_663"", ""fee"": 366276.96, ""type"": ""In""}, {""year"": 2021, ""player"": ""Player_72"", ""fee"": 1249358.87, ""type"": ""In""}, {""year"": 2020, ""player"": ""Player_915"", ""fee"": 2275397.76, ""type"": ""Out""}, {""year"": 2021, ""player"": ""Player_273"", ""fee"": 732048.15, ""type"": ""Out""}], ""total_spend"": 1087008.4, ""total_income"": 5314390.18}",252129.45960880784,2 years,False,Young prospects,Established professionals,1.0,"{""kit_sponsor"": ""Puma"", ""main_sponsor"": ""TotalEnergies"", ""value"": ""115522 TND"", ""duration"": ""1 years""}","{""facebook"": ""facebook.com/club_4257"", ""twitter"": ""twitter.com/club_7162"", ""instagram"": ""instagram.com/club_1355""}"
C-353,1851,Nogoom FC,Egypt,Egyptian Second Division,Cairo International Stadium,'5-4-1',Possession-based,41955000.0,16782000.0,"{""last_5_transfers"": [{""year"": 2019, ""player"": ""Player_883"", ""fee"": 1777375.9, ""type"": ""In""}, {""year"": 2022, ""player"": ""Player_574"", ""fee"": 1713877.72, ""type"": ""Out""}, {""year"": 2021, ""player"": ""Player_767"", ""fee"": 3789471.95, ""type"": ""Out""}, {""year"": 2019, ""player"": ""Player_519"", ""fee"": 3790702.56, ""type"": ""In""}, {""year"": 2019, ""player"": ""Player_227"", ""fee"": 100897.08, ""type"": ""In""}], ""total_spend"": 8802814.47, ""total_income"": 1061603.83}",453950.8949148446,4 years,True,Proven professionals,Asian market,1.55,"{""kit_sponsor"": ""Kappa"", ""main_sponsor"": ""Orange"", ""value"": ""822912 TND"", ""duration"": ""2 years""}","{""facebook"": ""facebook.com/club_4747"", ""twitter"": ""twitter.com/club_4731"", ""instagram"": ""instagram.com/club_7254""}"
C-354,1700,Ocean Boys FC,Nigeria,Nigeria National League,Moshood Abiola National Stadium,'4-2-4',Defensive Solidarity,949005000.0,379602000.0,"{""last_5_transfers"": [{""year"": 2021, ""player"": ""Player_346"", ""fee"": 2159315.17, ""type"": ""In""}, {""year"": 2023, ""player"": ""Player_144"", ""fee"": 898706.33, ""type"": ""Out""}, {""year"": 2021, ""player"": ""Player_502"", ""fee"": 1239211.3, ""type"": ""Out""}, {""year"": 2019, ""player"": ""Player_111"", ""fee"": 216697.43, ""type"": ""In""}, {""year"": 2021, ""player"": ""Player_190"", ""fee"": 4882369.26, ""type"": ""In""}], ""total_spend"": 9779455.55, ""total_income"": 5915683.34}",335196.35832886014,4 years,True,Academy graduates,European market,3.52,"{""kit_sponsor"": ""Macron"", ""main_sponsor"": ""LG Electronics"", ""value"": ""460336 TND"", ""duration"": ""1 years""}","{""facebook"": ""facebook.com/club_1443"", ""twitter"": ""twitter.com/club_8031"", ""instagram"": ""instagram.com/club_7198""}"
C-355,1157,OCK Khouribga,Morocco,Botola Pro,Stade Mohammed V,'4-5-1',East African Speed,39097000.0,15638800.0,"{""last_5_transfers"": [{""year"": 2021, ""player"": ""Player_970"", ""fee"": 2363318.49, ""type"": ""In""}, {""year"": 2022, ""player"": ""Player_805"", ""fee"": 1577506.45, ""type"": ""In""}, {""year"": 2023, ""player"": ""Player_557"", ""fee"": 2310911.59, ""type"": ""In""}, {""year"": 2019, ""player"": ""Player_553"", ""fee"": 623185.35, ""type"": ""Out""}, {""year"": 2024, ""player"": ""Player_555"", ""fee"": 1223603.76, ""type"": ""In""}], ""total_spend"": 3662035.77, ""total_income"": 4168440.43}",322657.3070331534,2 years,False,Proven professionals,Local academy,2.08,"{""kit_sponsor"": ""Le Coq Sportif"", ""main_sponsor"": ""Samsung"", ""value"": ""580814 TND"", ""duration"": ""1 years""}","{""facebook"": ""facebook.com/club_4133"", ""twitter"": ""twitter.com/club_8248"", ""instagram"": ""instagram.com/club_7951""}"
C-356,2471,Office Niger Sports,Mali,Malian Premiere Division,Stade 26 Mars,'4-4-2',Physical Power Play,2474157000.0,989662800.0,"{""last_5_transfers"": [{""year"": 2022, ""player"": ""Player_878"", ""fee"": 3818735.89, ""type"": ""Out""}, {""year"": 2021, ""player"": ""Player_971"", ""fee"": 3765428.44, ""type"": ""Out""}, {""year"": 2023, ""player"": ""Player_589"", ""fee"": 3106447.66, ""type"": ""Out""}, {""year"": 2021, ""player"": ""Player_278"", ""fee"": 1185431.49, ""type"": ""Out""}, {""year"": 2024, ""player"": ""Player_750"", ""fee"": 2916491.22, ""type"": ""Out""}], ""total_spend"": 2799308.78, ""total_income"": 6716375.99}",610387.7058326185,3 years,True,Proven professionals,Under-23 talents,4.36,"{""kit_sponsor"": ""Joma"", ""main_sponsor"": ""BMW"", ""value"": ""950894 TND"", ""duration"": ""4 years""}","{""facebook"": ""facebook.com/club_2761"", ""twitter"": ""twitter.com/club_3621"", ""instagram"": ""instagram.com/club_1574""}"
C-357,1750,OFTA FC,Cameroon,Elite Two,Olembe Stadium,'4-4-2',Wing Play,2427239000.0,970895600.0,"{""last_5_transfers"": [{""year"": 2019, ""player"": ""Player_160"", ""fee"": 1436237.68, ""type"": ""In""}, {""year"": 2022, ""player"": ""Player_168"", ""fee"": 1680885.6, ""type"": ""In""}, {""year"": 2023, ""player"": ""Player_171"", ""fee"": 4061540.74, ""type"": ""In""}, {""year"": 2019, ""player"": ""Player_870"", ""fee"": 1009191.14, ""type"": ""Out""}, {""year"": 2022, ""player"": ""Player_765"", ""fee"": 4145815.56, ""type"": ""Out""}], ""total_spend"": 1841566.0, ""total_income"": 4918937.84}",521998.9097902233,4 years,True,Experienced players,Established professionals,1.25,"{""kit_sponsor"": ""Under Armour"", ""main_sponsor"": ""Vitalait"", ""value"": ""761953 TND"", ""duration"": ""5 years""}","{""facebook"": ""facebook.com/club_2514"", ""twitter"": ""twitter.com/club_6614"", ""instagram"": ""instagram.com/club_7257""}"
C-358,1161,Olympic Club de Safi,Morocco,Botola Pro,Stade Mohammed V,'4-2-3-1',Attacking Overload,39492000.0,15796800.0,"{""last_5_transfers"": [{""year"": 2020, ""player"": ""Player_112"", ""fee"": 1423908.36, ""type"": ""Out""}, {""year"": 2024, ""player"": ""Player_828"", ""fee"": 2660982.91, ""type"": ""Out""}, {""year"": 2020, ""player"": ""Player_296"", ""fee"": 757789.41, ""type"": ""In""}, {""year"": 2022, ""player"": ""Player_590"", ""fee"": 3694032.76, ""type"": ""In""}, {""year"": 2019, ""player"": ""Player_245"", ""fee"": 4576257.74, ""type"": ""Out""}], ""total_spend"": 4778326.36, ""total_income"": 7017876.38}",299057.6353054168,3 years,False,Experienced players,Local academy,2.81,"{""kit_sponsor"": ""Joma"", ""main_sponsor"": ""Adidas"", ""value"": ""264807 TND"", ""duration"": ""5 years""}","{""facebook"": ""facebook.com/club_3811"", ""twitter"": ""twitter.com/club_6854"", ""instagram"": ""instagram.com/club_6741""}"
C-359,1512,Olympic El Qanah FC,Egypt,Egyptian Premier League,Cairo International Stadium,'3-3-3-1',Defensive Structure,123562000.0,49424800.0,"{""last_5_transfers"": [{""year"": 2019, ""player"": ""Player_415"", ""fee"": 1152694.28, ""type"": ""In""}, {""year"": 2019, ""player"": ""Player_7"", ""fee"": 1842362.15, ""type"": ""In""}, {""year"": 2022, ""player"": ""Player_617"", ""fee"": 3972384.89, ""type"": ""In""}, {""year"": 2023, ""player"": ""Player_654"", ""fee"": 2360648.85, ""type"": ""In""}, {""year"": 2022, ""player"": ""Player_525"", ""fee"": 2947707.32, ""type"": ""Out""}], ""total_spend"": 9159804.85, ""total_income"": 7959805.25}",605689.8050490047,4 years,True,Young prospects,Established professionals,1.71,"{""kit_sponsor"": ""Nike"", ""main_sponsor"": ""Nike"", ""value"": ""407419 TND"", ""duration"": ""4 years""}","{""facebook"": ""facebook.com/club_4185"", ""twitter"": ""twitter.com/club_5660"", ""instagram"": ""instagram.com/club_6764""}"
C-360,1924,Olympic Niamey,Niger,Niger Premier League,Stade General Seyni Kountche,'4-3-1-2',Technical Dribbling,438602000.0,175440800.0,"{""last_5_transfers"": [{""year"": 2020, ""player"": ""Player_588"", ""fee"": 452485.99, ""type"": ""In""}, {""year"": 2021, ""player"": ""Player_489"", ""fee"": 4524177.31, ""type"": ""In""}, {""year"": 2020, ""player"": ""Player_371"", ""fee"": 152821.99, ""type"": ""In""}, {""year"": 2023, ""player"": ""Player_362"", ""fee"": 2285852.94, ""type"": ""In""}, {""year"": 2023, ""player"": ""Player_899"", ""fee"": 3683054.27, ""type"": ""Out""}], ""total_spend"": 8444121.83, ""total_income"": 4709111.11}",570770.2588553203,2 years,False,Local talent,European market,3.95,"{""kit_sponsor"": ""Le Coq Sportif"", ""main_sponsor"": ""Turkish Airlines"", ""value"": ""115821 TND"", ""duration"": ""3 years""}","{""facebook"": ""facebook.com/club_1726"", ""twitter"": ""twitter.com/club_9970"", ""instagram"": ""instagram.com/club_4486""}"
C-361,1329,Olympique Beja,Tunisia,Tunisian Ligue Professionnelle 1,Stade Olympique de Rades,'5-2-3',Defensive Structure,13994000.0,5597600.0,"{""last_5_transfers"": [{""year"": 2023, ""player"": ""Player_17"", ""fee"": 481872.55, ""type"": ""Out""}, {""year"": 2024, ""player"": ""Player_268"", ""fee"": 3162188.41, ""type"": ""In""}, {""year"": 2024, ""player"": ""Player_448"", ""fee"": 4772618.94, ""type"": ""Out""}, {""year"": 2019, ""player"": ""Player_370"", ""fee"": 1229569.94, ""type"": ""In""}, {""year"": 2024, ""player"": ""Player_575"", ""fee"": 4910968.8, ""type"": ""In""}], ""total_spend"": 7271097.86, ""total_income"": 2396179.54}",233838.77925582492,2 years,True,Proven professionals,South American prospects,1.17,"{""kit_sponsor"": ""Under Armour"", ""main_sponsor"": ""Pepsi"", ""value"": ""309165 TND"", ""duration"": ""1 years""}","{""facebook"": ""facebook.com/club_1667"", ""twitter"": ""twitter.com/club_1997"", ""instagram"": ""instagram.com/club_9570""}"
C-362,574,Olympique de Bamako,Mali,Malian Premiere Division,Stade 26 Mars,'4-4-1-1',High Press,2179363000.0,871745200.0,"{""last_5_transfers"": [{""year"": 2024, ""player"": ""Player_372"", ""fee"": 135251.14, ""type"": ""Out""}, {""year"": 2020, ""player"": ""Player_578"", ""fee"": 3993973.06, ""type"": ""Out""}, {""year"": 2024, ""player"": ""Player_161"", ""fee"": 3133532.63, ""type"": ""In""}, {""year"": 2020, ""player"": ""Player_272"", ""fee"": 1340062.79, ""type"": ""In""}, {""year"": 2020, ""player"": ""Player_823"", ""fee"": 1740570.22, ""type"": ""In""}], ""total_spend"": 4003871.84, ""total_income"": 5138735.4}",418607.61633612326,3 years,True,Local talent,South American prospects,5.4,"{""kit_sponsor"": ""Local Brand"", ""main_sponsor"": ""Carrefour"", ""value"": ""245249 TND"", ""duration"": ""1 years""}","{""facebook"": ""facebook.com/club_7383"", ""twitter"": ""twitter.com/club_5737"", ""instagram"": ""instagram.com/club_5347""}"
C-363,1547,Olympique de Medea,Algeria,Ligue Professionnelle 1,Stade 5 Juillet 1962,'4-3-3',West African Power,530901000.0,212360400.0,"{""last_5_transfers"": [{""year"": 2021, ""player"": ""Player_474"", ""fee"": 1939855.58, ""type"": ""Out""}, {""year"": 2022, ""player"": ""Player_85"", ""fee"": 3275018.61, ""type"": ""Out""}, {""year"": 2023, ""player"": ""Player_544"", ""fee"": 2103076.63, ""type"": ""In""}, {""year"": 2023, ""player"": ""Player_592"", ""fee"": 4454146.02, ""type"": ""In""}, {""year"": 2024, ""player"": ""Player_998"", ""fee"": 4452009.7, ""type"": ""Out""}], ""total_spend"": 4052475.15, ""total_income"": 6376264.08}",190495.0105251801,2 years,True,Young prospects,European market,9.01,"{""kit_sponsor"": ""Puma"", ""main_sponsor"": ""Audi"", ""value"": ""902412 TND"", ""duration"": ""5 years""}","{""facebook"": ""facebook.com/club_8643"", ""twitter"": ""twitter.com/club_5860"", ""instagram"": ""instagram.com/club_1865""}"
C-364,2198,Olympique de Missira,Mali,Malian Premiere Division,Stade 26 Mars,'4-5-1',Technical Dribbling,2212938000.0,885175200.0,"{""last_5_transfers"": [{""year"": 2024, ""player"": ""Player_10"", ""fee"": 3175056.49, ""type"": ""Out""}, {""year"": 2023, ""player"": ""Player_29"", ""fee"": 1543304.32, ""type"": ""Out""}, {""year"": 2019, ""player"": ""Player_558"", ""fee"": 4315121.66, ""type"": ""In""}, {""year"": 2024, ""player"": ""Player_565"", ""fee"": 802629.96, ""type"": ""In""}, {""year"": 2022, ""player"": ""Player_315"", ""fee"": 4936604.13, ""type"": ""In""}], ""total_spend"": 2858874.62, ""total_income"": 4746838.7}",372024.2046630823,3 years,True,Experienced players,Young talents,4.79,"{""kit_sponsor"": ""Adidas"", ""main_sponsor"": ""TotalEnergies"", ""value"": ""268196 TND"", ""duration"": ""1 years""}","{""facebook"": ""facebook.com/club_2200"", ""twitter"": ""twitter.com/club_4159"", ""instagram"": ""instagram.com/club_4945""}"
C-365,1929,Olympique du Kef,Tunisia,Tunisian Ligue 2,Stade Olympique de Rades,'4-3-1-2',Tiki-Taka Adaptation,10171000.0,4068400.0,"{""last_5_transfers"": [{""year"": 2020, ""player"": ""Player_508"", ""fee"": 3214570.81, ""type"": ""Out""}, {""year"": 2021, ""player"": ""Player_23"", ""fee"": 548367.28, ""type"": ""Out""}, {""year"": 2022, ""player"": ""Player_867"", ""fee"": 4154271.19, ""type"": ""In""}, {""year"": 2021, ""player"": ""Player_687"", ""fee"": 3939251.71, ""type"": ""Out""}, {""year"": 2021, ""player"": ""Player_861"", ""fee"": 1427807.91, ""type"": ""In""}], ""total_spend"": 2861373.49, ""total_income"": 1064877.36}",165521.52775541766,4 years,False,Academy graduates,Young talents,1.17,"{""kit_sponsor"": ""Under Armour"", ""main_sponsor"": ""Huawei"", ""value"": ""325874 TND"", ""duration"": ""2 years""}","{""facebook"": ""facebook.com/club_7517"", ""twitter"": ""twitter.com/club_6877"", ""instagram"": ""instagram.com/club_5405""}"
C-366,1599,Onze Createurs,Mali,Malian Premiere Division,Stade 26 Mars,'3-4-3',Possession-based,1921670000.0,768668000.0,"{""last_5_transfers"": [{""year"": 2021, ""player"": ""Player_570"", ""fee"": 820341.16, ""type"": ""Out""}, {""year"": 2020, ""player"": ""Player_563"", ""fee"": 2592215.68, ""type"": ""Out""}, {""year"": 2024, ""player"": ""Player_728"", ""fee"": 3516691.87, ""type"": ""In""}, {""year"": 2019, ""player"": ""Player_486"", ""fee"": 3500497.81, ""type"": ""In""}, {""year"": 2020, ""player"": ""Player_522"", ""fee"": 2386806.54, ""type"": ""In""}], ""total_spend"": 7594052.28, ""total_income"": 1075463.41}",614988.3464846634,3 years,False,Academy graduates,Local academy,6.44,"{""kit_sponsor"": ""Puma"", ""main_sponsor"": ""Samsung"", ""value"": ""107724 TND"", ""duration"": ""2 years""}","{""facebook"": ""facebook.com/club_9415"", ""twitter"": ""twitter.com/club_3196"", ""instagram"": ""instagram.com/club_1837""}"
C-367,463,Orlando Pirates,South Africa,National First Division,FNB Stadium,'4-2-3-1',High Press,11663000.0,4665200.0,"{""last_5_transfers"": [{""year"": 2024, ""player"": ""Player_255"", ""fee"": 554200.03, ""type"": ""Out""}, {""year"": 2019, ""player"": ""Player_769"", ""fee"": 1517978.41, ""type"": ""Out""}, {""year"": 2023, ""player"": ""Player_114"", ""fee"": 1953539.33, ""type"": ""Out""}, {""year"": 2020, ""player"": ""Player_517"", ""fee"": 2609195.45, ""type"": ""Out""}, {""year"": 2020, ""player"": ""Player_26"", ""fee"": 1537489.5, ""type"": ""Out""}], ""total_spend"": 3957597.63, ""total_income"": 4078215.87}",515929.8595643289,2 years,True,Young prospects,European market,2.85,"{""kit_sponsor"": ""Adidas"", ""main_sponsor"": ""Soci\u00e9t\u00e9 G\u00e9n\u00e9rale"", ""value"": ""167300 TND"", ""duration"": ""5 years""}","{""facebook"": ""facebook.com/club_6466"", ""twitter"": ""twitter.com/club_3879"", ""instagram"": ""instagram.com/club_4602""}"
C-368,2275,Ouragahio,Ivory Coast,Ligue 2,Stade Olympique Alassane Ouattara,'3-5-2',Southern African Mix,2145208000.0,858083200.0,"{""last_5_transfers"": [{""year"": 2024, ""player"": ""Player_956"", ""fee"": 1994497.78, ""type"": ""Out""}, {""year"": 2023, ""player"": ""Player_457"", ""fee"": 2539060.42, ""type"": ""Out""}, {""year"": 2023, ""player"": ""Player_481"", ""fee"": 2518653.01, ""type"": ""In""}, {""year"": 2019, ""player"": ""Player_485"", ""fee"": 3583167.75, ""type"": ""Out""}, {""year"": 2022, ""player"": ""Player_388"", ""fee"": 2673648.86, ""type"": ""Out""}], ""total_spend"": 3159457.19, ""total_income"": 1032434.9}",390303.7765903163,2 years,False,Young prospects,African talents,8.86,"{""kit_sponsor"": ""Local Brand"", ""main_sponsor"": ""Pepsi"", ""value"": ""686219 TND"", ""duration"": ""5 years""}","{""facebook"": ""facebook.com/club_3595"", ""twitter"": ""twitter.com/club_7130"", ""instagram"": ""instagram.com/club_3242""}"
C-369,2105,PA Sambizanga,Angola,Girabola,Estadio 11 de Novembro,'4-1-3-2',Southern African Mix,1182602000.0,473040800.0,"{""last_5_transfers"": [{""year"": 2024, ""player"": ""Player_663"", ""fee"": 466001.73, ""type"": ""In""}, {""year"": 2022, ""player"": ""Player_199"", ""fee"": 4345147.03, ""type"": ""Out""}, {""year"": 2020, ""player"": ""Player_234"", ""fee"": 4989412.79, ""type"": ""In""}, {""year"": 2021, ""player"": ""Player_619"", ""fee"": 2359935.01, ""type"": ""Out""}, {""year"": 2020, ""player"": ""Player_528"", ""fee"": 2990520.12, ""type"": ""Out""}], ""total_spend"": 5262943.08, ""total_income"": 5639261.92}",900191.552083622,4 years,False,International players,Asian market,1.71,"{""kit_sponsor"": ""Le Coq Sportif"", ""main_sponsor"": ""Carrefour"", ""value"": ""762005 TND"", ""duration"": ""5 years""}","{""facebook"": ""facebook.com/club_4272"", ""twitter"": ""twitter.com/club_5430"", ""instagram"": ""instagram.com/club_1211""}"
C-370,1525,Panthere,Cameroon,Elite Two,Olembe Stadium,'4-1-4-1',High-Energy Pressing,1531723000.0,612689200.0,"{""last_5_transfers"": [{""year"": 2019, ""player"": ""Player_390"", ""fee"": 1526698.99, ""type"": ""In""}, {""year"": 2023, ""player"": ""Player_530"", ""fee"": 193954.76, ""type"": ""Out""}, {""year"": 2022, ""player"": ""Player_98"", ""fee"": 4396498.22, ""type"": ""Out""}, {""year"": 2024, ""player"": ""Player_756"", ""fee"": 2025000.91, ""type"": ""Out""}, {""year"": 2022, ""player"": ""Player_400"", ""fee"": 2444130.56, ""type"": ""In""}], ""total_spend"": 8203940.56, ""total_income"": 1572728.05}",490471.8562722524,2 years,True,Young prospects,South American prospects,2.05,"{""kit_sponsor"": ""Puma"", ""main_sponsor"": ""Mercedes"", ""value"": ""365867 TND"", ""duration"": ""4 years""}","{""facebook"": ""facebook.com/club_6755"", ""twitter"": ""twitter.com/club_2186"", ""instagram"": ""instagram.com/club_8986""}"
C-371,766,Paradou AC,Algeria,Ligue Professionnelle 2,Stade 5 Juillet 1962,'3-5-1-1',Possession-based,660442000.0,264176800.0,"{""last_5_transfers"": [{""year"": 2023, ""player"": ""Player_599"", ""fee"": 3063357.52, ""type"": ""Out""}, {""year"": 2019, ""player"": ""Player_55"", ""fee"": 3766160.95, ""type"": ""In""}, {""year"": 2022, ""player"": ""Player_61"", ""fee"": 4163365.02, ""type"": ""In""}, {""year"": 2022, ""player"": ""Player_348"", ""fee"": 162466.67, ""type"": ""In""}, {""year"": 2019, ""player"": ""Player_442"", ""fee"": 960238.02, ""type"": ""Out""}], ""total_spend"": 8333583.53, ""total_income"": 7022914.53}",104242.6318557908,3 years,False,Proven professionals,Established professionals,5.93,"{""kit_sponsor"": ""Mizuno"", ""main_sponsor"": ""Carrefour"", ""value"": ""158874 TND"", ""duration"": ""1 years""}","{""facebook"": ""facebook.com/club_8638"", ""twitter"": ""twitter.com/club_4277"", ""instagram"": ""instagram.com/club_1675""}"
C-372,1291,Petrojet,Egypt,Egyptian Second Division,Cairo International Stadium,'3-3-3-1',North African Technical,124039000.0,49615600.0,"{""last_5_transfers"": [{""year"": 2019, ""player"": ""Player_355"", ""fee"": 4935660.58, ""type"": ""Out""}, {""year"": 2020, ""player"": ""Player_489"", ""fee"": 3603045.5, ""type"": ""Out""}, {""year"": 2021, ""player"": ""Player_363"", ""fee"": 1435707.84, ""type"": ""In""}, {""year"": 2019, ""player"": ""Player_753"", ""fee"": 2792020.86, ""type"": ""In""}, {""year"": 2019, ""player"": ""Player_294"", ""fee"": 1427833.41, ""type"": ""Out""}], ""total_spend"": 3042317.1, ""total_income"": 4882205.8}",133020.03341801965,3 years,False,Proven professionals,Asian market,5.0,"{""kit_sponsor"": ""Kappa"", ""main_sponsor"": ""Magasin G\u00e9n\u00e9ral"", ""value"": ""346816 TND"", ""duration"": ""2 years""}","{""facebook"": ""facebook.com/club_4611"", ""twitter"": ""twitter.com/club_8716"", ""instagram"": ""instagram.com/club_4488""}"
C-373,1185,Pharco FC,Egypt,Egyptian Premier League,Cairo International Stadium,'5-2-3',Tiki-Taka Adaptation,146901000.0,58760400.0,"{""last_5_transfers"": [{""year"": 2023, ""player"": ""Player_569"", ""fee"": 742056.61, ""type"": ""In""}, {""year"": 2022, ""player"": ""Player_282"", ""fee"": 3934769.38, ""type"": ""In""}, {""year"": 2024, ""player"": ""Player_178"", ""fee"": 2326261.57, ""type"": ""In""}, {""year"": 2019, ""player"": ""Player_861"", ""fee"": 4724532.74, ""type"": ""In""}, {""year"": 2019, ""player"": ""Player_685"", ""fee"": 4821008.1, ""type"": ""In""}], ""total_spend"": 5343875.77, ""total_income"": 3295042.04}",227670.13631591643,2 years,False,International players,Under-23 talents,2.24,"{""kit_sponsor"": ""Puma"", ""main_sponsor"": ""Adidas"", ""value"": ""697405 TND"", ""duration"": ""2 years""}","{""facebook"": ""facebook.com/club_8181"", ""twitter"": ""twitter.com/club_3155"", ""instagram"": ""instagram.com/club_6658""}"
C-374,506,Plateau United,Nigeria,Nigeria Professional Football League,Moshood Abiola National Stadium,'3-3-3-1',Quick Counter-attacks,531247000.0,212498800.0,"{""last_5_transfers"": [{""year"": 2021, ""player"": ""Player_483"", ""fee"": 2532614.58, ""type"": ""Out""}, {""year"": 2021, ""player"": ""Player_787"", ""fee"": 1555062.92, ""type"": ""In""}, {""year"": 2020, ""player"": ""Player_555"", ""fee"": 2377143.45, ""type"": ""Out""}, {""year"": 2023, ""player"": ""Player_867"", ""fee"": 712744.81, ""type"": ""In""}, {""year"": 2020, ""player"": ""Player_70"", ""fee"": 4677898.17, ""type"": ""In""}], ""total_spend"": 2738341.93, ""total_income"": 2037983.56}",902622.4392316582,4 years,True,International players,Established professionals,9.51,"{""kit_sponsor"": ""Adidas"", ""main_sponsor"": ""Turkish Airlines"", ""value"": ""187729 TND"", ""duration"": ""2 years""}","{""facebook"": ""facebook.com/club_6833"", ""twitter"": ""twitter.com/club_6001"", ""instagram"": ""instagram.com/club_6418""}"
C-375,1253,Platinum Stars,South Africa,National First Division,FNB Stadium,'5-2-3',Low Block Counter,24672000.0,9868800.0,"{""last_5_transfers"": [{""year"": 2021, ""player"": ""Player_296"", ""fee"": 3732495.35, ""type"": ""Out""}, {""year"": 2023, ""player"": ""Player_992"", ""fee"": 4051665.58, ""type"": ""Out""}, {""year"": 2023, ""player"": ""Player_341"", ""fee"": 2531712.38, ""type"": ""Out""}, {""year"": 2019, ""player"": ""Player_924"", ""fee"": 3391237.66, ""type"": ""In""}, {""year"": 2021, ""player"": ""Player_157"", ""fee"": 689583.64, ""type"": ""In""}], ""total_spend"": 5157939.91, ""total_income"": 5775889.74}",675654.3252594172,4 years,False,Academy graduates,Young talents,7.07,"{""kit_sponsor"": ""Kappa"", ""main_sponsor"": ""STB Bank"", ""value"": ""919848 TND"", ""duration"": ""4 years""}","{""facebook"": ""facebook.com/club_2887"", ""twitter"": ""twitter.com/club_1118"", ""instagram"": ""instagram.com/club_6701""}"
C-376,2488,Police FC,Niger,Niger Premier League,Stade General Seyni Kountche,'4-4-1-1',Direct Play,1304609000.0,521843600.0,"{""last_5_transfers"": [{""year"": 2024, ""player"": ""Player_381"", ""fee"": 174168.79, ""type"": ""In""}, {""year"": 2020, ""player"": ""Player_399"", ""fee"": 908699.0, ""type"": ""In""}, {""year"": 2023, ""player"": ""Player_834"", ""fee"": 3799384.01, ""type"": ""In""}, {""year"": 2024, ""player"": ""Player_732"", ""fee"": 1494409.45, ""type"": ""In""}, {""year"": 2020, ""player"": ""Player_607"", ""fee"": 4480005.42, ""type"": ""In""}], ""total_spend"": 9659296.37, ""total_income"": 6653243.26}",200918.43225005723,3 years,False,Local talent,Young talents,6.53,"{""kit_sponsor"": ""Mizuno"", ""main_sponsor"": ""Danone"", ""value"": ""329624 TND"", ""duration"": ""1 years""}","{""facebook"": ""facebook.com/club_7343"", ""twitter"": ""twitter.com/club_8962"", ""instagram"": ""instagram.com/club_1802""}"
C-377,1506,Polokwane City,South Africa,Premier Soccer League,FNB Stadium,'4-4-1-1',Defensive Solidarity,84504000.0,33801600.0,"{""last_5_transfers"": [{""year"": 2022, ""player"": ""Player_795"", ""fee"": 1359011.69, ""type"": ""Out""}, {""year"": 2023, ""player"": ""Player_630"", ""fee"": 2922399.2, ""type"": ""In""}, {""year"": 2019, ""player"": ""Player_397"", ""fee"": 3318457.06, ""type"": ""In""}, {""year"": 2023, ""player"": ""Player_841"", ""fee"": 394558.98, ""type"": ""Out""}, {""year"": 2023, ""player"": ""Player_545"", ""fee"": 1056904.56, ""type"": ""In""}], ""total_spend"": 4691628.32, ""total_income"": 6779692.65}",177212.95139649243,3 years,True,Local talent,Young talents,1.41,"{""kit_sponsor"": ""Le Coq Sportif"", ""main_sponsor"": ""BIAT Bank"", ""value"": ""315505 TND"", ""duration"": ""5 years""}","{""facebook"": ""facebook.com/club_8571"", ""twitter"": ""twitter.com/club_6735"", ""instagram"": ""instagram.com/club_4483""}"
C-378,2481,Porcelana FC,Angola,Girabola,Estadio 11 de Novembro,'4-1-3-2',Technical Dribbling,1915154000.0,766061600.0,"{""last_5_transfers"": [{""year"": 2024, ""player"": ""Player_744"", ""fee"": 4149866.73, ""type"": ""Out""}, {""year"": 2019, ""player"": ""Player_588"", ""fee"": 111302.7, ""type"": ""Out""}, {""year"": 2022, ""player"": ""Player_533"", ""fee"": 2611093.29, ""type"": ""In""}, {""year"": 2019, ""player"": ""Player_162"", ""fee"": 2015717.31, ""type"": ""Out""}, {""year"": 2020, ""player"": ""Player_404"", ""fee"": 1047058.07, ""type"": ""Out""}], ""total_spend"": 2010534.74, ""total_income"": 1788026.6}",450634.38613127935,3 years,False,Local talent,Established professionals,1.87,"{""kit_sponsor"": ""Local Brand"", ""main_sponsor"": ""Orange"", ""value"": ""808588 TND"", ""duration"": ""1 years""}","{""facebook"": ""facebook.com/club_9322"", ""twitter"": ""twitter.com/club_1107"", ""instagram"": ""instagram.com/club_8547""}"
C-379,1089,Power Dynamos,Zambia,Zambian Premier League,National Heroes Stadium,'4-2-2-2',Attacking Overload,69200000.0,27680000.0,"{""last_5_transfers"": [{""year"": 2024, ""player"": ""Player_671"", ""fee"": 2428667.66, ""type"": ""In""}, {""year"": 2023, ""player"": ""Player_34"", ""fee"": 3695543.54, ""type"": ""Out""}, {""year"": 2021, ""player"": ""Player_362"", ""fee"": 2005896.96, ""type"": ""In""}, {""year"": 2021, ""player"": ""Player_162"", ""fee"": 1628296.41, ""type"": ""Out""}, {""year"": 2021, ""player"": ""Player_493"", ""fee"": 2471451.89, ""type"": ""In""}], ""total_spend"": 5934187.29, ""total_income"": 1297939.16}",961880.2728966818,4 years,True,Proven professionals,Under-23 talents,6.29,"{""kit_sponsor"": ""Le Coq Sportif"", ""main_sponsor"": ""LG Electronics"", ""value"": ""175533 TND"", ""duration"": ""3 years""}","{""facebook"": ""facebook.com/club_4737"", ""twitter"": ""twitter.com/club_9421"", ""instagram"": ""instagram.com/club_2715""}"
C-380,1602,Pretoria University,South Africa,Premier Soccer League,FNB Stadium,'5-4-1',North African Technical,23157000.0,9262800.0,"{""last_5_transfers"": [{""year"": 2020, ""player"": ""Player_48"", ""fee"": 4555567.18, ""type"": ""In""}, {""year"": 2023, ""player"": ""Player_537"", ""fee"": 2504092.27, ""type"": ""In""}, {""year"": 2023, ""player"": ""Player_277"", ""fee"": 2830431.76, ""type"": ""In""}, {""year"": 2019, ""player"": ""Player_8"", ""fee"": 3725620.99, ""type"": ""In""}, {""year"": 2022, ""player"": ""Player_789"", ""fee"": 1339092.35, ""type"": ""In""}], ""total_spend"": 9392821.6, ""total_income"": 5229314.15}",982931.4185754332,2 years,True,International players,South American prospects,6.67,"{""kit_sponsor"": ""New Balance"", ""main_sponsor"": ""TotalEnergies"", ""value"": ""701540 TND"", ""duration"": ""3 years""}","{""facebook"": ""facebook.com/club_8115"", ""twitter"": ""twitter.com/club_6016"", ""instagram"": ""instagram.com/club_1776""}"
C-381,1781,Prison Leopards,Zambia,Zambian Premier League,National Heroes Stadium,'4-3-1-2',Possession-based,73487000.0,29394800.0,"{""last_5_transfers"": [{""year"": 2019, ""player"": ""Player_481"", ""fee"": 2162689.79, ""type"": ""In""}, {""year"": 2023, ""player"": ""Player_397"", ""fee"": 4893081.03, ""type"": ""In""}, {""year"": 2020, ""player"": ""Player_662"", ""fee"": 1334016.52, ""type"": ""Out""}, {""year"": 2021, ""player"": ""Player_688"", ""fee"": 2963216.63, ""type"": ""Out""}, {""year"": 2024, ""player"": ""Player_106"", ""fee"": 441586.63, ""type"": ""Out""}], ""total_spend"": 7823622.67, ""total_income"": 3626171.6}",323161.75114611944,4 years,False,Young prospects,South American prospects,5.18,"{""kit_sponsor"": ""Kappa"", ""main_sponsor"": ""Vitalait"", ""value"": ""745947 TND"", ""duration"": ""2 years""}","{""facebook"": ""facebook.com/club_6671"", ""twitter"": ""twitter.com/club_3247"", ""instagram"": ""instagram.com/club_4917""}"
C-382,2133,Progresso Associacao do Sambizanga,Angola,Segunda Divisao,Estadio 11 de Novembro,'4-2-2-2',West African Power,4083221000.0,1633288400.0,"{""last_5_transfers"": [{""year"": 2022, ""player"": ""Player_747"", ""fee"": 4637312.18, ""type"": ""Out""}, {""year"": 2024, ""player"": ""Player_796"", ""fee"": 1832868.39, ""type"": ""In""}, {""year"": 2023, ""player"": ""Player_219"", ""fee"": 1541158.57, ""type"": ""In""}, {""year"": 2024, ""player"": ""Player_762"", ""fee"": 949970.91, ""type"": ""In""}, {""year"": 2024, ""player"": ""Player_398"", ""fee"": 4091653.86, ""type"": ""In""}], ""total_spend"": 8554483.13, ""total_income"": 7867005.8}",375294.9544928819,4 years,False,Young prospects,Local academy,2.63,"{""kit_sponsor"": ""Joma"", ""main_sponsor"": ""Nike"", ""value"": ""705431 TND"", ""duration"": ""3 years""}","{""facebook"": ""facebook.com/club_6863"", ""twitter"": ""twitter.com/club_1829"", ""instagram"": ""instagram.com/club_7807""}"
C-383,1736,Progresso da Lunda Sul,Angola,Girabola,Estadio 11 de Novembro,'4-4-1-1',East African Speed,3329785000.0,1331914000.0,"{""last_5_transfers"": [{""year"": 2021, ""player"": ""Player_466"", ""fee"": 3866496.38, ""type"": ""In""}, {""year"": 2024, ""player"": ""Player_526"", ""fee"": 4112443.85, ""type"": ""In""}, {""year"": 2020, ""player"": ""Player_979"", ""fee"": 2920306.99, ""type"": ""Out""}, {""year"": 2023, ""player"": ""Player_139"", ""fee"": 2415243.64, ""type"": ""In""}, {""year"": 2019, ""player"": ""Player_903"", ""fee"": 4598095.54, ""type"": ""Out""}], ""total_spend"": 5843780.0, ""total_income"": 3766727.23}",321573.2855694125,3 years,False,Academy graduates,European market,9.43,"{""kit_sponsor"": ""Macron"", ""main_sponsor"": ""Nike"", ""value"": ""576082 TND"", ""duration"": ""5 years""}","{""facebook"": ""facebook.com/club_7281"", ""twitter"": ""twitter.com/club_4821"", ""instagram"": ""instagram.com/club_3649""}"
C-384,1026,Pwd Bamenda,Cameroon,Elite Two,Olembe Stadium,'4-1-3-2',High-Energy Pressing,1702705000.0,681082000.0,"{""last_5_transfers"": [{""year"": 2019, ""player"": ""Player_959"", ""fee"": 246522.16, ""type"": ""Out""}, {""year"": 2024, ""player"": ""Player_578"", ""fee"": 849259.44, ""type"": ""Out""}, {""year"": 2022, ""player"": ""Player_53"", ""fee"": 718555.65, ""type"": ""In""}, {""year"": 2019, ""player"": ""Player_80"", ""fee"": 3443788.06, ""type"": ""In""}, {""year"": 2023, ""player"": ""Player_857"", ""fee"": 1996042.09, ""type"": ""In""}], ""total_spend"": 9092509.71, ""total_income"": 1164444.36}",359450.9259867731,2 years,False,Proven professionals,Asian market,8.73,"{""kit_sponsor"": ""Hummel"", ""main_sponsor"": ""Adidas"", ""value"": ""923755 TND"", ""duration"": ""1 years""}","{""facebook"": ""facebook.com/club_5663"", ""twitter"": ""twitter.com/club_9765"", ""instagram"": ""instagram.com/club_3580""}"
C-385,325,Pyramids FC,Egypt,Egyptian Second Division,Cairo International Stadium,'5-4-1',East African Speed,127895000.0,51158000.0,"{""last_5_transfers"": [{""year"": 2023, ""player"": ""Player_590"", ""fee"": 3688292.37, ""type"": ""In""}, {""year"": 2020, ""player"": ""Player_908"", ""fee"": 4498781.63, ""type"": ""Out""}, {""year"": 2022, ""player"": ""Player_572"", ""fee"": 3997888.57, ""type"": ""In""}, {""year"": 2024, ""player"": ""Player_499"", ""fee"": 2865236.91, ""type"": ""Out""}, {""year"": 2021, ""player"": ""Player_410"", ""fee"": 938759.56, ""type"": ""In""}], ""total_spend"": 8210099.62, ""total_income"": 5684078.57}",205200.5682918024,3 years,False,Academy graduates,European market,7.78,"{""kit_sponsor"": ""Nike"", ""main_sponsor"": ""Magasin G\u00e9n\u00e9ral"", ""value"": ""933289 TND"", ""duration"": ""3 years""}","{""facebook"": ""facebook.com/club_1879"", ""twitter"": ""twitter.com/club_5056"", ""instagram"": ""instagram.com/club_9171""}"
C-386,2523,Quelaton,Zimbabwe,Zimbabwe Premier Soccer League,National Sports Stadium,'3-4-3',Possession Control,23094013000.0,9237605200.0,"{""last_5_transfers"": [{""year"": 2019, ""player"": ""Player_808"", ""fee"": 2887856.52, ""type"": ""Out""}, {""year"": 2022, ""player"": ""Player_336"", ""fee"": 3869103.65, ""type"": ""In""}, {""year"": 2019, ""player"": ""Player_544"", ""fee"": 889027.09, ""type"": ""Out""}, {""year"": 2020, ""player"": ""Player_986"", ""fee"": 2906810.05, ""type"": ""In""}, {""year"": 2022, ""player"": ""Player_923"", ""fee"": 290017.37, ""type"": ""In""}], ""total_spend"": 7319252.72, ""total_income"": 7908523.03}",936522.5218773072,3 years,True,Proven professionals,Young talents,4.8,"{""kit_sponsor"": ""Kappa"", ""main_sponsor"": ""STB Bank"", ""value"": ""656024 TND"", ""duration"": ""2 years""}","{""facebook"": ""facebook.com/club_8024"", ""twitter"": ""twitter.com/club_1642"", ""instagram"": ""instagram.com/club_1954""}"
C-387,1428,Racing Club d'Abidjan,Ivory Coast,Ligue 2,Stade Olympique Alassane Ouattara,'4-4-2',Possession Control,1561971000.0,624788400.0,"{""last_5_transfers"": [{""year"": 2023, ""player"": ""Player_145"", ""fee"": 3874809.9, ""type"": ""In""}, {""year"": 2022, ""player"": ""Player_59"", ""fee"": 3488691.05, ""type"": ""In""}, {""year"": 2023, ""player"": ""Player_356"", ""fee"": 904182.73, ""type"": ""In""}, {""year"": 2023, ""player"": ""Player_451"", ""fee"": 3888540.65, ""type"": ""Out""}, {""year"": 2023, ""player"": ""Player_173"", ""fee"": 1477946.66, ""type"": ""In""}], ""total_spend"": 4590067.64, ""total_income"": 4739070.56}",763408.4193468344,2 years,False,Academy graduates,South American prospects,9.72,"{""kit_sponsor"": ""Mizuno"", ""main_sponsor"": ""Carrefour"", ""value"": ""955942 TND"", ""duration"": ""1 years""}","{""facebook"": ""facebook.com/club_4286"", ""twitter"": ""twitter.com/club_3921"", ""instagram"": ""instagram.com/club_9337""}"
C-388,2287,Racing de Casablanca,Morocco,Botola Pro,Stade Mohammed V,'3-5-2',East African Speed,47341000.0,18936400.0,"{""last_5_transfers"": [{""year"": 2024, ""player"": ""Player_706"", ""fee"": 3133999.27, ""type"": ""In""}, {""year"": 2021, ""player"": ""Player_116"", ""fee"": 4483127.61, ""type"": ""Out""}, {""year"": 2020, ""player"": ""Player_36"", ""fee"": 2895711.83, ""type"": ""Out""}, {""year"": 2023, ""player"": ""Player_711"", ""fee"": 4104392.62, ""type"": ""In""}, {""year"": 2021, ""player"": ""Player_984"", ""fee"": 1387679.12, ""type"": ""Out""}], ""total_spend"": 9451270.77, ""total_income"": 6411733.3}",912034.3205823362,4 years,False,Local talent,Local academy,9.82,"{""kit_sponsor"": ""Umbro"", ""main_sponsor"": ""Orange"", ""value"": ""362423 TND"", ""duration"": ""4 years""}","{""facebook"": ""facebook.com/club_1864"", ""twitter"": ""twitter.com/club_3415"", ""instagram"": ""instagram.com/club_7892""}"
C-389,2588,Raja Beni Mellal,Morocco,Botola 2,Stade Mohammed V,'3-5-2',Physical Power Play,27309000.0,10923600.0,"{""last_5_transfers"": [{""year"": 2023, ""player"": ""Player_462"", ""fee"": 1548482.88, ""type"": ""Out""}, {""year"": 2021, ""player"": ""Player_292"", ""fee"": 3900880.68, ""type"": ""Out""}, {""year"": 2022, ""player"": ""Player_325"", ""fee"": 833740.86, ""type"": ""Out""}, {""year"": 2023, ""player"": ""Player_199"", ""fee"": 3992578.53, ""type"": ""Out""}, {""year"": 2022, ""player"": ""Player_32"", ""fee"": 2723222.4, ""type"": ""Out""}], ""total_spend"": 2170419.72, ""total_income"": 6672914.85}",566092.2692960704,3 years,True,Young prospects,African talents,7.83,"{""kit_sponsor"": ""Mizuno"", ""main_sponsor"": ""Nike"", ""value"": ""947127 TND"", ""duration"": ""1 years""}","{""facebook"": ""facebook.com/club_4042"", ""twitter"": ""twitter.com/club_1514"", ""instagram"": ""instagram.com/club_3466""}"
C-390,2176,Ranchers Bees,Nigeria,Nigeria Professional Football League,Moshood Abiola National Stadium,'4-1-4-1',High Press,1946126000.0,778450400.0,"{""last_5_transfers"": [{""year"": 2020, ""player"": ""Player_453"", ""fee"": 3774693.1, ""type"": ""Out""}, {""year"": 2023, ""player"": ""Player_247"", ""fee"": 4989973.63, ""type"": ""In""}, {""year"": 2021, ""player"": ""Player_248"", ""fee"": 3145161.8, ""type"": ""In""}, {""year"": 2019, ""player"": ""Player_762"", ""fee"": 1464786.15, ""type"": ""Out""}, {""year"": 2020, ""player"": ""Player_132"", ""fee"": 760769.65, ""type"": ""Out""}], ""total_spend"": 1590577.26, ""total_income"": 5354117.23}",427768.25760863983,2 years,True,Experienced players,African talents,7.02,"{""kit_sponsor"": ""Under Armour"", ""main_sponsor"": ""Orange"", ""value"": ""821442 TND"", ""duration"": ""4 years""}","{""facebook"": ""facebook.com/club_3525"", ""twitter"": ""twitter.com/club_4471"", ""instagram"": ""instagram.com/club_4211""}"
C-391,1649,Rapide Club Oued Zem,Morocco,Botola Pro,Stade Mohammed V,'5-4-1',Direct Play,30344000.0,12137600.0,"{""last_5_transfers"": [{""year"": 2020, ""player"": ""Player_244"", ""fee"": 1027061.06, ""type"": ""In""}, {""year"": 2022, ""player"": ""Player_116"", ""fee"": 1981413.55, ""type"": ""Out""}, {""year"": 2022, ""player"": ""Player_228"", ""fee"": 1752886.01, ""type"": ""Out""}, {""year"": 2022, ""player"": ""Player_230"", ""fee"": 693790.86, ""type"": ""In""}, {""year"": 2021, ""player"": ""Player_172"", ""fee"": 486080.55, ""type"": ""In""}], ""total_spend"": 5002842.15, ""total_income"": 1686457.4}",105067.88024172392,4 years,False,Local talent,Under-23 talents,8.73,"{""kit_sponsor"": ""Hummel"", ""main_sponsor"": ""D\u00e9lice"", ""value"": ""405280 TND"", ""duration"": ""1 years""}","{""facebook"": ""facebook.com/club_5699"", ""twitter"": ""twitter.com/club_3465"", ""instagram"": ""instagram.com/club_5363""}"
C-392,1336,RC Arbaa,Algeria,Ligue Professionnelle 2,Stade 5 Juillet 1962,'4-2-4',Attacking Overload,147141000.0,58856400.0,"{""last_5_transfers"": [{""year"": 2024, ""player"": ""Player_233"", ""fee"": 4819862.56, ""type"": ""Out""}, {""year"": 2024, ""player"": ""Player_184"", ""fee"": 2082496.51, ""type"": ""Out""}, {""year"": 2020, ""player"": ""Player_158"", ""fee"": 1841463.94, ""type"": ""In""}, {""year"": 2020, ""player"": ""Player_321"", ""fee"": 2606015.75, ""type"": ""In""}, {""year"": 2019, ""player"": ""Player_900"", ""fee"": 582286.0, ""type"": ""Out""}], ""total_spend"": 5012750.38, ""total_income"": 7540329.9}",682864.8458488905,4 years,True,International players,Under-23 talents,2.44,"{""kit_sponsor"": ""Umbro"", ""main_sponsor"": ""Samsung"", ""value"": ""614820 TND"", ""duration"": ""2 years""}","{""facebook"": ""facebook.com/club_9506"", ""twitter"": ""twitter.com/club_7297"", ""instagram"": ""instagram.com/club_2313""}"
C-393,1947,RC Bafoussam,Cameroon,Elite One,Olembe Stadium,'4-3-2-1',Defensive Solidarity,2851143000.0,1140457200.0,"{""last_5_transfers"": [{""year"": 2020, ""player"": ""Player_257"", ""fee"": 3132211.8, ""type"": ""In""}, {""year"": 2020, ""player"": ""Player_171"", ""fee"": 3146891.54, ""type"": ""In""}, {""year"": 2024, ""player"": ""Player_218"", ""fee"": 4972499.24, ""type"": ""In""}, {""year"": 2023, ""player"": ""Player_433"", ""fee"": 1837119.03, ""type"": ""Out""}, {""year"": 2019, ""player"": ""Player_329"", ""fee"": 3705141.88, ""type"": ""In""}], ""total_spend"": 4688247.07, ""total_income"": 5376336.73}",955289.4444807596,2 years,False,International players,Asian market,4.38,"{""kit_sponsor"": ""Kappa"", ""main_sponsor"": ""Coca-Cola"", ""value"": ""303712 TND"", ""duration"": ""5 years""}","{""facebook"": ""facebook.com/club_4951"", ""twitter"": ""twitter.com/club_9063"", ""instagram"": ""instagram.com/club_2106""}"
C-394,2036,RC Relizane,Algeria,Ligue Professionnelle 2,Stade 5 Juillet 1962,'4-1-3-2',Technical Dribbling,233426000.0,93370400.0,"{""last_5_transfers"": [{""year"": 2021, ""player"": ""Player_586"", ""fee"": 2267786.14, ""type"": ""Out""}, {""year"": 2022, ""player"": ""Player_805"", ""fee"": 1565191.72, ""type"": ""Out""}, {""year"": 2020, ""player"": ""Player_384"", ""fee"": 2670374.22, ""type"": ""Out""}, {""year"": 2020, ""player"": ""Player_804"", ""fee"": 4576066.5, ""type"": ""In""}, {""year"": 2021, ""player"": ""Player_532"", ""fee"": 1203033.97, ""type"": ""Out""}], ""total_spend"": 9988118.04, ""total_income"": 3459050.48}",949696.2887925135,4 years,False,Academy graduates,Under-23 talents,3.75,"{""kit_sponsor"": ""Mizuno"", ""main_sponsor"": ""Adidas"", ""value"": ""882433 TND"", ""duration"": ""4 years""}","{""facebook"": ""facebook.com/club_9792"", ""twitter"": ""twitter.com/club_5496"", ""instagram"": ""instagram.com/club_6506""}"
C-395,193,RCA Raja Casablanca Athletic,Morocco,Botola 2,Stade Mohammed V,'4-4-1-1',Defensive Structure,9590000.0,3836000.0,"{""last_5_transfers"": [{""year"": 2021, ""player"": ""Player_724"", ""fee"": 729597.06, ""type"": ""In""}, {""year"": 2023, ""player"": ""Player_422"", ""fee"": 4611425.85, ""type"": ""Out""}, {""year"": 2024, ""player"": ""Player_914"", ""fee"": 774323.74, ""type"": ""Out""}, {""year"": 2020, ""player"": ""Player_699"", ""fee"": 3826680.82, ""type"": ""Out""}, {""year"": 2021, ""player"": ""Player_295"", ""fee"": 1025911.17, ""type"": ""Out""}], ""total_spend"": 1654050.17, ""total_income"": 6743956.22}",851307.5374293596,2 years,False,Proven professionals,European market,2.64,"{""kit_sponsor"": ""Le Coq Sportif"", ""main_sponsor"": ""Audi"", ""value"": ""782705 TND"", ""duration"": ""5 years""}","{""facebook"": ""facebook.com/club_3902"", ""twitter"": ""twitter.com/club_7295"", ""instagram"": ""instagram.com/club_6685""}"
C-396,2578,Real Tamale,Ghana,Ghana Premier League,Baba Yara Stadium,'4-1-4-1',Possession Control,6363000.0,2545200.0,"{""last_5_transfers"": [{""year"": 2023, ""player"": ""Player_469"", ""fee"": 4001079.31, ""type"": ""Out""}, {""year"": 2019, ""player"": ""Player_537"", ""fee"": 670644.04, ""type"": ""In""}, {""year"": 2020, ""player"": ""Player_488"", ""fee"": 700340.69, ""type"": ""Out""}, {""year"": 2021, ""player"": ""Player_785"", ""fee"": 686474.21, ""type"": ""In""}, {""year"": 2022, ""player"": ""Player_444"", ""fee"": 3425016.8, ""type"": ""In""}], ""total_spend"": 8160949.63, ""total_income"": 3743805.81}",782482.6807180052,3 years,True,Academy graduates,Established professionals,2.01,"{""kit_sponsor"": ""Nike"", ""main_sponsor"": ""Samsung"", ""value"": ""352381 TND"", ""duration"": ""5 years""}","{""facebook"": ""facebook.com/club_8491"", ""twitter"": ""twitter.com/club_6458"", ""instagram"": ""instagram.com/club_7384""}"
C-397,1025,Recreativo da Caala,Angola,Girabola,Estadio 11 de Novembro,'4-2-4',Attacking Overload,732456000.0,292982400.0,"{""last_5_transfers"": [{""year"": 2022, ""player"": ""Player_757"", ""fee"": 2362111.2, ""type"": ""In""}, {""year"": 2023, ""player"": ""Player_355"", ""fee"": 4957365.06, ""type"": ""In""}, {""year"": 2019, ""player"": ""Player_750"", ""fee"": 4583982.2, ""type"": ""Out""}, {""year"": 2024, ""player"": ""Player_564"", ""fee"": 1978649.59, ""type"": ""Out""}, {""year"": 2021, ""player"": ""Player_617"", ""fee"": 4487948.25, ""type"": ""In""}], ""total_spend"": 5500344.96, ""total_income"": 7323123.2}",101667.15362689544,3 years,True,Local talent,Asian market,1.43,"{""kit_sponsor"": ""Under Armour"", ""main_sponsor"": ""Samsung"", ""value"": ""881361 TND"", ""duration"": ""4 years""}","{""facebook"": ""facebook.com/club_5705"", ""twitter"": ""twitter.com/club_1350"", ""instagram"": ""instagram.com/club_5857""}"
C-398,752,Recreativo do Libolo,Angola,Segunda Divisao,Estadio 11 de Novembro,'4-3-2-1',Possession Control,2987066000.0,1194826400.0,"{""last_5_transfers"": [{""year"": 2019, ""player"": ""Player_787"", ""fee"": 2555610.34, ""type"": ""Out""}, {""year"": 2020, ""player"": ""Player_263"", ""fee"": 1444833.56, ""type"": ""Out""}, {""year"": 2023, ""player"": ""Player_299"", ""fee"": 1823759.1, ""type"": ""Out""}, {""year"": 2021, ""player"": ""Player_460"", ""fee"": 2596917.98, ""type"": ""In""}, {""year"": 2019, ""player"": ""Player_932"", ""fee"": 3162325.78, ""type"": ""Out""}], ""total_spend"": 1777120.24, ""total_income"": 2661283.01}",516986.1939245702,3 years,False,Local talent,European market,3.58,"{""kit_sponsor"": ""Umbro"", ""main_sponsor"": ""Orange"", ""value"": ""814384 TND"", ""duration"": ""4 years""}","{""facebook"": ""facebook.com/club_6537"", ""twitter"": ""twitter.com/club_8717"", ""instagram"": ""instagram.com/club_6766""}"
C-399,1035,Red Arrows,Zambia,Zambian Premier League,National Heroes Stadium,'3-5-2',East African Speed,101720000.0,40688000.0,"{""last_5_transfers"": [{""year"": 2020, ""player"": ""Player_599"", ""fee"": 4033020.83, ""type"": ""In""}, {""year"": 2021, ""player"": ""Player_875"", ""fee"": 2788658.47, ""type"": ""In""}, {""year"": 2021, ""player"": ""Player_324"", ""fee"": 4641238.14, ""type"": ""Out""}, {""year"": 2023, ""player"": ""Player_692"", ""fee"": 1161387.83, ""type"": ""Out""}, {""year"": 2021, ""player"": ""Player_556"", ""fee"": 2773684.81, ""type"": ""In""}], ""total_spend"": 1643872.84, ""total_income"": 5882350.91}",829482.9184910591,3 years,True,Local talent,Young talents,8.82,"{""kit_sponsor"": ""Le Coq Sportif"", ""main_sponsor"": ""Puma"", ""value"": ""903729 TND"", ""duration"": ""1 years""}","{""facebook"": ""facebook.com/club_3514"", ""twitter"": ""twitter.com/club_6847"", ""instagram"": ""instagram.com/club_6931""}"
C-400,1303,Remo Stars,Nigeria,Nigeria National League,Moshood Abiola National Stadium,'3-4-2-1',Defensive Structure,774147000.0,309658800.0,"{""last_5_transfers"": [{""year"": 2023, ""player"": ""Player_637"", ""fee"": 2933785.63, ""type"": ""In""}, {""year"": 2021, ""player"": ""Player_32"", ""fee"": 1603460.49, ""type"": ""Out""}, {""year"": 2024, ""player"": ""Player_812"", ""fee"": 2194949.19, ""type"": ""Out""}, {""year"": 2019, ""player"": ""Player_743"", ""fee"": 236987.1, ""type"": ""Out""}, {""year"": 2022, ""player"": ""Player_350"", ""fee"": 2069549.23, ""type"": ""In""}], ""total_spend"": 2614032.02, ""total_income"": 7079018.49}",156274.95508429792,4 years,True,Proven professionals,African talents,2.46,"{""kit_sponsor"": ""Le Coq Sportif"", ""main_sponsor"": ""Danone"", ""value"": ""896889 TND"", ""duration"": ""2 years""}","{""facebook"": ""facebook.com/club_5490"", ""twitter"": ""twitter.com/club_8863"", ""instagram"": ""instagram.com/club_7679""}"
C-401,1360,Renaissance Club Zemamra,Morocco,Botola 2,Stade Mohammed V,'4-2-2-2',Wing Play,49804000.0,19921600.0,"{""last_5_transfers"": [{""year"": 2019, ""player"": ""Player_120"", ""fee"": 1744740.08, ""type"": ""In""}, {""year"": 2019, ""player"": ""Player_507"", ""fee"": 4723504.34, ""type"": ""In""}, {""year"": 2022, ""player"": ""Player_32"", ""fee"": 2913737.4, ""type"": ""In""}, {""year"": 2021, ""player"": ""Player_876"", ""fee"": 277068.76, ""type"": ""Out""}, {""year"": 2019, ""player"": ""Player_675"", ""fee"": 3823919.42, ""type"": ""In""}], ""total_spend"": 5244338.51, ""total_income"": 6344005.0}",515617.1891435831,3 years,False,Young prospects,Local academy,3.52,"{""kit_sponsor"": ""New Balance"", ""main_sponsor"": ""BMW"", ""value"": ""645777 TND"", ""duration"": ""2 years""}","{""facebook"": ""facebook.com/club_8249"", ""twitter"": ""twitter.com/club_4206"", ""instagram"": ""instagram.com/club_3414""}"
C-402,1584,Renaissance de Ngoumou,Cameroon,Elite Two,Olembe Stadium,'5-3-2',Technical Dribbling,1419668000.0,567867200.0,"{""last_5_transfers"": [{""year"": 2021, ""player"": ""Player_917"", ""fee"": 3014345.96, ""type"": ""In""}, {""year"": 2024, ""player"": ""Player_88"", ""fee"": 1297503.9, ""type"": ""In""}, {""year"": 2023, ""player"": ""Player_577"", ""fee"": 3803370.42, ""type"": ""In""}, {""year"": 2023, ""player"": ""Player_37"", ""fee"": 3597218.38, ""type"": ""In""}, {""year"": 2022, ""player"": ""Player_14"", ""fee"": 305739.37, ""type"": ""Out""}], ""total_spend"": 1721776.05, ""total_income"": 3481590.38}",757981.3687598065,2 years,False,Proven professionals,Under-23 talents,4.25,"{""kit_sponsor"": ""Puma"", ""main_sponsor"": ""D\u00e9lice"", ""value"": ""368845 TND"", ""duration"": ""3 years""}","{""facebook"": ""facebook.com/club_3980"", ""twitter"": ""twitter.com/club_1359"", ""instagram"": ""instagram.com/club_1860""}"
C-403,1553,Rising Stars,Nigeria,Nigeria National League,Moshood Abiola National Stadium,'3-5-2',Quick Counter-attacks,2039489000.0,815795600.0,"{""last_5_transfers"": [{""year"": 2022, ""player"": ""Player_438"", ""fee"": 3676438.66, ""type"": ""In""}, {""year"": 2019, ""player"": ""Player_905"", ""fee"": 4523380.21, ""type"": ""Out""}, {""year"": 2021, ""player"": ""Player_13"", ""fee"": 4913591.8, ""type"": ""Out""}, {""year"": 2020, ""player"": ""Player_676"", ""fee"": 2851012.68, ""type"": ""In""}, {""year"": 2023, ""player"": ""Player_39"", ""fee"": 4055097.17, ""type"": ""Out""}], ""total_spend"": 1196394.36, ""total_income"": 4679970.46}",159945.629785355,4 years,True,Proven professionals,Under-23 talents,0.01,"{""kit_sponsor"": ""Puma"", ""main_sponsor"": ""Magasin G\u00e9n\u00e9ral"", ""value"": ""725971 TND"", ""duration"": ""2 years""}","{""facebook"": ""facebook.com/club_9026"", ""twitter"": ""twitter.com/club_5245"", ""instagram"": ""instagram.com/club_2619""}"
C-404,2261,Roan United,Zambia,Zambian Premier League,National Heroes Stadium,'4-1-3-2',North African Technical,55218000.0,22087200.0,"{""last_5_transfers"": [{""year"": 2024, ""player"": ""Player_934"", ""fee"": 4288367.06, ""type"": ""In""}, {""year"": 2020, ""player"": ""Player_776"", ""fee"": 1444411.52, ""type"": ""Out""}, {""year"": 2023, ""player"": ""Player_456"", ""fee"": 450736.12, ""type"": ""Out""}, {""year"": 2019, ""player"": ""Player_680"", ""fee"": 2363827.84, ""type"": ""In""}, {""year"": 2022, ""player"": ""Player_981"", ""fee"": 3501606.22, ""type"": ""Out""}], ""total_spend"": 8623762.76, ""total_income"": 5113340.33}",775949.0799228646,3 years,False,Local talent,Young talents,4.17,"{""kit_sponsor"": ""Local Brand"", ""main_sponsor"": ""Huawei"", ""value"": ""337749 TND"", ""duration"": ""3 years""}","{""facebook"": ""facebook.com/club_1258"", ""twitter"": ""twitter.com/club_6011"", ""instagram"": ""instagram.com/club_6553""}"
C-405,2323,Roumde Adjia,Cameroon,Elite Two,Olembe Stadium,'3-5-1-1',Defensive Solidarity,1143844000.0,457537600.0,"{""last_5_transfers"": [{""year"": 2022, ""player"": ""Player_765"", ""fee"": 2134669.54, ""type"": ""In""}, {""year"": 2021, ""player"": ""Player_478"", ""fee"": 4424841.2, ""type"": ""Out""}, {""year"": 2021, ""player"": ""Player_525"", ""fee"": 1150145.02, ""type"": ""In""}, {""year"": 2022, ""player"": ""Player_921"", ""fee"": 2697846.59, ""type"": ""Out""}, {""year"": 2020, ""player"": ""Player_621"", ""fee"": 477261.16, ""type"": ""Out""}], ""total_spend"": 4978874.56, ""total_income"": 7357503.32}",310246.4622907098,2 years,True,Experienced players,Young talents,7.76,"{""kit_sponsor"": ""Under Armour"", ""main_sponsor"": ""Magasin G\u00e9n\u00e9ral"", ""value"": ""888417 TND"", ""duration"": ""1 years""}","{""facebook"": ""facebook.com/club_9359"", ""twitter"": ""twitter.com/club_3972"", ""instagram"": ""instagram.com/club_4891""}"
C-406,951,Royal AM,South Africa,National First Division,FNB Stadium,'4-3-2-1',High Press,35584000.0,14233600.0,"{""last_5_transfers"": [{""year"": 2021, ""player"": ""Player_917"", ""fee"": 868990.3, ""type"": ""Out""}, {""year"": 2019, ""player"": ""Player_735"", ""fee"": 2452617.57, ""type"": ""In""}, {""year"": 2024, ""player"": ""Player_492"", ""fee"": 2694929.63, ""type"": ""Out""}, {""year"": 2024, ""player"": ""Player_81"", ""fee"": 4651783.52, ""type"": ""Out""}, {""year"": 2020, ""player"": ""Player_255"", ""fee"": 237121.09, ""type"": ""Out""}], ""total_spend"": 9539267.93, ""total_income"": 7171285.52}",630255.6754268392,3 years,True,Proven professionals,African talents,2.93,"{""kit_sponsor"": ""Nike"", ""main_sponsor"": ""Orange"", ""value"": ""134091 TND"", ""duration"": ""2 years""}","{""facebook"": ""facebook.com/club_2483"", ""twitter"": ""twitter.com/club_8501"", ""instagram"": ""instagram.com/club_5201""}"
C-407,604,RSB Berkane,Morocco,Botola Pro,Stade Mohammed V,'3-5-2',Low Block Counter,5380000.0,2152000.0,"{""last_5_transfers"": [{""year"": 2021, ""player"": ""Player_270"", ""fee"": 482257.59, ""type"": ""In""}, {""year"": 2022, ""player"": ""Player_903"", ""fee"": 1374356.21, ""type"": ""In""}, {""year"": 2019, ""player"": ""Player_456"", ""fee"": 4086560.2, ""type"": ""In""}, {""year"": 2022, ""player"": ""Player_256"", ""fee"": 4434847.64, ""type"": ""In""}, {""year"": 2019, ""player"": ""Player_600"", ""fee"": 1967436.89, ""type"": ""Out""}], ""total_spend"": 4881815.7, ""total_income"": 1647601.05}",541714.1747615278,3 years,True,International players,Young talents,2.22,"{""kit_sponsor"": ""Mizuno"", ""main_sponsor"": ""Ooredoo"", ""value"": ""673794 TND"", ""duration"": ""1 years""}","{""facebook"": ""facebook.com/club_5780"", ""twitter"": ""twitter.com/club_8901"", ""instagram"": ""instagram.com/club_8038""}"
C-408,2265,Sabana de Mopti,Mali,Malian Premiere Division,Stade 26 Mars,'4-2-2-2',Defensive Structure,2740393000.0,1096157200.0,"{""last_5_transfers"": [{""year"": 2020, ""player"": ""Player_942"", ""fee"": 1989155.7, ""type"": ""Out""}, {""year"": 2024, ""player"": ""Player_861"", ""fee"": 221931.2, ""type"": ""In""}, {""year"": 2021, ""player"": ""Player_189"", ""fee"": 740088.78, ""type"": ""In""}, {""year"": 2024, ""player"": ""Player_378"", ""fee"": 1596520.66, ""type"": ""Out""}, {""year"": 2021, ""player"": ""Player_534"", ""fee"": 932848.31, ""type"": ""Out""}], ""total_spend"": 6600882.05, ""total_income"": 7719367.92}",291369.6305615518,2 years,False,Academy graduates,Under-23 talents,7.38,"{""kit_sponsor"": ""Puma"", ""main_sponsor"": ""Al Baraka Bank"", ""value"": ""964221 TND"", ""duration"": ""3 years""}","{""facebook"": ""facebook.com/club_1323"", ""twitter"": ""twitter.com/club_9673"", ""instagram"": ""instagram.com/club_6408""}"
C-409,2122,Sabe,Ivory Coast,Ligue 1,Stade Olympique Alassane Ouattara,'4-2-4',Wing Play,362020000.0,144808000.0,"{""last_5_transfers"": [{""year"": 2019, ""player"": ""Player_820"", ""fee"": 2353289.65, ""type"": ""Out""}, {""year"": 2023, ""player"": ""Player_478"", ""fee"": 1030700.84, ""type"": ""In""}, {""year"": 2023, ""player"": ""Player_172"", ""fee"": 3594913.87, ""type"": ""Out""}, {""year"": 2019, ""player"": ""Player_994"", ""fee"": 4373886.65, ""type"": ""Out""}, {""year"": 2022, ""player"": ""Player_200"", ""fee"": 3930364.7, ""type"": ""Out""}], ""total_spend"": 9042501.86, ""total_income"": 6285715.89}",111007.90254242708,3 years,False,International players,Young talents,1.03,"{""kit_sponsor"": ""Under Armour"", ""main_sponsor"": ""Qatar Airways"", ""value"": ""945703 TND"", ""duration"": ""3 years""}","{""facebook"": ""facebook.com/club_9189"", ""twitter"": ""twitter.com/club_1474"", ""instagram"": ""instagram.com/club_3723""}"
C-410,1504,Sable Batie,Cameroon,Elite One,Olembe Stadium,'3-4-3',West African Power,358323000.0,143329200.0,"{""last_5_transfers"": [{""year"": 2020, ""player"": ""Player_168"", ""fee"": 2248832.2, ""type"": ""Out""}, {""year"": 2024, ""player"": ""Player_78"", ""fee"": 1037990.34, ""type"": ""In""}, {""year"": 2020, ""player"": ""Player_510"", ""fee"": 2004369.0, ""type"": ""In""}, {""year"": 2020, ""player"": ""Player_647"", ""fee"": 1202871.82, ""type"": ""In""}, {""year"": 2020, ""player"": ""Player_502"", ""fee"": 2294447.55, ""type"": ""Out""}], ""total_spend"": 4474362.1, ""total_income"": 4442014.65}",483092.59191732405,2 years,False,Experienced players,Asian market,4.79,"{""kit_sponsor"": ""Nike"", ""main_sponsor"": ""Carrefour"", ""value"": ""693783 TND"", ""duration"": ""4 years""}","{""facebook"": ""facebook.com/club_9249"", ""twitter"": ""twitter.com/club_7102"", ""instagram"": ""instagram.com/club_5058""}"
C-411,891,Sagrada Esperanca,Angola,Girabola,Estadio 11 de Novembro,'4-4-1-1',Technical Dribbling,2885749000.0,1154299600.0,"{""last_5_transfers"": [{""year"": 2024, ""player"": ""Player_606"", ""fee"": 2378454.32, ""type"": ""In""}, {""year"": 2022, ""player"": ""Player_945"", ""fee"": 1278883.51, ""type"": ""In""}, {""year"": 2020, ""player"": ""Player_501"", ""fee"": 275835.92, ""type"": ""In""}, {""year"": 2023, ""player"": ""Player_166"", ""fee"": 2256193.49, ""type"": ""In""}, {""year"": 2024, ""player"": ""Player_406"", ""fee"": 4905664.84, ""type"": ""Out""}], ""total_spend"": 1203126.23, ""total_income"": 2723467.44}",652733.675964099,3 years,False,Young prospects,European market,9.46,"{""kit_sponsor"": ""Nike"", ""main_sponsor"": ""Coca-Cola"", ""value"": ""957942 TND"", ""duration"": ""1 years""}","{""facebook"": ""facebook.com/club_4062"", ""twitter"": ""twitter.com/club_7888"", ""instagram"": ""instagram.com/club_7895""}"
C-412,2038,Sahel,Niger,Niger Premier League,Stade General Seyni Kountche,'3-3-3-1',Attacking Overload,1929300000.0,771720000.0,"{""last_5_transfers"": [{""year"": 2021, ""player"": ""Player_8"", ""fee"": 4335552.09, ""type"": ""Out""}, {""year"": 2021, ""player"": ""Player_283"", ""fee"": 2701651.77, ""type"": ""Out""}, {""year"": 2020, ""player"": ""Player_592"", ""fee"": 2210736.03, ""type"": ""Out""}, {""year"": 2024, ""player"": ""Player_705"", ""fee"": 1214720.42, ""type"": ""In""}, {""year"": 2022, ""player"": ""Player_317"", ""fee"": 769584.6, ""type"": ""In""}], ""total_spend"": 1471769.44, ""total_income"": 2486988.09}",705913.3032798519,3 years,False,Experienced players,Young talents,9.99,"{""kit_sponsor"": ""Kappa"", ""main_sponsor"": ""TotalEnergies"", ""value"": ""335769 TND"", ""duration"": ""1 years""}","{""facebook"": ""facebook.com/club_9915"", ""twitter"": ""twitter.com/club_1989"", ""instagram"": ""instagram.com/club_8003""}"
C-413,1426,Saida,Algeria,Ligue Professionnelle 1,Stade 5 Juillet 1962,'5-2-3',Defensive Solidarity,217450000.0,86980000.0,"{""last_5_transfers"": [{""year"": 2023, ""player"": ""Player_45"", ""fee"": 3715845.45, ""type"": ""Out""}, {""year"": 2022, ""player"": ""Player_419"", ""fee"": 1500945.65, ""type"": ""Out""}, {""year"": 2023, ""player"": ""Player_137"", ""fee"": 1207206.38, ""type"": ""In""}, {""year"": 2021, ""player"": ""Player_271"", ""fee"": 3160938.53, ""type"": ""Out""}, {""year"": 2021, ""player"": ""Player_667"", ""fee"": 3800376.32, ""type"": ""In""}], ""total_spend"": 3633464.37, ""total_income"": 2800126.94}",571329.9836137581,3 years,True,Proven professionals,Young talents,0.14,"{""kit_sponsor"": ""Mizuno"", ""main_sponsor"": ""Puma"", ""value"": ""468098 TND"", ""duration"": ""1 years""}","{""facebook"": ""facebook.com/club_8295"", ""twitter"": ""twitter.com/club_5078"", ""instagram"": ""instagram.com/club_4595""}"
C-414,1956,Saint George,Ethiopia,Ethiopian Premier League,Addis Ababa Stadium,'5-2-3',Direct Play,147628000.0,59051200.0,"{""last_5_transfers"": [{""year"": 2020, ""player"": ""Player_281"", ""fee"": 4865707.67, ""type"": ""In""}, {""year"": 2024, ""player"": ""Player_82"", ""fee"": 3806615.67, ""type"": ""Out""}, {""year"": 2021, ""player"": ""Player_737"", ""fee"": 4488373.63, ""type"": ""Out""}, {""year"": 2020, ""player"": ""Player_58"", ""fee"": 1238591.88, ""type"": ""In""}, {""year"": 2022, ""player"": ""Player_48"", ""fee"": 4866166.87, ""type"": ""Out""}], ""total_spend"": 2186054.4, ""total_income"": 6712748.19}",652582.5702029277,3 years,False,Young prospects,European market,0.52,"{""kit_sponsor"": ""Mizuno"", ""main_sponsor"": ""Qatar Airways"", ""value"": ""333686 TND"", ""duration"": ""2 years""}","{""facebook"": ""facebook.com/club_5017"", ""twitter"": ""twitter.com/club_6104"", ""instagram"": ""instagram.com/club_1605""}"
C-415,970,San Pedro,Ivory Coast,Ligue 1,Stade Olympique Alassane Ouattara,'4-2-3-1',Attacking Overload,1428082000.0,571232800.0,"{""last_5_transfers"": [{""year"": 2020, ""player"": ""Player_759"", ""fee"": 2265060.25, ""type"": ""Out""}, {""year"": 2019, ""player"": ""Player_497"", ""fee"": 589472.26, ""type"": ""Out""}, {""year"": 2019, ""player"": ""Player_642"", ""fee"": 3226183.94, ""type"": ""Out""}, {""year"": 2022, ""player"": ""Player_209"", ""fee"": 382142.53, ""type"": ""Out""}, {""year"": 2021, ""player"": ""Player_680"", ""fee"": 2314054.84, ""type"": ""In""}], ""total_spend"": 3731060.23, ""total_income"": 916787.85}",603680.450155234,3 years,False,Experienced players,European market,8.58,"{""kit_sponsor"": ""Kappa"", ""main_sponsor"": ""Puma"", ""value"": ""783456 TND"", ""duration"": ""1 years""}","{""facebook"": ""facebook.com/club_4962"", ""twitter"": ""twitter.com/club_5477"", ""instagram"": ""instagram.com/club_7151""}"
C-416,2451,Santa Rita de Cassia FC,Angola,Segunda Divisao,Estadio 11 de Novembro,'3-5-1-1',Direct Play,1270697000.0,508278800.0,"{""last_5_transfers"": [{""year"": 2020, ""player"": ""Player_717"", ""fee"": 1288171.69, ""type"": ""Out""}, {""year"": 2024, ""player"": ""Player_340"", ""fee"": 1732185.88, ""type"": ""Out""}, {""year"": 2019, ""player"": ""Player_735"", ""fee"": 1926900.12, ""type"": ""In""}, {""year"": 2019, ""player"": ""Player_282"", ""fee"": 2609575.35, ""type"": ""In""}, {""year"": 2022, ""player"": ""Player_69"", ""fee"": 1854695.4, ""type"": ""In""}], ""total_spend"": 3724513.14, ""total_income"": 7246240.84}",525636.7300726941,3 years,False,International players,Local academy,8.99,"{""kit_sponsor"": ""Le Coq Sportif"", ""main_sponsor"": ""Tunisie Telecom"", ""value"": ""982012 TND"", ""duration"": ""1 years""}","{""facebook"": ""facebook.com/club_8338"", ""twitter"": ""twitter.com/club_3575"", ""instagram"": ""instagram.com/club_7670""}"
C-417,1357,Santos,South Africa,National First Division,FNB Stadium,'5-4-1',Total Football,34965000.0,13986000.0,"{""last_5_transfers"": [{""year"": 2020, ""player"": ""Player_915"", ""fee"": 1938922.3, ""type"": ""In""}, {""year"": 2019, ""player"": ""Player_382"", ""fee"": 1961505.45, ""type"": ""Out""}, {""year"": 2019, ""player"": ""Player_173"", ""fee"": 1674865.1, ""type"": ""In""}, {""year"": 2023, ""player"": ""Player_494"", ""fee"": 602344.15, ""type"": ""Out""}, {""year"": 2024, ""player"": ""Player_33"", ""fee"": 3141298.84, ""type"": ""Out""}], ""total_spend"": 6393008.92, ""total_income"": 2947181.28}",867356.1429506554,4 years,True,Young prospects,Established professionals,8.42,"{""kit_sponsor"": ""Umbro"", ""main_sponsor"": ""Coca-Cola"", ""value"": ""196797 TND"", ""duration"": ""5 years""}","{""facebook"": ""facebook.com/club_7806"", ""twitter"": ""twitter.com/club_1471"", ""instagram"": ""instagram.com/club_1910""}"
C-418,2236,Santos de Angola,Angola,Girabola,Estadio 11 de Novembro,'4-3-3',West African Power,1542073000.0,616829200.0,"{""last_5_transfers"": [{""year"": 2022, ""player"": ""Player_183"", ""fee"": 2918799.92, ""type"": ""In""}, {""year"": 2022, ""player"": ""Player_610"", ""fee"": 3507645.0, ""type"": ""In""}, {""year"": 2023, ""player"": ""Player_48"", ""fee"": 453298.8, ""type"": ""In""}, {""year"": 2019, ""player"": ""Player_922"", ""fee"": 4999516.63, ""type"": ""Out""}, {""year"": 2020, ""player"": ""Player_153"", ""fee"": 1559853.52, ""type"": ""In""}], ""total_spend"": 4785694.28, ""total_income"": 7267059.47}",526519.9893339227,2 years,True,Proven professionals,Asian market,8.45,"{""kit_sponsor"": ""Adidas"", ""main_sponsor"": ""BIAT Bank"", ""value"": ""783592 TND"", ""duration"": ""4 years""}","{""facebook"": ""facebook.com/club_4302"", ""twitter"": ""twitter.com/club_5242"", ""instagram"": ""instagram.com/club_8492""}"
C-419,2320,Saurimo FC,Angola,Segunda Divisao,Estadio 11 de Novembro,'5-3-2',Wing Play,892997000.0,357198800.0,"{""last_5_transfers"": [{""year"": 2019, ""player"": ""Player_232"", ""fee"": 4214055.67, ""type"": ""Out""}, {""year"": 2023, ""player"": ""Player_642"", ""fee"": 3910420.81, ""type"": ""In""}, {""year"": 2019, ""player"": ""Player_770"", ""fee"": 131735.86, ""type"": ""In""}, {""year"": 2019, ""player"": ""Player_538"", ""fee"": 511362.52, ""type"": ""In""}, {""year"": 2023, ""player"": ""Player_833"", ""fee"": 1045073.67, ""type"": ""Out""}], ""total_spend"": 9039175.89, ""total_income"": 3479150.55}",803918.0249170469,4 years,False,Local talent,Established professionals,8.12,"{""kit_sponsor"": ""Local Brand"", ""main_sponsor"": ""D\u00e9lice"", ""value"": ""588771 TND"", ""duration"": ""5 years""}","{""facebook"": ""facebook.com/club_1090"", ""twitter"": ""twitter.com/club_5020"", ""instagram"": ""instagram.com/club_3245""}"
C-420,1063,SC Chabab Mohammedia,Morocco,Botola 2,Stade Mohammed V,'4-3-1-2',Possession Control,12023000.0,4809200.0,"{""last_5_transfers"": [{""year"": 2022, ""player"": ""Player_180"", ""fee"": 383944.34, ""type"": ""In""}, {""year"": 2022, ""player"": ""Player_18"", ""fee"": 2875313.27, ""type"": ""Out""}, {""year"": 2022, ""player"": ""Player_488"", ""fee"": 289951.26, ""type"": ""In""}, {""year"": 2021, ""player"": ""Player_714"", ""fee"": 359329.59, ""type"": ""In""}, {""year"": 2021, ""player"": ""Player_318"", ""fee"": 4978442.25, ""type"": ""In""}], ""total_spend"": 7437515.45, ""total_income"": 5563401.65}",623450.1940221877,2 years,True,Experienced players,Asian market,5.18,"{""kit_sponsor"": ""Macron"", ""main_sponsor"": ""Turkish Airlines"", ""value"": ""231533 TND"", ""duration"": ""5 years""}","{""facebook"": ""facebook.com/club_8959"", ""twitter"": ""twitter.com/club_9300"", ""instagram"": ""instagram.com/club_5774""}"
C-421,2056,Scorpion FC de Be,Cameroon,Elite Two,Olembe Stadium,'5-4-1',Defensive Solidarity,617569000.0,247027600.0,"{""last_5_transfers"": [{""year"": 2024, ""player"": ""Player_231"", ""fee"": 3790864.9, ""type"": ""Out""}, {""year"": 2020, ""player"": ""Player_539"", ""fee"": 4688517.85, ""type"": ""In""}, {""year"": 2019, ""player"": ""Player_91"", ""fee"": 2492558.99, ""type"": ""Out""}, {""year"": 2021, ""player"": ""Player_672"", ""fee"": 3594653.73, ""type"": ""Out""}, {""year"": 2019, ""player"": ""Player_421"", ""fee"": 3626341.67, ""type"": ""In""}], ""total_spend"": 1414083.14, ""total_income"": 3649367.86}",829576.160220064,3 years,True,Academy graduates,European market,4.19,"{""kit_sponsor"": ""Kappa"", ""main_sponsor"": ""Huawei"", ""value"": ""991844 TND"", ""duration"": ""5 years""}","{""facebook"": ""facebook.com/club_2558"", ""twitter"": ""twitter.com/club_4639"", ""instagram"": ""instagram.com/club_5288""}"
C-422,1456,sekhukhune united fc,South Africa,Premier Soccer League,FNB Stadium,'4-3-1-2',Wing Play,59124000.0,23649600.0,"{""last_5_transfers"": [{""year"": 2019, ""player"": ""Player_820"", ""fee"": 3062205.99, ""type"": ""In""}, {""year"": 2023, ""player"": ""Player_951"", ""fee"": 2082942.14, ""type"": ""Out""}, {""year"": 2019, ""player"": ""Player_347"", ""fee"": 2135881.47, ""type"": ""In""}, {""year"": 2024, ""player"": ""Player_358"", ""fee"": 822782.38, ""type"": ""Out""}, {""year"": 2020, ""player"": ""Player_480"", ""fee"": 1477258.28, ""type"": ""Out""}], ""total_spend"": 7826325.43, ""total_income"": 7513063.14}",989420.7581824152,3 years,False,Academy graduates,Young talents,5.0,"{""kit_sponsor"": ""Under Armour"", ""main_sponsor"": ""STB Bank"", ""value"": ""503710 TND"", ""duration"": ""1 years""}","{""facebook"": ""facebook.com/club_9500"", ""twitter"": ""twitter.com/club_8826"", ""instagram"": ""instagram.com/club_2031""}"
C-423,763,Sewe,Ivory Coast,Ligue 1,Stade Olympique Alassane Ouattara,'4-1-4-1',Attacking Overload,2069527000.0,827810800.0,"{""last_5_transfers"": [{""year"": 2021, ""player"": ""Player_407"", ""fee"": 4552878.18, ""type"": ""In""}, {""year"": 2019, ""player"": ""Player_823"", ""fee"": 3326457.83, ""type"": ""Out""}, {""year"": 2024, ""player"": ""Player_9"", ""fee"": 2164633.09, ""type"": ""Out""}, {""year"": 2023, ""player"": ""Player_907"", ""fee"": 3628101.96, ""type"": ""In""}, {""year"": 2024, ""player"": ""Player_242"", ""fee"": 2567596.17, ""type"": ""In""}], ""total_spend"": 8802191.92, ""total_income"": 928533.57}",688921.0749687739,2 years,False,Proven professionals,Local academy,1.52,"{""kit_sponsor"": ""Nike"", ""main_sponsor"": ""Magasin G\u00e9n\u00e9ral"", ""value"": ""208127 TND"", ""duration"": ""2 years""}","{""facebook"": ""facebook.com/club_6992"", ""twitter"": ""twitter.com/club_9284"", ""instagram"": ""instagram.com/club_8654""}"
C-424,1385,Shabanie Mine,Zimbabwe,Zimbabwe Premier Soccer League,National Sports Stadium,'3-6-1',East African Speed,3044889000.0,1217955600.0,"{""last_5_transfers"": [{""year"": 2021, ""player"": ""Player_383"", ""fee"": 2975125.62, ""type"": ""In""}, {""year"": 2022, ""player"": ""Player_590"", ""fee"": 604625.29, ""type"": ""In""}, {""year"": 2020, ""player"": ""Player_277"", ""fee"": 3281817.16, ""type"": ""In""}, {""year"": 2019, ""player"": ""Player_858"", ""fee"": 2513142.13, ""type"": ""Out""}, {""year"": 2024, ""player"": ""Player_816"", ""fee"": 3597686.24, ""type"": ""In""}], ""total_spend"": 3184480.27, ""total_income"": 7819302.81}",195221.0170455122,4 years,True,Experienced players,Established professionals,8.22,"{""kit_sponsor"": ""Local Brand"", ""main_sponsor"": ""Al Baraka Bank"", ""value"": ""490548 TND"", ""duration"": ""2 years""}","{""facebook"": ""facebook.com/club_3231"", ""twitter"": ""twitter.com/club_7553"", ""instagram"": ""instagram.com/club_3652""}"
C-425,1009,Sharks,Nigeria,Nigeria National League,Moshood Abiola National Stadium,'4-3-3',Tiki-Taka Adaptation,1908694000.0,763477600.0,"{""last_5_transfers"": [{""year"": 2021, ""player"": ""Player_956"", ""fee"": 3272250.26, ""type"": ""Out""}, {""year"": 2023, ""player"": ""Player_271"", ""fee"": 3393057.65, ""type"": ""Out""}, {""year"": 2020, ""player"": ""Player_568"", ""fee"": 1450303.06, ""type"": ""Out""}, {""year"": 2021, ""player"": ""Player_714"", ""fee"": 3793928.15, ""type"": ""In""}, {""year"": 2024, ""player"": ""Player_705"", ""fee"": 2354478.49, ""type"": ""In""}], ""total_spend"": 9885221.42, ""total_income"": 4979455.12}",141310.147579464,3 years,False,Local talent,African talents,2.21,"{""kit_sponsor"": ""Umbro"", ""main_sponsor"": ""Ooredoo"", ""value"": ""767829 TND"", ""duration"": ""4 years""}","{""facebook"": ""facebook.com/club_7972"", ""twitter"": ""twitter.com/club_9640"", ""instagram"": ""instagram.com/club_9268""}"
C-426,1122,Shooting Stars,Nigeria,Nigeria Professional Football League,Moshood Abiola National Stadium,'4-1-4-1',Low Block Counter,1097196000.0,438878400.0,"{""last_5_transfers"": [{""year"": 2024, ""player"": ""Player_634"", ""fee"": 1144662.33, ""type"": ""In""}, {""year"": 2019, ""player"": ""Player_581"", ""fee"": 1883420.35, ""type"": ""In""}, {""year"": 2024, ""player"": ""Player_61"", ""fee"": 3028188.12, ""type"": ""Out""}, {""year"": 2024, ""player"": ""Player_71"", ""fee"": 321144.01, ""type"": ""In""}, {""year"": 2021, ""player"": ""Player_392"", ""fee"": 580622.72, ""type"": ""In""}], ""total_spend"": 8807079.45, ""total_income"": 1458025.66}",806502.6391195315,3 years,True,International players,Under-23 talents,7.38,"{""kit_sponsor"": ""Le Coq Sportif"", ""main_sponsor"": ""Audi"", ""value"": ""204953 TND"", ""duration"": ""3 years""}","{""facebook"": ""facebook.com/club_6383"", ""twitter"": ""twitter.com/club_6515"", ""instagram"": ""instagram.com/club_5347""}"
C-427,1807,Shooting Stars,Zimbabwe,Zimbabwe Premier Soccer League,National Sports Stadium,'5-3-2',Tiki-Taka Adaptation,16140025000.0,6456010000.0,"{""last_5_transfers"": [{""year"": 2020, ""player"": ""Player_520"", ""fee"": 1105145.33, ""type"": ""In""}, {""year"": 2020, ""player"": ""Player_551"", ""fee"": 4869459.39, ""type"": ""In""}, {""year"": 2022, ""player"": ""Player_503"", ""fee"": 4633638.26, ""type"": ""In""}, {""year"": 2024, ""player"": ""Player_239"", ""fee"": 3074958.07, ""type"": ""Out""}, {""year"": 2023, ""player"": ""Player_426"", ""fee"": 4808608.86, ""type"": ""In""}], ""total_spend"": 1452637.9, ""total_income"": 4734386.57}",253559.0569233926,3 years,False,Experienced players,Established professionals,5.87,"{""kit_sponsor"": ""Under Armour"", ""main_sponsor"": ""Turkish Airlines"", ""value"": ""430914 TND"", ""duration"": ""1 years""}","{""facebook"": ""facebook.com/club_3034"", ""twitter"": ""twitter.com/club_7204"", ""instagram"": ""instagram.com/club_3762""}"
C-428,2432,Sigui,Mali,Malian Premiere Division,Stade 26 Mars,'4-3-1-2',High Press,1586443000.0,634577200.0,"{""last_5_transfers"": [{""year"": 2019, ""player"": ""Player_637"", ""fee"": 4635548.89, ""type"": ""Out""}, {""year"": 2020, ""player"": ""Player_236"", ""fee"": 1823633.95, ""type"": ""In""}, {""year"": 2021, ""player"": ""Player_422"", ""fee"": 1841769.7, ""type"": ""Out""}, {""year"": 2019, ""player"": ""Player_411"", ""fee"": 4819149.3, ""type"": ""In""}, {""year"": 2020, ""player"": ""Player_419"", ""fee"": 724942.37, ""type"": ""In""}], ""total_spend"": 2270454.18, ""total_income"": 1330396.42}",871624.0597089314,2 years,False,International players,African talents,9.91,"{""kit_sponsor"": ""Macron"", ""main_sponsor"": ""Danone"", ""value"": ""949530 TND"", ""duration"": ""3 years""}","{""facebook"": ""facebook.com/club_7084"", ""twitter"": ""twitter.com/club_7355"", ""instagram"": ""instagram.com/club_6743""}"
C-429,971,Simba SC,Tanzania,First Division League,Benjamin Mkapa Stadium,'4-4-2',West African Power,3674031000.0,1469612400.0,"{""last_5_transfers"": [{""year"": 2019, ""player"": ""Player_995"", ""fee"": 3554687.27, ""type"": ""Out""}, {""year"": 2021, ""player"": ""Player_528"", ""fee"": 2908243.91, ""type"": ""In""}, {""year"": 2023, ""player"": ""Player_315"", ""fee"": 1290966.6, ""type"": ""Out""}, {""year"": 2020, ""player"": ""Player_618"", ""fee"": 3859367.67, ""type"": ""Out""}, {""year"": 2020, ""player"": ""Player_107"", ""fee"": 1699377.61, ""type"": ""Out""}], ""total_spend"": 3593507.24, ""total_income"": 5145640.55}",877149.1499368598,4 years,False,International players,Local academy,9.3,"{""kit_sponsor"": ""Local Brand"", ""main_sponsor"": ""Nike"", ""value"": ""340869 TND"", ""duration"": ""2 years""}","{""facebook"": ""facebook.com/club_6937"", ""twitter"": ""twitter.com/club_7603"", ""instagram"": ""instagram.com/club_2106""}"
C-430,472,Smouha SC,Egypt,Egyptian Premier League,Cairo International Stadium,'4-1-4-1',Possession Control,52129000.0,20851600.0,"{""last_5_transfers"": [{""year"": 2024, ""player"": ""Player_53"", ""fee"": 167411.45, ""type"": ""In""}, {""year"": 2022, ""player"": ""Player_339"", ""fee"": 2267048.9, ""type"": ""Out""}, {""year"": 2023, ""player"": ""Player_785"", ""fee"": 3734164.6, ""type"": ""Out""}, {""year"": 2024, ""player"": ""Player_118"", ""fee"": 779560.37, ""type"": ""In""}, {""year"": 2021, ""player"": ""Player_830"", ""fee"": 4308109.63, ""type"": ""Out""}], ""total_spend"": 3531304.97, ""total_income"": 7951854.01}",951942.3107118828,4 years,True,Proven professionals,Asian market,6.21,"{""kit_sponsor"": ""Local Brand"", ""main_sponsor"": ""Samsung"", ""value"": ""875833 TND"", ""duration"": ""5 years""}","{""facebook"": ""facebook.com/club_9222"", ""twitter"": ""twitter.com/club_3807"", ""instagram"": ""instagram.com/club_6690""}"
C-431,954,SO Armee,Ivory Coast,Ligue 2,Stade Olympique Alassane Ouattara,'4-1-4-1',High-Energy Pressing,2395839000.0,958335600.0,"{""last_5_transfers"": [{""year"": 2023, ""player"": ""Player_577"", ""fee"": 4451527.49, ""type"": ""Out""}, {""year"": 2021, ""player"": ""Player_942"", ""fee"": 4579843.66, ""type"": ""In""}, {""year"": 2019, ""player"": ""Player_101"", ""fee"": 4259615.08, ""type"": ""In""}, {""year"": 2021, ""player"": ""Player_390"", ""fee"": 133748.83, ""type"": ""In""}, {""year"": 2023, ""player"": ""Player_452"", ""fee"": 1784096.47, ""type"": ""In""}], ""total_spend"": 1970356.19, ""total_income"": 1719982.35}",993389.3816140094,4 years,True,Experienced players,Local academy,2.25,"{""kit_sponsor"": ""Hummel"", ""main_sponsor"": ""Pepsi"", ""value"": ""248891 TND"", ""duration"": ""2 years""}","{""facebook"": ""facebook.com/club_7906"", ""twitter"": ""twitter.com/club_9954"", ""instagram"": ""instagram.com/club_6567""}"
C-432,1417,Sofapaka,Kenya,Kenyan Premier League,Moi International Sports Centre,'4-2-4',Direct Play,626434000.0,250573600.0,"{""last_5_transfers"": [{""year"": 2024, ""player"": ""Player_801"", ""fee"": 2488564.8, ""type"": ""In""}, {""year"": 2019, ""player"": ""Player_685"", ""fee"": 2459572.52, ""type"": ""In""}, {""year"": 2021, ""player"": ""Player_871"", ""fee"": 3250607.11, ""type"": ""In""}, {""year"": 2019, ""player"": ""Player_110"", ""fee"": 3805886.18, ""type"": ""In""}, {""year"": 2021, ""player"": ""Player_866"", ""fee"": 440696.66, ""type"": ""Out""}], ""total_spend"": 7189880.75, ""total_income"": 4813847.1}",576231.7268074764,3 years,False,Young prospects,European market,1.65,"{""kit_sponsor"": ""Local Brand"", ""main_sponsor"": ""TotalEnergies"", ""value"": ""796299 TND"", ""duration"": ""5 years""}","{""facebook"": ""facebook.com/club_1431"", ""twitter"": ""twitter.com/club_6702"", ""instagram"": ""instagram.com/club_4496""}"
C-433,1687,Sogakope WAFA,Ghana,Division One League,Baba Yara Stadium,'4-1-4-1',Tiki-Taka Adaptation,42572000.0,17028800.0,"{""last_5_transfers"": [{""year"": 2022, ""player"": ""Player_383"", ""fee"": 709369.42, ""type"": ""In""}, {""year"": 2024, ""player"": ""Player_320"", ""fee"": 4787949.09, ""type"": ""Out""}, {""year"": 2020, ""player"": ""Player_528"", ""fee"": 2572517.94, ""type"": ""In""}, {""year"": 2020, ""player"": ""Player_30"", ""fee"": 164331.55, ""type"": ""Out""}, {""year"": 2024, ""player"": ""Player_459"", ""fee"": 2365871.9, ""type"": ""Out""}], ""total_spend"": 7952950.22, ""total_income"": 1730819.24}",616424.7853925399,2 years,False,Young prospects,European market,2.81,"{""kit_sponsor"": ""Puma"", ""main_sponsor"": ""Soci\u00e9t\u00e9 G\u00e9n\u00e9rale"", ""value"": ""877869 TND"", ""duration"": ""1 years""}","{""facebook"": ""facebook.com/club_4588"", ""twitter"": ""twitter.com/club_2558"", ""instagram"": ""instagram.com/club_5685""}"
C-434,1984,SOL FC,Ivory Coast,Ligue 1,Stade Olympique Alassane Ouattara,'4-5-1',Low Block Counter,892842000.0,357136800.0,"{""last_5_transfers"": [{""year"": 2021, ""player"": ""Player_311"", ""fee"": 1323259.39, ""type"": ""Out""}, {""year"": 2019, ""player"": ""Player_619"", ""fee"": 1034721.55, ""type"": ""In""}, {""year"": 2021, ""player"": ""Player_661"", ""fee"": 4713822.28, ""type"": ""Out""}, {""year"": 2023, ""player"": ""Player_776"", ""fee"": 3138268.2, ""type"": ""In""}, {""year"": 2022, ""player"": ""Player_82"", ""fee"": 1126633.2, ""type"": ""Out""}], ""total_spend"": 4882085.49, ""total_income"": 5281055.56}",967401.9748468174,2 years,False,Experienced players,South American prospects,1.04,"{""kit_sponsor"": ""Nike"", ""main_sponsor"": ""Soci\u00e9t\u00e9 G\u00e9n\u00e9rale"", ""value"": ""922887 TND"", ""duration"": ""3 years""}","{""facebook"": ""facebook.com/club_3049"", ""twitter"": ""twitter.com/club_4651"", ""instagram"": ""instagram.com/club_9826""}"
C-435,2524,Sport Lubango e Benfica,Angola,Girabola,Estadio 11 de Novembro,'4-2-4',Possession Control,1529798000.0,611919200.0,"{""last_5_transfers"": [{""year"": 2021, ""player"": ""Player_160"", ""fee"": 4939916.31, ""type"": ""Out""}, {""year"": 2019, ""player"": ""Player_784"", ""fee"": 3384542.25, ""type"": ""In""}, {""year"": 2024, ""player"": ""Player_504"", ""fee"": 3223658.31, ""type"": ""In""}, {""year"": 2023, ""player"": ""Player_965"", ""fee"": 3794218.89, ""type"": ""In""}, {""year"": 2019, ""player"": ""Player_629"", ""fee"": 422284.04, ""type"": ""In""}], ""total_spend"": 3479049.72, ""total_income"": 7313151.83}",447055.6630945477,3 years,True,Proven professionals,Under-23 talents,3.55,"{""kit_sponsor"": ""Umbro"", ""main_sponsor"": ""Magasin G\u00e9n\u00e9ral"", ""value"": ""694716 TND"", ""duration"": ""5 years""}","{""facebook"": ""facebook.com/club_8672"", ""twitter"": ""twitter.com/club_8227"", ""instagram"": ""instagram.com/club_9815""}"
C-436,1400,Sportif de Chebba,Tunisia,Tunisian Ligue 2,Stade Olympique de Rades,'3-4-2-1',Technical Dribbling,9413000.0,3765200.0,"{""last_5_transfers"": [{""year"": 2023, ""player"": ""Player_668"", ""fee"": 2590693.11, ""type"": ""In""}, {""year"": 2020, ""player"": ""Player_670"", ""fee"": 3842215.68, ""type"": ""In""}, {""year"": 2019, ""player"": ""Player_71"", ""fee"": 4012739.08, ""type"": ""Out""}, {""year"": 2024, ""player"": ""Player_118"", ""fee"": 4957295.17, ""type"": ""In""}, {""year"": 2020, ""player"": ""Player_663"", ""fee"": 4179034.9, ""type"": ""In""}], ""total_spend"": 5039404.66, ""total_income"": 1873572.41}",869225.0977930448,3 years,False,Local talent,Established professionals,2.14,"{""kit_sponsor"": ""Under Armour"", ""main_sponsor"": ""Turkish Airlines"", ""value"": ""961872 TND"", ""duration"": ""5 years""}","{""facebook"": ""facebook.com/club_7073"", ""twitter"": ""twitter.com/club_3586"", ""instagram"": ""instagram.com/club_2799""}"
C-437,2662,Sporting Clube de Benguela,Angola,Girabola,Estadio 11 de Novembro,'3-6-1',Attacking Overload,655806000.0,262322400.0,"{""last_5_transfers"": [{""year"": 2022, ""player"": ""Player_615"", ""fee"": 3935771.38, ""type"": ""Out""}, {""year"": 2019, ""player"": ""Player_21"", ""fee"": 2398637.82, ""type"": ""In""}, {""year"": 2023, ""player"": ""Player_61"", ""fee"": 207164.05, ""type"": ""Out""}, {""year"": 2020, ""player"": ""Player_991"", ""fee"": 3423048.62, ""type"": ""Out""}, {""year"": 2022, ""player"": ""Player_553"", ""fee"": 1382181.49, ""type"": ""Out""}], ""total_spend"": 4664947.01, ""total_income"": 7816030.74}",414141.7239407245,2 years,True,Proven professionals,Under-23 talents,4.42,"{""kit_sponsor"": ""Puma"", ""main_sponsor"": ""Carrefour"", ""value"": ""368939 TND"", ""duration"": ""1 years""}","{""facebook"": ""facebook.com/club_3683"", ""twitter"": ""twitter.com/club_9437"", ""instagram"": ""instagram.com/club_3108""}"
C-438,2584,Sporting de Cabinda,Angola,Girabola,Estadio 11 de Novembro,'4-1-4-1',Defensive Solidarity,3870170000.0,1548068000.0,"{""last_5_transfers"": [{""year"": 2020, ""player"": ""Player_653"", ""fee"": 852486.63, ""type"": ""In""}, {""year"": 2021, ""player"": ""Player_538"", ""fee"": 3986156.15, ""type"": ""In""}, {""year"": 2023, ""player"": ""Player_585"", ""fee"": 2104957.76, ""type"": ""Out""}, {""year"": 2024, ""player"": ""Player_444"", ""fee"": 4406042.03, ""type"": ""Out""}, {""year"": 2019, ""player"": ""Player_393"", ""fee"": 3102711.59, ""type"": ""Out""}], ""total_spend"": 5134655.04, ""total_income"": 6965231.02}",700075.7426703585,4 years,True,Academy graduates,Local academy,5.95,"{""kit_sponsor"": ""Adidas"", ""main_sponsor"": ""Magasin G\u00e9n\u00e9ral"", ""value"": ""736333 TND"", ""duration"": ""4 years""}","{""facebook"": ""facebook.com/club_5734"", ""twitter"": ""twitter.com/club_8429"", ""instagram"": ""instagram.com/club_1238""}"
C-439,1001,Sporting Gagnoa,Ivory Coast,Ligue 2,Stade Olympique Alassane Ouattara,'4-2-3-1',Quick Counter-attacks,796816000.0,318726400.0,"{""last_5_transfers"": [{""year"": 2019, ""player"": ""Player_970"", ""fee"": 4344430.63, ""type"": ""Out""}, {""year"": 2023, ""player"": ""Player_511"", ""fee"": 1365362.72, ""type"": ""In""}, {""year"": 2023, ""player"": ""Player_558"", ""fee"": 1595254.87, ""type"": ""In""}, {""year"": 2019, ""player"": ""Player_731"", ""fee"": 1918064.86, ""type"": ""Out""}, {""year"": 2023, ""player"": ""Player_880"", ""fee"": 3596428.4, ""type"": ""Out""}], ""total_spend"": 2002615.05, ""total_income"": 7876044.61}",641512.901961891,2 years,True,Academy graduates,Asian market,0.57,"{""kit_sponsor"": ""Joma"", ""main_sponsor"": ""Huawei"", ""value"": ""959423 TND"", ""duration"": ""5 years""}","{""facebook"": ""facebook.com/club_5940"", ""twitter"": ""twitter.com/club_8861"", ""instagram"": ""instagram.com/club_5685""}"
C-440,2297,Sportive de Djerba,Tunisia,Tunisian Ligue Professionnelle 1,Stade Olympique de Rades,'5-3-2',Physical Power Play,3942000.0,1576800.0,"{""last_5_transfers"": [{""year"": 2022, ""player"": ""Player_537"", ""fee"": 658077.18, ""type"": ""In""}, {""year"": 2022, ""player"": ""Player_26"", ""fee"": 4580028.31, ""type"": ""In""}, {""year"": 2021, ""player"": ""Player_280"", ""fee"": 2151570.09, ""type"": ""In""}, {""year"": 2023, ""player"": ""Player_667"", ""fee"": 653706.76, ""type"": ""Out""}, {""year"": 2021, ""player"": ""Player_908"", ""fee"": 4978997.67, ""type"": ""In""}], ""total_spend"": 4869597.06, ""total_income"": 5899919.61}",305336.0536043637,4 years,False,Academy graduates,Local academy,7.95,"{""kit_sponsor"": ""Nike"", ""main_sponsor"": ""Samsung"", ""value"": ""266250 TND"", ""duration"": ""1 years""}","{""facebook"": ""facebook.com/club_9170"", ""twitter"": ""twitter.com/club_1071"", ""instagram"": ""instagram.com/club_7093""}"
C-441,1831,St. George,Ethiopia,Ethiopian Premier League,Addis Ababa Stadium,'4-2-2-2',Physical Power Play,138693000.0,55477200.0,"{""last_5_transfers"": [{""year"": 2020, ""player"": ""Player_77"", ""fee"": 3758303.83, ""type"": ""Out""}, {""year"": 2020, ""player"": ""Player_90"", ""fee"": 2461535.95, ""type"": ""In""}, {""year"": 2021, ""player"": ""Player_255"", ""fee"": 4161157.43, ""type"": ""In""}, {""year"": 2019, ""player"": ""Player_63"", ""fee"": 4111186.62, ""type"": ""Out""}, {""year"": 2021, ""player"": ""Player_4"", ""fee"": 3928216.94, ""type"": ""Out""}], ""total_spend"": 3151874.05, ""total_income"": 5615927.91}",108643.18282085832,3 years,True,Experienced players,Local academy,3.52,"{""kit_sponsor"": ""Mizuno"", ""main_sponsor"": ""Danone"", ""value"": ""165982 TND"", ""duration"": ""5 years""}","{""facebook"": ""facebook.com/club_7796"", ""twitter"": ""twitter.com/club_3935"", ""instagram"": ""instagram.com/club_4435""}"
C-442,1684,Stade d'Abidjan,Ivory Coast,Ligue 1,Stade Olympique Alassane Ouattara,'4-3-2-1',Defensive Solidarity,1738240000.0,695296000.0,"{""last_5_transfers"": [{""year"": 2020, ""player"": ""Player_634"", ""fee"": 1849516.53, ""type"": ""Out""}, {""year"": 2020, ""player"": ""Player_200"", ""fee"": 3471159.53, ""type"": ""In""}, {""year"": 2019, ""player"": ""Player_887"", ""fee"": 2054531.98, ""type"": ""In""}, {""year"": 2023, ""player"": ""Player_526"", ""fee"": 3039146.09, ""type"": ""Out""}, {""year"": 2024, ""player"": ""Player_543"", ""fee"": 4695916.75, ""type"": ""In""}], ""total_spend"": 3901142.41, ""total_income"": 6764639.73}",613410.9790590937,2 years,True,Experienced players,Asian market,9.48,"{""kit_sponsor"": ""Hummel"", ""main_sponsor"": ""Shell"", ""value"": ""200271 TND"", ""duration"": ""2 years""}","{""facebook"": ""facebook.com/club_9701"", ""twitter"": ""twitter.com/club_3433"", ""instagram"": ""instagram.com/club_2138""}"
C-443,1166,Stade Gabesien,Tunisia,Tunisian Ligue Professionnelle 1,Stade Olympique de Rades,'4-2-3-1',Low Block Counter,1821000.0,728400.0,"{""last_5_transfers"": [{""year"": 2022, ""player"": ""Player_4"", ""fee"": 3287773.08, ""type"": ""In""}, {""year"": 2023, ""player"": ""Player_944"", ""fee"": 2527034.04, ""type"": ""In""}, {""year"": 2019, ""player"": ""Player_567"", ""fee"": 3531353.91, ""type"": ""Out""}, {""year"": 2019, ""player"": ""Player_745"", ""fee"": 4914643.0, ""type"": ""In""}, {""year"": 2019, ""player"": ""Player_253"", ""fee"": 2076949.84, ""type"": ""In""}], ""total_spend"": 7233337.86, ""total_income"": 5436612.86}",902326.2081502592,3 years,True,Academy graduates,Local academy,1.59,"{""kit_sponsor"": ""New Balance"", ""main_sponsor"": ""Carrefour"", ""value"": ""400767 TND"", ""duration"": ""1 years""}","{""facebook"": ""facebook.com/club_4579"", ""twitter"": ""twitter.com/club_4447"", ""instagram"": ""instagram.com/club_5921""}"
C-444,312,Stade Malien Bamako,Mali,Malian Premiere Division,Stade 26 Mars,'4-3-3',High-Energy Pressing,2418249000.0,967299600.0,"{""last_5_transfers"": [{""year"": 2021, ""player"": ""Player_29"", ""fee"": 3074748.0, ""type"": ""In""}, {""year"": 2020, ""player"": ""Player_906"", ""fee"": 3110283.35, ""type"": ""Out""}, {""year"": 2020, ""player"": ""Player_797"", ""fee"": 4081414.87, ""type"": ""In""}, {""year"": 2023, ""player"": ""Player_892"", ""fee"": 4805284.75, ""type"": ""Out""}, {""year"": 2023, ""player"": ""Player_279"", ""fee"": 4131547.59, ""type"": ""Out""}], ""total_spend"": 2406994.76, ""total_income"": 3068814.96}",851766.536720879,4 years,True,Experienced players,Under-23 talents,9.88,"{""kit_sponsor"": ""Mizuno"", ""main_sponsor"": ""Ooredoo"", ""value"": ""624535 TND"", ""duration"": ""3 years""}","{""facebook"": ""facebook.com/club_9848"", ""twitter"": ""twitter.com/club_6640"", ""instagram"": ""instagram.com/club_3223""}"
C-445,2546,Stade Malien Sikasso,Mali,Malian Premiere Division,Stade 26 Mars,'3-4-3',Total Football,678439000.0,271375600.0,"{""last_5_transfers"": [{""year"": 2023, ""player"": ""Player_84"", ""fee"": 3400802.0, ""type"": ""Out""}, {""year"": 2020, ""player"": ""Player_435"", ""fee"": 3911522.87, ""type"": ""Out""}, {""year"": 2019, ""player"": ""Player_786"", ""fee"": 1888713.54, ""type"": ""Out""}, {""year"": 2023, ""player"": ""Player_161"", ""fee"": 3238399.97, ""type"": ""In""}, {""year"": 2024, ""player"": ""Player_898"", ""fee"": 1165581.07, ""type"": ""Out""}], ""total_spend"": 8173472.35, ""total_income"": 7059294.41}",928850.3439506683,3 years,False,Local talent,Local academy,1.8,"{""kit_sponsor"": ""Kappa"", ""main_sponsor"": ""Carrefour"", ""value"": ""493691 TND"", ""duration"": ""3 years""}","{""facebook"": ""facebook.com/club_8244"", ""twitter"": ""twitter.com/club_6079"", ""instagram"": ""instagram.com/club_4462""}"
C-446,876,Stade Renard de Melong,Cameroon,Elite Two,Olembe Stadium,'5-3-2',High-Energy Pressing,487026000.0,194810400.0,"{""last_5_transfers"": [{""year"": 2019, ""player"": ""Player_780"", ""fee"": 3213470.07, ""type"": ""Out""}, {""year"": 2019, ""player"": ""Player_185"", ""fee"": 1314043.29, ""type"": ""Out""}, {""year"": 2024, ""player"": ""Player_812"", ""fee"": 3795340.77, ""type"": ""In""}, {""year"": 2020, ""player"": ""Player_694"", ""fee"": 1783969.05, ""type"": ""In""}, {""year"": 2023, ""player"": ""Player_984"", ""fee"": 4505253.31, ""type"": ""In""}], ""total_spend"": 4064553.2, ""total_income"": 4193816.03}",353366.3177111858,4 years,True,International players,Young talents,2.64,"{""kit_sponsor"": ""Joma"", ""main_sponsor"": ""Soci\u00e9t\u00e9 G\u00e9n\u00e9rale"", ""value"": ""644502 TND"", ""duration"": ""5 years""}","{""facebook"": ""facebook.com/club_8298"", ""twitter"": ""twitter.com/club_7779"", ""instagram"": ""instagram.com/club_2834""}"
C-447,1172,Stade Tunisien,Tunisia,Tunisian Ligue Professionnelle 1,Stade Olympique de Rades,'5-4-1',North African Technical,7446000.0,2978400.0,"{""last_5_transfers"": [{""year"": 2024, ""player"": ""Player_365"", ""fee"": 2338766.86, ""type"": ""In""}, {""year"": 2020, ""player"": ""Player_338"", ""fee"": 473741.45, ""type"": ""In""}, {""year"": 2020, ""player"": ""Player_443"", ""fee"": 4760281.82, ""type"": ""Out""}, {""year"": 2019, ""player"": ""Player_931"", ""fee"": 828495.0, ""type"": ""In""}, {""year"": 2023, ""player"": ""Player_987"", ""fee"": 647955.54, ""type"": ""Out""}], ""total_spend"": 1551932.12, ""total_income"": 4891428.31}",500699.85237663385,2 years,False,Proven professionals,Under-23 talents,5.83,"{""kit_sponsor"": ""Nike"", ""main_sponsor"": ""Turkish Airlines"", ""value"": ""361152 TND"", ""duration"": ""2 years""}","{""facebook"": ""facebook.com/club_6962"", ""twitter"": ""twitter.com/club_9900"", ""instagram"": ""instagram.com/club_2325""}"
C-448,1307,Stella Club,Ivory Coast,Ligue 1,Stade Olympique Alassane Ouattara,'4-4-2',High-Energy Pressing,2266873000.0,906749200.0,"{""last_5_transfers"": [{""year"": 2021, ""player"": ""Player_3"", ""fee"": 3012084.9, ""type"": ""In""}, {""year"": 2021, ""player"": ""Player_920"", ""fee"": 4737718.31, ""type"": ""In""}, {""year"": 2019, ""player"": ""Player_51"", ""fee"": 2778637.17, ""type"": ""Out""}, {""year"": 2023, ""player"": ""Player_922"", ""fee"": 4502553.07, ""type"": ""In""}, {""year"": 2021, ""player"": ""Player_900"", ""fee"": 2994550.84, ""type"": ""Out""}], ""total_spend"": 1506343.93, ""total_income"": 5981525.45}",150721.85069904107,2 years,False,Proven professionals,African talents,1.39,"{""kit_sponsor"": ""Le Coq Sportif"", ""main_sponsor"": ""Magasin G\u00e9n\u00e9ral"", ""value"": ""896676 TND"", ""duration"": ""5 years""}","{""facebook"": ""facebook.com/club_4745"", ""twitter"": ""twitter.com/club_8591"", ""instagram"": ""instagram.com/club_7989""}"
C-449,898,Stellenbosch FC,South Africa,National First Division,FNB Stadium,'4-4-1-1',Technical Dribbling,21465000.0,8586000.0,"{""last_5_transfers"": [{""year"": 2019, ""player"": ""Player_873"", ""fee"": 4094442.59, ""type"": ""In""}, {""year"": 2023, ""player"": ""Player_123"", ""fee"": 1856155.63, ""type"": ""In""}, {""year"": 2024, ""player"": ""Player_974"", ""fee"": 4758010.47, ""type"": ""In""}, {""year"": 2020, ""player"": ""Player_325"", ""fee"": 3707347.11, ""type"": ""Out""}, {""year"": 2020, ""player"": ""Player_932"", ""fee"": 4636368.33, ""type"": ""In""}], ""total_spend"": 6882816.31, ""total_income"": 5256193.12}",137632.33068499473,2 years,True,International players,Under-23 talents,6.66,"{""kit_sponsor"": ""Umbro"", ""main_sponsor"": ""LG Electronics"", ""value"": ""469591 TND"", ""duration"": ""3 years""}","{""facebook"": ""facebook.com/club_4464"", ""twitter"": ""twitter.com/club_3117"", ""instagram"": ""instagram.com/club_5465""}"
C-450,866,Sunshine Stars,Nigeria,Nigeria National League,Moshood Abiola National Stadium,'4-4-2',Physical Power Play,472139000.0,188855600.0,"{""last_5_transfers"": [{""year"": 2023, ""player"": ""Player_333"", ""fee"": 1764817.23, ""type"": ""In""}, {""year"": 2023, ""player"": ""Player_190"", ""fee"": 761931.77, ""type"": ""In""}, {""year"": 2020, ""player"": ""Player_960"", ""fee"": 2472973.98, ""type"": ""Out""}, {""year"": 2019, ""player"": ""Player_88"", ""fee"": 4310547.26, ""type"": ""In""}, {""year"": 2021, ""player"": ""Player_101"", ""fee"": 558049.31, ""type"": ""In""}], ""total_spend"": 5813468.61, ""total_income"": 3399053.32}",377948.1550043762,2 years,False,Local talent,Local academy,8.13,"{""kit_sponsor"": ""Local Brand"", ""main_sponsor"": ""Adidas"", ""value"": ""654012 TND"", ""duration"": ""1 years""}","{""facebook"": ""facebook.com/club_2079"", ""twitter"": ""twitter.com/club_9443"", ""instagram"": ""instagram.com/club_9419""}"
C-451,717,Supersport United,South Africa,National First Division,FNB Stadium,'4-4-1-1',Technical Dribbling,58559000.0,23423600.0,"{""last_5_transfers"": [{""year"": 2020, ""player"": ""Player_955"", ""fee"": 838683.75, ""type"": ""Out""}, {""year"": 2023, ""player"": ""Player_508"", ""fee"": 4998888.12, ""type"": ""Out""}, {""year"": 2023, ""player"": ""Player_422"", ""fee"": 544772.08, ""type"": ""Out""}, {""year"": 2024, ""player"": ""Player_136"", ""fee"": 759944.73, ""type"": ""Out""}, {""year"": 2022, ""player"": ""Player_704"", ""fee"": 345316.61, ""type"": ""Out""}], ""total_spend"": 1648412.86, ""total_income"": 3197128.55}",125902.64461364888,2 years,True,Young prospects,Established professionals,3.81,"{""kit_sponsor"": ""Hummel"", ""main_sponsor"": ""Audi"", ""value"": ""222727 TND"", ""duration"": ""1 years""}","{""facebook"": ""facebook.com/club_4847"", ""twitter"": ""twitter.com/club_5162"", ""instagram"": ""instagram.com/club_3612""}"
C-452,2511,Tanta,Egypt,Egyptian Second Division,Cairo International Stadium,'4-4-1-1',North African Technical,145537000.0,58214800.0,"{""last_5_transfers"": [{""year"": 2020, ""player"": ""Player_215"", ""fee"": 3024461.76, ""type"": ""In""}, {""year"": 2023, ""player"": ""Player_114"", ""fee"": 2586522.18, ""type"": ""In""}, {""year"": 2021, ""player"": ""Player_639"", ""fee"": 3917779.18, ""type"": ""Out""}, {""year"": 2019, ""player"": ""Player_776"", ""fee"": 3930136.8, ""type"": ""In""}, {""year"": 2019, ""player"": ""Player_448"", ""fee"": 1734178.58, ""type"": ""In""}], ""total_spend"": 8229115.5, ""total_income"": 1117928.0}",201480.52970341657,4 years,True,Academy graduates,Under-23 talents,2.29,"{""kit_sponsor"": ""Kappa"", ""main_sponsor"": ""Qatar Airways"", ""value"": ""379842 TND"", ""duration"": ""1 years""}","{""facebook"": ""facebook.com/club_1000"", ""twitter"": ""twitter.com/club_7487"", ""instagram"": ""instagram.com/club_4636""}"
C-453,1554,Taraba,Nigeria,Nigeria National League,Moshood Abiola National Stadium,'4-3-3',North African Technical,1825967000.0,730386800.0,"{""last_5_transfers"": [{""year"": 2024, ""player"": ""Player_692"", ""fee"": 277935.74, ""type"": ""In""}, {""year"": 2019, ""player"": ""Player_491"", ""fee"": 4026848.32, ""type"": ""In""}, {""year"": 2019, ""player"": ""Player_555"", ""fee"": 4588969.63, ""type"": ""In""}, {""year"": 2020, ""player"": ""Player_261"", ""fee"": 437902.24, ""type"": ""Out""}, {""year"": 2024, ""player"": ""Player_831"", ""fee"": 2128047.81, ""type"": ""Out""}], ""total_spend"": 1805992.52, ""total_income"": 3060998.78}",929843.8683756336,4 years,False,International players,South American prospects,7.93,"{""kit_sponsor"": ""Nike"", ""main_sponsor"": ""Mercedes"", ""value"": ""439325 TND"", ""duration"": ""2 years""}","{""facebook"": ""facebook.com/club_5416"", ""twitter"": ""twitter.com/club_7481"", ""instagram"": ""instagram.com/club_3202""}"
C-454,1342,Telephonaat Beni Suef,Egypt,Egyptian Second Division,Cairo International Stadium,'4-2-2-2',Wing Play,98202000.0,39280800.0,"{""last_5_transfers"": [{""year"": 2023, ""player"": ""Player_740"", ""fee"": 1780513.76, ""type"": ""In""}, {""year"": 2023, ""player"": ""Player_45"", ""fee"": 3080973.77, ""type"": ""In""}, {""year"": 2021, ""player"": ""Player_424"", ""fee"": 454288.67, ""type"": ""Out""}, {""year"": 2020, ""player"": ""Player_645"", ""fee"": 4566164.78, ""type"": ""Out""}, {""year"": 2021, ""player"": ""Player_179"", ""fee"": 2732170.42, ""type"": ""Out""}], ""total_spend"": 4509579.92, ""total_income"": 4163154.7}",236337.96344751856,2 years,False,Proven professionals,South American prospects,0.04,"{""kit_sponsor"": ""Hummel"", ""main_sponsor"": ""Vitalait"", ""value"": ""372268 TND"", ""duration"": ""3 years""}","{""facebook"": ""facebook.com/club_8122"", ""twitter"": ""twitter.com/club_1359"", ""instagram"": ""instagram.com/club_5160""}"
C-455,1941,Tema Youth,Ghana,Division One League,Baba Yara Stadium,'3-4-3',Technical Dribbling,51330000.0,20532000.0,"{""last_5_transfers"": [{""year"": 2024, ""player"": ""Player_643"", ""fee"": 541814.23, ""type"": ""Out""}, {""year"": 2020, ""player"": ""Player_668"", ""fee"": 3205010.76, ""type"": ""In""}, {""year"": 2022, ""player"": ""Player_210"", ""fee"": 3317619.51, ""type"": ""Out""}, {""year"": 2020, ""player"": ""Player_60"", ""fee"": 4573962.72, ""type"": ""Out""}, {""year"": 2022, ""player"": ""Player_977"", ""fee"": 1096629.78, ""type"": ""Out""}], ""total_spend"": 9234726.9, ""total_income"": 1520416.06}",822147.6271579951,2 years,False,International players,Local academy,7.8,"{""kit_sponsor"": ""Le Coq Sportif"", ""main_sponsor"": ""LG Electronics"", ""value"": ""924514 TND"", ""duration"": ""1 years""}","{""facebook"": ""facebook.com/club_2575"", ""twitter"": ""twitter.com/club_7977"", ""instagram"": ""instagram.com/club_9553""}"
C-456,2255,Tenax CS FC,Zimbabwe,Zimbabwe Premier Soccer League,National Sports Stadium,'4-2-4',West African Power,22006675000.0,8802670000.0,"{""last_5_transfers"": [{""year"": 2021, ""player"": ""Player_672"", ""fee"": 1627256.23, ""type"": ""Out""}, {""year"": 2022, ""player"": ""Player_850"", ""fee"": 4684736.17, ""type"": ""In""}, {""year"": 2021, ""player"": ""Player_238"", ""fee"": 2540038.49, ""type"": ""In""}, {""year"": 2021, ""player"": ""Player_507"", ""fee"": 4161786.35, ""type"": ""Out""}, {""year"": 2023, ""player"": ""Player_850"", ""fee"": 1324895.48, ""type"": ""Out""}], ""total_spend"": 3760274.66, ""total_income"": 1187395.05}",955959.7562483016,2 years,True,Proven professionals,European market,2.66,"{""kit_sponsor"": ""New Balance"", ""main_sponsor"": ""Tunisie Telecom"", ""value"": ""895147 TND"", ""duration"": ""2 years""}","{""facebook"": ""facebook.com/club_1742"", ""twitter"": ""twitter.com/club_9593"", ""instagram"": ""instagram.com/club_1103""}"
C-457,2029,Teungueth FC,Senegal,Senegal Premier League,Stade Abdoulaye Wade,'4-4-2',East African Speed,833151000.0,333260400.0,"{""last_5_transfers"": [{""year"": 2024, ""player"": ""Player_301"", ""fee"": 1205794.26, ""type"": ""In""}, {""year"": 2024, ""player"": ""Player_684"", ""fee"": 4821699.62, ""type"": ""Out""}, {""year"": 2019, ""player"": ""Player_65"", ""fee"": 363144.12, ""type"": ""Out""}, {""year"": 2023, ""player"": ""Player_178"", ""fee"": 1914951.75, ""type"": ""Out""}, {""year"": 2021, ""player"": ""Player_977"", ""fee"": 2179643.43, ""type"": ""In""}], ""total_spend"": 6473741.57, ""total_income"": 4212038.84}",916948.0328407576,3 years,True,Experienced players,Young talents,5.63,"{""kit_sponsor"": ""Umbro"", ""main_sponsor"": ""LG Electronics"", ""value"": ""724819 TND"", ""duration"": ""2 years""}","{""facebook"": ""facebook.com/club_8292"", ""twitter"": ""twitter.com/club_8756"", ""instagram"": ""instagram.com/club_9294""}"
C-458,1005,Tiko United,Cameroon,Elite One,Olembe Stadium,'4-2-3-1',Direct Play,1258398000.0,503359200.0,"{""last_5_transfers"": [{""year"": 2020, ""player"": ""Player_766"", ""fee"": 2519295.74, ""type"": ""Out""}, {""year"": 2020, ""player"": ""Player_894"", ""fee"": 2907722.0, ""type"": ""Out""}, {""year"": 2024, ""player"": ""Player_407"", ""fee"": 4583723.11, ""type"": ""Out""}, {""year"": 2023, ""player"": ""Player_951"", ""fee"": 1141295.99, ""type"": ""Out""}, {""year"": 2021, ""player"": ""Player_856"", ""fee"": 4260388.1, ""type"": ""In""}], ""total_spend"": 9413907.87, ""total_income"": 7678327.14}",630269.8777240076,2 years,True,Young prospects,Established professionals,6.23,"{""kit_sponsor"": ""Hummel"", ""main_sponsor"": ""Turkish Airlines"", ""value"": ""177751 TND"", ""duration"": ""4 years""}","{""facebook"": ""facebook.com/club_3856"", ""twitter"": ""twitter.com/club_7261"", ""instagram"": ""instagram.com/club_3902""}"
C-459,2182,Togo-Port,Uganda,Uganda Premier League,Mandela National Stadium,'4-1-3-2',Possession-based,15680089000.0,6272035600.0,"{""last_5_transfers"": [{""year"": 2022, ""player"": ""Player_584"", ""fee"": 1122748.88, ""type"": ""Out""}, {""year"": 2019, ""player"": ""Player_179"", ""fee"": 3407437.09, ""type"": ""In""}, {""year"": 2022, ""player"": ""Player_85"", ""fee"": 715422.95, ""type"": ""Out""}, {""year"": 2021, ""player"": ""Player_375"", ""fee"": 2235026.49, ""type"": ""Out""}, {""year"": 2020, ""player"": ""Player_598"", ""fee"": 3465155.91, ""type"": ""Out""}], ""total_spend"": 7238044.82, ""total_income"": 1589086.88}",950879.5464807408,4 years,False,Experienced players,Asian market,2.01,"{""kit_sponsor"": ""Puma"", ""main_sponsor"": ""D\u00e9lice"", ""value"": ""869702 TND"", ""duration"": ""1 years""}","{""facebook"": ""facebook.com/club_4373"", ""twitter"": ""twitter.com/club_2312"", ""instagram"": ""instagram.com/club_8136""}"
C-460,2412,Tonnerre Kalara Club,Cameroon,Elite Two,Olembe Stadium,'4-2-3-1',Attacking Overload,1677028000.0,670811200.0,"{""last_5_transfers"": [{""year"": 2020, ""player"": ""Player_485"", ""fee"": 2186093.94, ""type"": ""In""}, {""year"": 2024, ""player"": ""Player_186"", ""fee"": 634024.08, ""type"": ""In""}, {""year"": 2023, ""player"": ""Player_607"", ""fee"": 4410285.83, ""type"": ""In""}, {""year"": 2021, ""player"": ""Player_481"", ""fee"": 4956167.67, ""type"": ""In""}, {""year"": 2022, ""player"": ""Player_445"", ""fee"": 645196.15, ""type"": ""Out""}], ""total_spend"": 4360929.55, ""total_income"": 1346069.69}",277196.16726010107,4 years,False,Local talent,Local academy,0.72,"{""kit_sponsor"": ""Kappa"", ""main_sponsor"": ""Adidas"", ""value"": ""271976 TND"", ""duration"": ""4 years""}","{""facebook"": ""facebook.com/club_6747"", ""twitter"": ""twitter.com/club_9077"", ""instagram"": ""instagram.com/club_8734""}"
C-461,2125,Township Rollers,Botswana,First Division North,Botswana National Stadium,'3-4-2-1',Southern African Mix,62309000.0,24923600.0,"{""last_5_transfers"": [{""year"": 2022, ""player"": ""Player_904"", ""fee"": 404821.1, ""type"": ""In""}, {""year"": 2022, ""player"": ""Player_640"", ""fee"": 1530271.86, ""type"": ""Out""}, {""year"": 2020, ""player"": ""Player_600"", ""fee"": 341533.02, ""type"": ""In""}, {""year"": 2020, ""player"": ""Player_585"", ""fee"": 2629309.93, ""type"": ""Out""}, {""year"": 2024, ""player"": ""Player_904"", ""fee"": 4890715.38, ""type"": ""Out""}], ""total_spend"": 8003683.02, ""total_income"": 2276372.18}",781525.6943341412,2 years,False,Young prospects,European market,1.78,"{""kit_sponsor"": ""Adidas"", ""main_sponsor"": ""BIAT Bank"", ""value"": ""529815 TND"", ""duration"": ""3 years""}","{""facebook"": ""facebook.com/club_8439"", ""twitter"": ""twitter.com/club_3836"", ""instagram"": ""instagram.com/club_4561""}"
C-462,1244,Triangle FC,Zimbabwe,Zimbabwe Premier Soccer League,National Sports Stadium,'3-5-2',Wing Play,13628122000.0,5451248800.0,"{""last_5_transfers"": [{""year"": 2020, ""player"": ""Player_766"", ""fee"": 4863588.99, ""type"": ""In""}, {""year"": 2023, ""player"": ""Player_149"", ""fee"": 702208.97, ""type"": ""In""}, {""year"": 2019, ""player"": ""Player_851"", ""fee"": 4326606.95, ""type"": ""In""}, {""year"": 2022, ""player"": ""Player_499"", ""fee"": 3151744.55, ""type"": ""Out""}, {""year"": 2022, ""player"": ""Player_228"", ""fee"": 512559.22, ""type"": ""In""}], ""total_spend"": 6845789.68, ""total_income"": 2796424.87}",238610.81182734505,3 years,True,Academy graduates,South American prospects,3.52,"{""kit_sponsor"": ""Mizuno"", ""main_sponsor"": ""Danone"", ""value"": ""525710 TND"", ""duration"": ""5 years""}","{""facebook"": ""facebook.com/club_1842"", ""twitter"": ""twitter.com/club_7998"", ""instagram"": ""instagram.com/club_2266""}"
C-463,2407,Tripple B,Zimbabwe,Zimbabwe Premier Soccer League,National Sports Stadium,'3-5-1-1',North African Technical,11483191000.0,4593276400.0,"{""last_5_transfers"": [{""year"": 2021, ""player"": ""Player_176"", ""fee"": 4908364.68, ""type"": ""Out""}, {""year"": 2024, ""player"": ""Player_354"", ""fee"": 2847410.51, ""type"": ""In""}, {""year"": 2019, ""player"": ""Player_953"", ""fee"": 4125526.74, ""type"": ""Out""}, {""year"": 2019, ""player"": ""Player_397"", ""fee"": 452486.09, ""type"": ""In""}, {""year"": 2020, ""player"": ""Player_832"", ""fee"": 1743571.66, ""type"": ""Out""}], ""total_spend"": 7378947.35, ""total_income"": 3644653.7}",593585.0993600375,2 years,True,Young prospects,Asian market,9.59,"{""kit_sponsor"": ""Adidas"", ""main_sponsor"": ""Ooredoo"", ""value"": ""761334 TND"", ""duration"": ""2 years""}","{""facebook"": ""facebook.com/club_4597"", ""twitter"": ""twitter.com/club_6772"", ""instagram"": ""instagram.com/club_3168""}"
C-464,1639,TS Galaxy,South Africa,National First Division,FNB Stadium,'5-3-2',Wing Play,74350000.0,29740000.0,"{""last_5_transfers"": [{""year"": 2021, ""player"": ""Player_652"", ""fee"": 381693.56, ""type"": ""In""}, {""year"": 2022, ""player"": ""Player_332"", ""fee"": 2363261.86, ""type"": ""Out""}, {""year"": 2023, ""player"": ""Player_948"", ""fee"": 3632431.52, ""type"": ""In""}, {""year"": 2021, ""player"": ""Player_230"", ""fee"": 3293215.7, ""type"": ""In""}, {""year"": 2024, ""player"": ""Player_757"", ""fee"": 1807242.11, ""type"": ""Out""}], ""total_spend"": 4936075.49, ""total_income"": 1798684.25}",756141.5068138998,3 years,True,Proven professionals,Established professionals,3.71,"{""kit_sponsor"": ""Hummel"", ""main_sponsor"": ""Mercedes"", ""value"": ""429983 TND"", ""duration"": ""5 years""}","{""facebook"": ""facebook.com/club_7184"", ""twitter"": ""twitter.com/club_2134"", ""instagram"": ""instagram.com/club_6749""}"
C-465,2076,Tsholotsho,Zimbabwe,Zimbabwe Premier Soccer League,National Sports Stadium,'4-2-2-2',Defensive Solidarity,13617033000.0,5446813200.0,"{""last_5_transfers"": [{""year"": 2022, ""player"": ""Player_386"", ""fee"": 3548988.21, ""type"": ""Out""}, {""year"": 2019, ""player"": ""Player_651"", ""fee"": 484004.56, ""type"": ""In""}, {""year"": 2021, ""player"": ""Player_447"", ""fee"": 4619905.05, ""type"": ""In""}, {""year"": 2019, ""player"": ""Player_978"", ""fee"": 4668111.87, ""type"": ""Out""}, {""year"": 2024, ""player"": ""Player_356"", ""fee"": 2691797.02, ""type"": ""Out""}], ""total_spend"": 1013300.54, ""total_income"": 7360527.68}",667232.6882926502,3 years,True,Local talent,Asian market,3.46,"{""kit_sponsor"": ""Macron"", ""main_sponsor"": ""TotalEnergies"", ""value"": ""348937 TND"", ""duration"": ""1 years""}","{""facebook"": ""facebook.com/club_4307"", ""twitter"": ""twitter.com/club_1904"", ""instagram"": ""instagram.com/club_8011""}"
C-466,705,UMS de Loum,Cameroon,Elite Two,Olembe Stadium,'4-2-4',Possession Control,1571333000.0,628533200.0,"{""last_5_transfers"": [{""year"": 2024, ""player"": ""Player_477"", ""fee"": 2253834.82, ""type"": ""In""}, {""year"": 2019, ""player"": ""Player_659"", ""fee"": 265232.78, ""type"": ""Out""}, {""year"": 2019, ""player"": ""Player_967"", ""fee"": 4279743.58, ""type"": ""Out""}, {""year"": 2022, ""player"": ""Player_398"", ""fee"": 4930103.06, ""type"": ""In""}, {""year"": 2022, ""player"": ""Player_299"", ""fee"": 1607682.51, ""type"": ""Out""}], ""total_spend"": 8446590.65, ""total_income"": 4375088.06}",914785.6000644368,2 years,True,Young prospects,European market,3.12,"{""kit_sponsor"": ""Umbro"", ""main_sponsor"": ""Shell"", ""value"": ""512308 TND"", ""duration"": ""5 years""}","{""facebook"": ""facebook.com/club_6119"", ""twitter"": ""twitter.com/club_9371"", ""instagram"": ""instagram.com/club_6814""}"
C-467,2203,Underhill,Zimbabwe,Zimbabwe Premier Soccer League,National Sports Stadium,'3-5-1-1',High-Energy Pressing,28576608000.0,11430643200.0,"{""last_5_transfers"": [{""year"": 2022, ""player"": ""Player_893"", ""fee"": 4443356.11, ""type"": ""Out""}, {""year"": 2023, ""player"": ""Player_382"", ""fee"": 4628590.08, ""type"": ""Out""}, {""year"": 2022, ""player"": ""Player_405"", ""fee"": 159520.72, ""type"": ""In""}, {""year"": 2020, ""player"": ""Player_824"", ""fee"": 3517297.17, ""type"": ""Out""}, {""year"": 2023, ""player"": ""Player_789"", ""fee"": 2734272.03, ""type"": ""Out""}], ""total_spend"": 6706704.16, ""total_income"": 2433349.4}",760452.0054840399,3 years,True,Academy graduates,Local academy,3.81,"{""kit_sponsor"": ""Macron"", ""main_sponsor"": ""Puma"", ""value"": ""695816 TND"", ""duration"": ""3 years""}","{""facebook"": ""facebook.com/club_8939"", ""twitter"": ""twitter.com/club_3920"", ""instagram"": ""instagram.com/club_7501""}"
C-468,2150,Uniao Sport Clube do Uige,Angola,Segunda Divisao,Estadio 11 de Novembro,'3-5-1-1',East African Speed,2316725000.0,926690000.0,"{""last_5_transfers"": [{""year"": 2022, ""player"": ""Player_236"", ""fee"": 996028.04, ""type"": ""Out""}, {""year"": 2023, ""player"": ""Player_510"", ""fee"": 831633.96, ""type"": ""In""}, {""year"": 2020, ""player"": ""Player_410"", ""fee"": 1573848.09, ""type"": ""Out""}, {""year"": 2024, ""player"": ""Player_659"", ""fee"": 2511712.43, ""type"": ""In""}, {""year"": 2022, ""player"": ""Player_836"", ""fee"": 716394.31, ""type"": ""In""}], ""total_spend"": 7000673.19, ""total_income"": 4467287.44}",741545.4013159904,3 years,False,Proven professionals,Young talents,5.66,"{""kit_sponsor"": ""Le Coq Sportif"", ""main_sponsor"": ""Samsung"", ""value"": ""814898 TND"", ""duration"": ""2 years""}","{""facebook"": ""facebook.com/club_7717"", ""twitter"": ""twitter.com/club_7915"", ""instagram"": ""instagram.com/club_9011""}"
C-469,1330,Union Douala,Cameroon,Elite Two,Olembe Stadium,'5-3-2',High-Energy Pressing,2215304000.0,886121600.0,"{""last_5_transfers"": [{""year"": 2022, ""player"": ""Player_811"", ""fee"": 4539886.56, ""type"": ""In""}, {""year"": 2023, ""player"": ""Player_931"", ""fee"": 1702154.58, ""type"": ""Out""}, {""year"": 2024, ""player"": ""Player_473"", ""fee"": 1077075.21, ""type"": ""Out""}, {""year"": 2019, ""player"": ""Player_163"", ""fee"": 3191801.07, ""type"": ""In""}, {""year"": 2019, ""player"": ""Player_56"", ""fee"": 572471.3, ""type"": ""In""}], ""total_spend"": 9378498.57, ""total_income"": 1077326.96}",472844.58968329953,4 years,False,Experienced players,South American prospects,5.67,"{""kit_sponsor"": ""Adidas"", ""main_sponsor"": ""Audi"", ""value"": ""836978 TND"", ""duration"": ""1 years""}","{""facebook"": ""facebook.com/club_9257"", ""twitter"": ""twitter.com/club_3576"", ""instagram"": ""instagram.com/club_9696""}"
C-470,747,Union Sportive de Douala,Cameroon,Elite Two,Olembe Stadium,'3-4-3',Direct Play,1406939000.0,562775600.0,"{""last_5_transfers"": [{""year"": 2019, ""player"": ""Player_987"", ""fee"": 658946.43, ""type"": ""In""}, {""year"": 2019, ""player"": ""Player_912"", ""fee"": 4349200.07, ""type"": ""Out""}, {""year"": 2023, ""player"": ""Player_657"", ""fee"": 4426973.89, ""type"": ""Out""}, {""year"": 2022, ""player"": ""Player_160"", ""fee"": 3681414.51, ""type"": ""Out""}, {""year"": 2023, ""player"": ""Player_800"", ""fee"": 4346267.78, ""type"": ""Out""}], ""total_spend"": 4386241.48, ""total_income"": 2452192.95}",318385.4982116658,2 years,False,Academy graduates,Young talents,9.43,"{""kit_sponsor"": ""Nike"", ""main_sponsor"": ""Pepsi"", ""value"": ""781224 TND"", ""duration"": ""3 years""}","{""facebook"": ""facebook.com/club_9140"", ""twitter"": ""twitter.com/club_3671"", ""instagram"": ""instagram.com/club_5416""}"
C-471,852,Unisport FC Du Haut-Nkam,Cameroon,Elite One,Olembe Stadium,'4-2-2-2',Direct Play,800331000.0,320132400.0,"{""last_5_transfers"": [{""year"": 2019, ""player"": ""Player_605"", ""fee"": 2718704.73, ""type"": ""Out""}, {""year"": 2021, ""player"": ""Player_811"", ""fee"": 3140960.15, ""type"": ""Out""}, {""year"": 2024, ""player"": ""Player_827"", ""fee"": 3922147.23, ""type"": ""Out""}, {""year"": 2023, ""player"": ""Player_216"", ""fee"": 2249133.58, ""type"": ""Out""}, {""year"": 2022, ""player"": ""Player_943"", ""fee"": 396742.76, ""type"": ""Out""}], ""total_spend"": 3689753.43, ""total_income"": 4419087.97}",324344.277724796,4 years,False,Academy graduates,European market,2.28,"{""kit_sponsor"": ""Under Armour"", ""main_sponsor"": ""STB Bank"", ""value"": ""256290 TND"", ""duration"": ""3 years""}","{""facebook"": ""facebook.com/club_1200"", ""twitter"": ""twitter.com/club_9317"", ""instagram"": ""instagram.com/club_2277""}"
C-472,1263,Universite Ngaoundere,Cameroon,Elite Two,Olembe Stadium,'4-4-2',Wing Play,2716927000.0,1086770800.0,"{""last_5_transfers"": [{""year"": 2023, ""player"": ""Player_922"", ""fee"": 2246283.3, ""type"": ""Out""}, {""year"": 2023, ""player"": ""Player_753"", ""fee"": 4332995.4, ""type"": ""Out""}, {""year"": 2019, ""player"": ""Player_59"", ""fee"": 3845873.92, ""type"": ""Out""}, {""year"": 2019, ""player"": ""Player_98"", ""fee"": 4465323.06, ""type"": ""Out""}, {""year"": 2021, ""player"": ""Player_638"", ""fee"": 391657.03, ""type"": ""Out""}], ""total_spend"": 6594364.48, ""total_income"": 7157836.09}",814654.5818364139,4 years,False,Young prospects,South American prospects,0.8,"{""kit_sponsor"": ""Mizuno"", ""main_sponsor"": ""Ooredoo"", ""value"": ""749911 TND"", ""duration"": ""2 years""}","{""facebook"": ""facebook.com/club_3792"", ""twitter"": ""twitter.com/club_7678"", ""instagram"": ""instagram.com/club_8834""}"
C-473,1768,Urana,Niger,Niger Premier League,Stade General Seyni Kountche,'4-3-3',Wing Play,1663922000.0,665568800.0,"{""last_5_transfers"": [{""year"": 2022, ""player"": ""Player_183"", ""fee"": 1284686.92, ""type"": ""Out""}, {""year"": 2020, ""player"": ""Player_901"", ""fee"": 3273112.92, ""type"": ""In""}, {""year"": 2021, ""player"": ""Player_642"", ""fee"": 4982024.27, ""type"": ""In""}, {""year"": 2019, ""player"": ""Player_286"", ""fee"": 2851048.73, ""type"": ""In""}, {""year"": 2022, ""player"": ""Player_814"", ""fee"": 3163010.05, ""type"": ""Out""}], ""total_spend"": 2277086.62, ""total_income"": 813411.19}",152092.57113113502,3 years,True,International players,Young talents,5.36,"{""kit_sponsor"": ""Nike"", ""main_sponsor"": ""Coca-Cola"", ""value"": ""396289 TND"", ""duration"": ""1 years""}","{""facebook"": ""facebook.com/club_8712"", ""twitter"": ""twitter.com/club_9503"", ""instagram"": ""instagram.com/club_4375""}"
C-474,1040,US Biskra,Algeria,Ligue Professionnelle 2,Stade 5 Juillet 1962,'4-3-1-2',Southern African Mix,509984000.0,203993600.0,"{""last_5_transfers"": [{""year"": 2020, ""player"": ""Player_54"", ""fee"": 4521751.51, ""type"": ""In""}, {""year"": 2023, ""player"": ""Player_961"", ""fee"": 948627.51, ""type"": ""Out""}, {""year"": 2022, ""player"": ""Player_699"", ""fee"": 1426643.56, ""type"": ""Out""}, {""year"": 2019, ""player"": ""Player_474"", ""fee"": 1367634.88, ""type"": ""Out""}, {""year"": 2022, ""player"": ""Player_844"", ""fee"": 4899300.6, ""type"": ""In""}], ""total_spend"": 9519719.96, ""total_income"": 6284495.14}",290559.7003552253,3 years,True,International players,African talents,7.49,"{""kit_sponsor"": ""Adidas"", ""main_sponsor"": ""Mercedes"", ""value"": ""532388 TND"", ""duration"": ""2 years""}","{""facebook"": ""facebook.com/club_1245"", ""twitter"": ""twitter.com/club_9984"", ""instagram"": ""instagram.com/club_5365""}"
C-475,653,US Monastir,Tunisia,Tunisian Ligue Professionnelle 1,Stade Olympique de Rades,'3-3-3-1',East African Speed,4341000.0,1736400.0,"{""last_5_transfers"": [{""year"": 2022, ""player"": ""Player_622"", ""fee"": 4149168.53, ""type"": ""In""}, {""year"": 2019, ""player"": ""Player_108"", ""fee"": 2601410.83, ""type"": ""In""}, {""year"": 2024, ""player"": ""Player_880"", ""fee"": 3817315.53, ""type"": ""Out""}, {""year"": 2019, ""player"": ""Player_591"", ""fee"": 1168226.89, ""type"": ""In""}, {""year"": 2023, ""player"": ""Player_351"", ""fee"": 2742124.82, ""type"": ""Out""}], ""total_spend"": 4727805.56, ""total_income"": 5713866.7}",992679.6536921792,3 years,True,Local talent,Established professionals,7.29,"{""kit_sponsor"": ""Puma"", ""main_sponsor"": ""Coca-Cola"", ""value"": ""557505 TND"", ""duration"": ""5 years""}","{""facebook"": ""facebook.com/club_4829"", ""twitter"": ""twitter.com/club_5675"", ""instagram"": ""instagram.com/club_2191""}"
C-476,1173,US Tataouine,Tunisia,Tunisian Ligue 2,Stade Olympique de Rades,'3-5-2',High-Energy Pressing,10631000.0,4252400.0,"{""last_5_transfers"": [{""year"": 2022, ""player"": ""Player_187"", ""fee"": 1479752.92, ""type"": ""Out""}, {""year"": 2021, ""player"": ""Player_113"", ""fee"": 4327371.02, ""type"": ""In""}, {""year"": 2020, ""player"": ""Player_877"", ""fee"": 2119809.33, ""type"": ""In""}, {""year"": 2023, ""player"": ""Player_822"", ""fee"": 3286225.39, ""type"": ""In""}, {""year"": 2023, ""player"": ""Player_850"", ""fee"": 2092865.14, ""type"": ""In""}], ""total_spend"": 2572005.86, ""total_income"": 2849262.57}",170831.8311617599,2 years,True,Proven professionals,Established professionals,8.59,"{""kit_sponsor"": ""Under Armour"", ""main_sponsor"": ""D\u00e9lice"", ""value"": ""514119 TND"", ""duration"": ""4 years""}","{""facebook"": ""facebook.com/club_4683"", ""twitter"": ""twitter.com/club_9226"", ""instagram"": ""instagram.com/club_8802""}"
C-477,1551,Usc Bassam,Ivory Coast,Ligue 2,Stade Olympique Alassane Ouattara,'4-3-3',West African Power,663192000.0,265276800.0,"{""last_5_transfers"": [{""year"": 2024, ""player"": ""Player_999"", ""fee"": 2289488.69, ""type"": ""In""}, {""year"": 2019, ""player"": ""Player_415"", ""fee"": 3488889.81, ""type"": ""In""}, {""year"": 2022, ""player"": ""Player_916"", ""fee"": 2850822.54, ""type"": ""In""}, {""year"": 2024, ""player"": ""Player_422"", ""fee"": 566811.34, ""type"": ""Out""}, {""year"": 2020, ""player"": ""Player_426"", ""fee"": 2636312.09, ""type"": ""Out""}], ""total_spend"": 7417259.92, ""total_income"": 5624587.58}",269613.26282492455,4 years,False,Local talent,African talents,2.1,"{""kit_sponsor"": ""New Balance"", ""main_sponsor"": ""Al Baraka Bank"", ""value"": ""752736 TND"", ""duration"": ""3 years""}","{""facebook"": ""facebook.com/club_4688"", ""twitter"": ""twitter.com/club_7789"", ""instagram"": ""instagram.com/club_4106""}"
C-478,1657,USFAS Bamako,Mali,Malian Premiere Division,Stade 26 Mars,'4-2-3-1',Possession Control,1171991000.0,468796400.0,"{""last_5_transfers"": [{""year"": 2020, ""player"": ""Player_977"", ""fee"": 3076112.34, ""type"": ""Out""}, {""year"": 2022, ""player"": ""Player_512"", ""fee"": 170759.08, ""type"": ""Out""}, {""year"": 2019, ""player"": ""Player_442"", ""fee"": 4226337.04, ""type"": ""Out""}, {""year"": 2021, ""player"": ""Player_434"", ""fee"": 1195271.63, ""type"": ""Out""}, {""year"": 2022, ""player"": ""Player_931"", ""fee"": 2997820.22, ""type"": ""In""}], ""total_spend"": 8755566.47, ""total_income"": 6711703.76}",735757.3849703762,3 years,True,Proven professionals,South American prospects,3.52,"{""kit_sponsor"": ""Macron"", ""main_sponsor"": ""STB Bank"", ""value"": ""921790 TND"", ""duration"": ""1 years""}","{""facebook"": ""facebook.com/club_9244"", ""twitter"": ""twitter.com/club_9552"", ""instagram"": ""instagram.com/club_2005""}"
C-479,2066,USGN,Niger,Niger Premier League,Stade General Seyni Kountche,'4-2-4',Technical Dribbling,1310932000.0,524372800.0,"{""last_5_transfers"": [{""year"": 2021, ""player"": ""Player_388"", ""fee"": 2897967.54, ""type"": ""Out""}, {""year"": 2019, ""player"": ""Player_74"", ""fee"": 1277509.37, ""type"": ""In""}, {""year"": 2021, ""player"": ""Player_103"", ""fee"": 1070708.05, ""type"": ""In""}, {""year"": 2022, ""player"": ""Player_82"", ""fee"": 4989661.79, ""type"": ""In""}, {""year"": 2021, ""player"": ""Player_15"", ""fee"": 2926709.57, ""type"": ""In""}], ""total_spend"": 8676016.67, ""total_income"": 7990985.91}",190154.31225525524,4 years,False,Young prospects,Young talents,4.46,"{""kit_sponsor"": ""Under Armour"", ""main_sponsor"": ""Puma"", ""value"": ""508875 TND"", ""duration"": ""1 years""}","{""facebook"": ""facebook.com/club_5758"", ""twitter"": ""twitter.com/club_4801"", ""instagram"": ""instagram.com/club_5248""}"
C-480,414,USM Alger,Algeria,Ligue Professionnelle 2,Stade 5 Juillet 1962,'3-6-1',Physical Power Play,97844000.0,39137600.0,"{""last_5_transfers"": [{""year"": 2022, ""player"": ""Player_591"", ""fee"": 3661779.93, ""type"": ""Out""}, {""year"": 2023, ""player"": ""Player_383"", ""fee"": 439083.69, ""type"": ""In""}, {""year"": 2022, ""player"": ""Player_261"", ""fee"": 2115447.23, ""type"": ""In""}, {""year"": 2019, ""player"": ""Player_372"", ""fee"": 2626334.65, ""type"": ""Out""}, {""year"": 2024, ""player"": ""Player_103"", ""fee"": 4889064.88, ""type"": ""In""}], ""total_spend"": 5129134.91, ""total_income"": 3253318.46}",506872.6460865482,2 years,False,Local talent,Under-23 talents,4.46,"{""kit_sponsor"": ""Mizuno"", ""main_sponsor"": ""Ooredoo"", ""value"": ""534775 TND"", ""duration"": ""2 years""}","{""facebook"": ""facebook.com/club_2069"", ""twitter"": ""twitter.com/club_5910"", ""instagram"": ""instagram.com/club_4251""}"
C-481,1651,USM Bel Abbes,Algeria,Ligue Professionnelle 2,Stade 5 Juillet 1962,'3-3-3-1',Defensive Solidarity,252007000.0,100802800.0,"{""last_5_transfers"": [{""year"": 2021, ""player"": ""Player_738"", ""fee"": 1315985.93, ""type"": ""In""}, {""year"": 2020, ""player"": ""Player_49"", ""fee"": 3147965.61, ""type"": ""Out""}, {""year"": 2024, ""player"": ""Player_612"", ""fee"": 3592940.8, ""type"": ""In""}, {""year"": 2023, ""player"": ""Player_448"", ""fee"": 1582133.3, ""type"": ""In""}, {""year"": 2021, ""player"": ""Player_755"", ""fee"": 3425878.05, ""type"": ""In""}], ""total_spend"": 1734458.69, ""total_income"": 3974906.79}",320858.2075212792,2 years,True,Young prospects,Young talents,6.18,"{""kit_sponsor"": ""Under Armour"", ""main_sponsor"": ""Soci\u00e9t\u00e9 G\u00e9n\u00e9rale"", ""value"": ""852024 TND"", ""duration"": ""1 years""}","{""facebook"": ""facebook.com/club_3179"", ""twitter"": ""twitter.com/club_5093"", ""instagram"": ""instagram.com/club_2332""}"
C-482,1841,USM Blida,Algeria,Ligue Professionnelle 2,Stade 5 Juillet 1962,'3-3-3-1',Attacking Overload,274926000.0,109970400.0,"{""last_5_transfers"": [{""year"": 2020, ""player"": ""Player_175"", ""fee"": 3387673.51, ""type"": ""In""}, {""year"": 2024, ""player"": ""Player_576"", ""fee"": 1579643.44, ""type"": ""In""}, {""year"": 2024, ""player"": ""Player_306"", ""fee"": 3095879.89, ""type"": ""Out""}, {""year"": 2023, ""player"": ""Player_412"", ""fee"": 609310.44, ""type"": ""Out""}, {""year"": 2021, ""player"": ""Player_94"", ""fee"": 1291371.14, ""type"": ""Out""}], ""total_spend"": 6760983.59, ""total_income"": 1198549.98}",337170.2537650786,4 years,False,Proven professionals,Established professionals,4.38,"{""kit_sponsor"": ""Kappa"", ""main_sponsor"": ""Danone"", ""value"": ""347426 TND"", ""duration"": ""5 years""}","{""facebook"": ""facebook.com/club_5963"", ""twitter"": ""twitter.com/club_9872"", ""instagram"": ""instagram.com/club_3494""}"
C-483,1215,USM El Harrach,Algeria,Ligue Professionnelle 2,Stade 5 Juillet 1962,'3-5-2',Defensive Solidarity,344577000.0,137830800.0,"{""last_5_transfers"": [{""year"": 2023, ""player"": ""Player_867"", ""fee"": 4139884.55, ""type"": ""In""}, {""year"": 2020, ""player"": ""Player_461"", ""fee"": 1347562.62, ""type"": ""In""}, {""year"": 2019, ""player"": ""Player_177"", ""fee"": 2882697.39, ""type"": ""In""}, {""year"": 2022, ""player"": ""Player_663"", ""fee"": 1134865.1, ""type"": ""Out""}, {""year"": 2024, ""player"": ""Player_936"", ""fee"": 4848492.26, ""type"": ""In""}], ""total_spend"": 2196160.99, ""total_income"": 7682350.19}",615166.4813323375,2 years,False,Local talent,Asian market,1.64,"{""kit_sponsor"": ""Puma"", ""main_sponsor"": ""Danone"", ""value"": ""942975 TND"", ""duration"": ""2 years""}","{""facebook"": ""facebook.com/club_2354"", ""twitter"": ""twitter.com/club_6059"", ""instagram"": ""instagram.com/club_5946""}"
C-484,2453,Victoria,Zimbabwe,Zimbabwe Premier Soccer League,National Sports Stadium,'3-5-1-1',Defensive Solidarity,3938660000.0,1575464000.0,"{""last_5_transfers"": [{""year"": 2021, ""player"": ""Player_380"", ""fee"": 1074884.16, ""type"": ""Out""}, {""year"": 2019, ""player"": ""Player_872"", ""fee"": 2731109.91, ""type"": ""Out""}, {""year"": 2023, ""player"": ""Player_841"", ""fee"": 1120752.92, ""type"": ""Out""}, {""year"": 2019, ""player"": ""Player_651"", ""fee"": 1091893.14, ""type"": ""Out""}, {""year"": 2020, ""player"": ""Player_314"", ""fee"": 2850942.14, ""type"": ""In""}], ""total_spend"": 2316153.93, ""total_income"": 7703367.9}",158643.84680705197,4 years,True,Local talent,South American prospects,3.34,"{""kit_sponsor"": ""Mizuno"", ""main_sponsor"": ""LG Electronics"", ""value"": ""329397 TND"", ""duration"": ""2 years""}","{""facebook"": ""facebook.com/club_7961"", ""twitter"": ""twitter.com/club_9143"", ""instagram"": ""instagram.com/club_9991""}"
C-485,2659,WA Tlemcen,Algeria,Ligue Professionnelle 2,Stade 5 Juillet 1962,'5-3-2',Defensive Structure,437854000.0,175141600.0,"{""last_5_transfers"": [{""year"": 2024, ""player"": ""Player_552"", ""fee"": 2231202.18, ""type"": ""Out""}, {""year"": 2019, ""player"": ""Player_796"", ""fee"": 1393925.54, ""type"": ""Out""}, {""year"": 2019, ""player"": ""Player_916"", ""fee"": 1288630.49, ""type"": ""Out""}, {""year"": 2019, ""player"": ""Player_546"", ""fee"": 971315.49, ""type"": ""Out""}, {""year"": 2022, ""player"": ""Player_676"", ""fee"": 1357580.97, ""type"": ""Out""}], ""total_spend"": 8395057.05, ""total_income"": 6436212.69}",864535.6541329728,4 years,True,Proven professionals,European market,9.88,"{""kit_sponsor"": ""Joma"", ""main_sponsor"": ""BMW"", ""value"": ""746171 TND"", ""duration"": ""3 years""}","{""facebook"": ""facebook.com/club_8562"", ""twitter"": ""twitter.com/club_3216"", ""instagram"": ""instagram.com/club_1131""}"
C-486,2151,Wad Hashim SC Sennar,Sudan,Sudan Premier League,Al Merreikh Stadium,'4-2-2-2',Attacking Overload,1626571000.0,650628400.0,"{""last_5_transfers"": [{""year"": 2019, ""player"": ""Player_730"", ""fee"": 1832092.02, ""type"": ""Out""}, {""year"": 2023, ""player"": ""Player_652"", ""fee"": 3272164.76, ""type"": ""In""}, {""year"": 2023, ""player"": ""Player_797"", ""fee"": 3152440.1, ""type"": ""Out""}, {""year"": 2023, ""player"": ""Player_452"", ""fee"": 3694926.73, ""type"": ""Out""}, {""year"": 2019, ""player"": ""Player_237"", ""fee"": 2464117.08, ""type"": ""In""}], ""total_spend"": 8331488.13, ""total_income"": 4659263.45}",734564.6682712655,3 years,True,Experienced players,South American prospects,8.0,"{""kit_sponsor"": ""Puma"", ""main_sponsor"": ""Soci\u00e9t\u00e9 G\u00e9n\u00e9rale"", ""value"": ""886131 TND"", ""duration"": ""2 years""}","{""facebook"": ""facebook.com/club_8572"", ""twitter"": ""twitter.com/club_2206"", ""instagram"": ""instagram.com/club_2172""}"
C-487,1420,Wadi Degla FC,Egypt,Egyptian Second Division,Cairo International Stadium,'5-2-3',Low Block Counter,61407000.0,24562800.0,"{""last_5_transfers"": [{""year"": 2023, ""player"": ""Player_723"", ""fee"": 3708227.05, ""type"": ""In""}, {""year"": 2020, ""player"": ""Player_203"", ""fee"": 2300196.62, ""type"": ""Out""}, {""year"": 2022, ""player"": ""Player_997"", ""fee"": 700652.35, ""type"": ""In""}, {""year"": 2023, ""player"": ""Player_522"", ""fee"": 1814991.29, ""type"": ""Out""}, {""year"": 2019, ""player"": ""Player_993"", ""fee"": 2413423.28, ""type"": ""Out""}], ""total_spend"": 6184743.68, ""total_income"": 4726243.03}",804702.8474842765,4 years,True,Proven professionals,Young talents,2.47,"{""kit_sponsor"": ""Local Brand"", ""main_sponsor"": ""Turkish Airlines"", ""value"": ""376471 TND"", ""duration"": ""2 years""}","{""facebook"": ""facebook.com/club_8100"", ""twitter"": ""twitter.com/club_7022"", ""instagram"": ""instagram.com/club_7629""}"
C-488,1060,Warri Wolves FC,Nigeria,Nigeria National League,Moshood Abiola National Stadium,'4-2-4',East African Speed,1769249000.0,707699600.0,"{""last_5_transfers"": [{""year"": 2022, ""player"": ""Player_407"", ""fee"": 2782073.56, ""type"": ""Out""}, {""year"": 2020, ""player"": ""Player_244"", ""fee"": 1382663.98, ""type"": ""In""}, {""year"": 2022, ""player"": ""Player_794"", ""fee"": 4102803.35, ""type"": ""Out""}, {""year"": 2023, ""player"": ""Player_824"", ""fee"": 4348245.21, ""type"": ""Out""}, {""year"": 2022, ""player"": ""Player_795"", ""fee"": 1530504.48, ""type"": ""Out""}], ""total_spend"": 5382156.89, ""total_income"": 7869477.28}",369366.88696533313,3 years,True,International players,South American prospects,5.92,"{""kit_sponsor"": ""Umbro"", ""main_sponsor"": ""Shell"", ""value"": ""548112 TND"", ""duration"": ""5 years""}","{""facebook"": ""facebook.com/club_5336"", ""twitter"": ""twitter.com/club_7442"", ""instagram"": ""instagram.com/club_5476""}"
C-489,2262,Wassaman United,Ghana,Ghana Premier League,Baba Yara Stadium,'4-3-3',Technical Dribbling,12921000.0,5168400.0,"{""last_5_transfers"": [{""year"": 2019, ""player"": ""Player_863"", ""fee"": 2621721.57, ""type"": ""Out""}, {""year"": 2021, ""player"": ""Player_938"", ""fee"": 4379780.15, ""type"": ""Out""}, {""year"": 2023, ""player"": ""Player_209"", ""fee"": 647555.12, ""type"": ""Out""}, {""year"": 2021, ""player"": ""Player_137"", ""fee"": 1928545.24, ""type"": ""In""}, {""year"": 2023, ""player"": ""Player_934"", ""fee"": 4520095.65, ""type"": ""Out""}], ""total_spend"": 6966500.69, ""total_income"": 3965950.47}",780255.2119745682,2 years,False,Young prospects,Established professionals,7.64,"{""kit_sponsor"": ""Le Coq Sportif"", ""main_sponsor"": ""Puma"", ""value"": ""474269 TND"", ""duration"": ""5 years""}","{""facebook"": ""facebook.com/club_4632"", ""twitter"": ""twitter.com/club_5215"", ""instagram"": ""instagram.com/club_5606""}"
C-490,2514,WhaWha,Zimbabwe,Zimbabwe Premier Soccer League,National Sports Stadium,'4-2-3-1',High-Energy Pressing,8369054000.0,3347621600.0,"{""last_5_transfers"": [{""year"": 2023, ""player"": ""Player_592"", ""fee"": 719891.11, ""type"": ""In""}, {""year"": 2020, ""player"": ""Player_648"", ""fee"": 558704.92, ""type"": ""Out""}, {""year"": 2019, ""player"": ""Player_34"", ""fee"": 4988460.94, ""type"": ""In""}, {""year"": 2021, ""player"": ""Player_336"", ""fee"": 3159110.95, ""type"": ""In""}, {""year"": 2023, ""player"": ""Player_961"", ""fee"": 487696.13, ""type"": ""In""}], ""total_spend"": 1730679.28, ""total_income"": 972213.22}",943228.2878209272,2 years,True,Young prospects,Local academy,3.55,"{""kit_sponsor"": ""Le Coq Sportif"", ""main_sponsor"": ""BMW"", ""value"": ""869742 TND"", ""duration"": ""4 years""}","{""facebook"": ""facebook.com/club_8053"", ""twitter"": ""twitter.com/club_6761"", ""instagram"": ""instagram.com/club_3269""}"
C-491,1028,Wikki Tourist,Nigeria,Nigeria National League,Moshood Abiola National Stadium,'4-4-1-1',Defensive Structure,1353770000.0,541508000.0,"{""last_5_transfers"": [{""year"": 2021, ""player"": ""Player_298"", ""fee"": 4593700.97, ""type"": ""Out""}, {""year"": 2022, ""player"": ""Player_318"", ""fee"": 1178653.74, ""type"": ""Out""}, {""year"": 2021, ""player"": ""Player_616"", ""fee"": 4468960.95, ""type"": ""Out""}, {""year"": 2024, ""player"": ""Player_35"", ""fee"": 804502.38, ""type"": ""In""}, {""year"": 2024, ""player"": ""Player_927"", ""fee"": 4473006.43, ""type"": ""Out""}], ""total_spend"": 7063804.11, ""total_income"": 1237178.59}",439797.2881322557,3 years,False,International players,Established professionals,0.17,"{""kit_sponsor"": ""Hummel"", ""main_sponsor"": ""Tunisie Telecom"", ""value"": ""150321 TND"", ""duration"": ""3 years""}","{""facebook"": ""facebook.com/club_1254"", ""twitter"": ""twitter.com/club_9939"", ""instagram"": ""instagram.com/club_7587""}"
C-492,1819,Wiliete SC,Angola,Girabola,Estadio 11 de Novembro,'4-2-2-2',Technical Dribbling,3478663000.0,1391465200.0,"{""last_5_transfers"": [{""year"": 2021, ""player"": ""Player_248"", ""fee"": 4746068.4, ""type"": ""In""}, {""year"": 2020, ""player"": ""Player_119"", ""fee"": 4176170.53, ""type"": ""Out""}, {""year"": 2024, ""player"": ""Player_425"", ""fee"": 3762376.22, ""type"": ""In""}, {""year"": 2021, ""player"": ""Player_834"", ""fee"": 973397.15, ""type"": ""In""}, {""year"": 2023, ""player"": ""Player_256"", ""fee"": 2369385.82, ""type"": ""In""}], ""total_spend"": 9909023.33, ""total_income"": 6415489.88}",169205.6491505998,2 years,True,International players,South American prospects,2.42,"{""kit_sponsor"": ""Local Brand"", ""main_sponsor"": ""Magasin G\u00e9n\u00e9ral"", ""value"": ""984350 TND"", ""duration"": ""5 years""}","{""facebook"": ""facebook.com/club_4454"", ""twitter"": ""twitter.com/club_7613"", ""instagram"": ""instagram.com/club_2085""}"
C-493,1660,Williamsville Athletic Club,Ivory Coast,Ligue 1,Stade Olympique Alassane Ouattara,'3-4-2-1',Defensive Solidarity,391977000.0,156790800.0,"{""last_5_transfers"": [{""year"": 2020, ""player"": ""Player_114"", ""fee"": 3203938.04, ""type"": ""In""}, {""year"": 2022, ""player"": ""Player_132"", ""fee"": 383186.64, ""type"": ""Out""}, {""year"": 2020, ""player"": ""Player_892"", ""fee"": 523375.11, ""type"": ""In""}, {""year"": 2019, ""player"": ""Player_412"", ""fee"": 4301680.47, ""type"": ""In""}, {""year"": 2021, ""player"": ""Player_242"", ""fee"": 1462139.78, ""type"": ""In""}], ""total_spend"": 4963157.23, ""total_income"": 7300858.63}",496841.1810708621,4 years,False,Local talent,African talents,2.9,"{""kit_sponsor"": ""New Balance"", ""main_sponsor"": ""Soci\u00e9t\u00e9 G\u00e9n\u00e9rale"", ""value"": ""883362 TND"", ""duration"": ""2 years""}","{""facebook"": ""facebook.com/club_4746"", ""twitter"": ""twitter.com/club_2637"", ""instagram"": ""instagram.com/club_7791""}"
C-494,1300,WWS Rangers,Zimbabwe,Zimbabwe Premier Soccer League,National Sports Stadium,'4-3-1-2',Wing Play,4676052000.0,1870420800.0,"{""last_5_transfers"": [{""year"": 2023, ""player"": ""Player_988"", ""fee"": 1533524.72, ""type"": ""In""}, {""year"": 2020, ""player"": ""Player_918"", ""fee"": 2608582.67, ""type"": ""Out""}, {""year"": 2024, ""player"": ""Player_217"", ""fee"": 2374906.99, ""type"": ""In""}, {""year"": 2021, ""player"": ""Player_519"", ""fee"": 4596692.59, ""type"": ""In""}, {""year"": 2023, ""player"": ""Player_625"", ""fee"": 2166345.55, ""type"": ""Out""}], ""total_spend"": 4503349.98, ""total_income"": 3532659.92}",361749.2849193505,3 years,False,Local talent,Local academy,2.12,"{""kit_sponsor"": ""Umbro"", ""main_sponsor"": ""Al Baraka Bank"", ""value"": ""466183 TND"", ""duration"": ""5 years""}","{""facebook"": ""facebook.com/club_3874"", ""twitter"": ""twitter.com/club_4430"", ""instagram"": ""instagram.com/club_6661""}"
C-495,81,Wydad Casablanca,Morocco,Botola Pro,Stade Mohammed V,'4-2-2-2',Tiki-Taka Adaptation,12648000.0,5059200.0,"{""last_5_transfers"": [{""year"": 2020, ""player"": ""Player_475"", ""fee"": 329242.22, ""type"": ""Out""}, {""year"": 2019, ""player"": ""Player_775"", ""fee"": 389635.16, ""type"": ""In""}, {""year"": 2019, ""player"": ""Player_326"", ""fee"": 3824511.73, ""type"": ""In""}, {""year"": 2024, ""player"": ""Player_103"", ""fee"": 3539087.37, ""type"": ""Out""}, {""year"": 2022, ""player"": ""Player_738"", ""fee"": 2743794.1, ""type"": ""Out""}], ""total_spend"": 5744537.84, ""total_income"": 7184553.78}",776446.228727213,3 years,True,Academy graduates,African talents,3.1,"{""kit_sponsor"": ""Kappa"", ""main_sponsor"": ""Coca-Cola"", ""value"": ""991483 TND"", ""duration"": ""3 years""}","{""facebook"": ""facebook.com/club_5212"", ""twitter"": ""twitter.com/club_9835"", ""instagram"": ""instagram.com/club_1209""}"
C-496,1800,Wydad Fes,Morocco,Botola Pro,Stade Mohammed V,'3-5-2',North African Technical,21382000.0,8552800.0,"{""last_5_transfers"": [{""year"": 2019, ""player"": ""Player_4"", ""fee"": 1611128.36, ""type"": ""In""}, {""year"": 2019, ""player"": ""Player_262"", ""fee"": 4800676.2, ""type"": ""In""}, {""year"": 2020, ""player"": ""Player_350"", ""fee"": 2650492.61, ""type"": ""In""}, {""year"": 2022, ""player"": ""Player_378"", ""fee"": 211067.39, ""type"": ""Out""}, {""year"": 2019, ""player"": ""Player_251"", ""fee"": 4145102.95, ""type"": ""Out""}], ""total_spend"": 9705467.82, ""total_income"": 6123367.73}",451698.61667413457,3 years,True,Local talent,Under-23 talents,4.23,"{""kit_sponsor"": ""New Balance"", ""main_sponsor"": ""Danone"", ""value"": ""120212 TND"", ""duration"": ""3 years""}","{""facebook"": ""facebook.com/club_7170"", ""twitter"": ""twitter.com/club_9703"", ""instagram"": ""instagram.com/club_3256""}"
C-497,2169,Yadah FC,Zimbabwe,Zimbabwe Premier Soccer League,National Sports Stadium,'4-4-2',Attacking Overload,16150524000.0,6460209600.0,"{""last_5_transfers"": [{""year"": 2024, ""player"": ""Player_541"", ""fee"": 2139183.26, ""type"": ""In""}, {""year"": 2023, ""player"": ""Player_209"", ""fee"": 2539843.45, ""type"": ""In""}, {""year"": 2022, ""player"": ""Player_426"", ""fee"": 3920605.23, ""type"": ""Out""}, {""year"": 2023, ""player"": ""Player_586"", ""fee"": 3454619.79, ""type"": ""Out""}, {""year"": 2023, ""player"": ""Player_477"", ""fee"": 3157124.73, ""type"": ""Out""}], ""total_spend"": 1863653.5, ""total_income"": 4250363.83}",636752.0954879511,2 years,False,Academy graduates,Asian market,7.79,"{""kit_sponsor"": ""Mizuno"", ""main_sponsor"": ""Nike"", ""value"": ""939117 TND"", ""duration"": ""2 years""}","{""facebook"": ""facebook.com/club_9564"", ""twitter"": ""twitter.com/club_4991"", ""instagram"": ""instagram.com/club_3366""}"
C-498,2527,Yafoot FC Yaounde 2,Cameroon,Elite Two,Olembe Stadium,'3-4-2-1',North African Technical,1600581000.0,640232400.0,"{""last_5_transfers"": [{""year"": 2024, ""player"": ""Player_265"", ""fee"": 3788692.89, ""type"": ""In""}, {""year"": 2021, ""player"": ""Player_208"", ""fee"": 1832611.81, ""type"": ""Out""}, {""year"": 2020, ""player"": ""Player_798"", ""fee"": 2500194.13, ""type"": ""Out""}, {""year"": 2019, ""player"": ""Player_467"", ""fee"": 3038119.41, ""type"": ""Out""}, {""year"": 2024, ""player"": ""Player_668"", ""fee"": 1692745.23, ""type"": ""In""}], ""total_spend"": 1117032.77, ""total_income"": 1617855.67}",956313.6105053962,3 years,True,Proven professionals,African talents,6.15,"{""kit_sponsor"": ""Puma"", ""main_sponsor"": ""BMW"", ""value"": ""454735 TND"", ""duration"": ""2 years""}","{""facebook"": ""facebook.com/club_3535"", ""twitter"": ""twitter.com/club_6704"", ""instagram"": ""instagram.com/club_2267""}"
C-499,2003,Yobe Desert Stars,Nigeria,Nigeria Professional Football League,Moshood Abiola National Stadium,'5-3-2',North African Technical,2175891000.0,870356400.0,"{""last_5_transfers"": [{""year"": 2024, ""player"": ""Player_423"", ""fee"": 1874307.15, ""type"": ""Out""}, {""year"": 2020, ""player"": ""Player_854"", ""fee"": 1157354.84, ""type"": ""In""}, {""year"": 2020, ""player"": ""Player_107"", ""fee"": 868672.39, ""type"": ""Out""}, {""year"": 2021, ""player"": ""Player_781"", ""fee"": 1634133.49, ""type"": ""Out""}, {""year"": 2022, ""player"": ""Player_481"", ""fee"": 2898227.66, ""type"": ""Out""}], ""total_spend"": 3598530.4, ""total_income"": 3306060.75}",942697.8194155996,2 years,True,Proven professionals,Asian market,3.43,"{""kit_sponsor"": ""Nike"", ""main_sponsor"": ""BIAT Bank"", ""value"": ""930910 TND"", ""duration"": ""5 years""}","{""facebook"": ""facebook.com/club_2655"", ""twitter"": ""twitter.com/club_9144"", ""instagram"": ""instagram.com/club_8780""}"
C-500,2349,Yopougon FC,Ivory Coast,Ligue 1,Stade Olympique Alassane Ouattara,'3-4-2-1',North African Technical,1327303000.0,530921200.0,"{""last_5_transfers"": [{""year"": 2023, ""player"": ""Player_245"", ""fee"": 1627050.16, ""type"": ""In""}, {""year"": 2021, ""player"": ""Player_857"", ""fee"": 1116057.53, ""type"": ""In""}, {""year"": 2021, ""player"": ""Player_148"", ""fee"": 155949.01, ""type"": ""In""}, {""year"": 2019, ""player"": ""Player_48"", ""fee"": 1341206.28, ""type"": ""In""}, {""year"": 2020, ""player"": ""Player_937"", ""fee"": 1474804.22, ""type"": ""In""}], ""total_spend"": 4766588.58, ""total_income"": 7663391.48}",312671.75387907424,2 years,True,Proven professionals,Young talents,4.58,"{""kit_sponsor"": ""Le Coq Sportif"", ""main_sponsor"": ""BIAT Bank"", ""value"": ""431817 TND"", ""duration"": ""1 years""}","{""facebook"": ""facebook.com/club_9899"", ""twitter"": ""twitter.com/club_6717"", ""instagram"": ""instagram.com/club_8087""}"
C-501,2079,Young Africans,Tanzania,First Division League,Benjamin Mkapa Stadium,'3-3-3-1',Tiki-Taka Adaptation,3511177000.0,1404470800.0,"{""last_5_transfers"": [{""year"": 2023, ""player"": ""Player_596"", ""fee"": 4211713.94, ""type"": ""In""}, {""year"": 2021, ""player"": ""Player_834"", ""fee"": 3341507.14, ""type"": ""Out""}, {""year"": 2024, ""player"": ""Player_740"", ""fee"": 2520338.77, ""type"": ""Out""}, {""year"": 2022, ""player"": ""Player_198"", ""fee"": 1844240.73, ""type"": ""In""}, {""year"": 2022, ""player"": ""Player_534"", ""fee"": 155058.34, ""type"": ""Out""}], ""total_spend"": 8160050.23, ""total_income"": 1035214.92}",161920.91243614772,4 years,True,Academy graduates,European market,4.61,"{""kit_sponsor"": ""Hummel"", ""main_sponsor"": ""Al Baraka Bank"", ""value"": ""439568 TND"", ""duration"": ""1 years""}","{""facebook"": ""facebook.com/club_3465"", ""twitter"": ""twitter.com/club_8458"", ""instagram"": ""instagram.com/club_7292""}"
C-502,2136,Young Green Eagles,Zambia,Zambian Premier League,National Heroes Stadium,'5-3-2',High Press,70828000.0,28331200.0,"{""last_5_transfers"": [{""year"": 2020, ""player"": ""Player_959"", ""fee"": 1554882.97, ""type"": ""Out""}, {""year"": 2023, ""player"": ""Player_467"", ""fee"": 1406052.86, ""type"": ""Out""}, {""year"": 2020, ""player"": ""Player_87"", ""fee"": 4562450.23, ""type"": ""In""}, {""year"": 2020, ""player"": ""Player_831"", ""fee"": 1850088.52, ""type"": ""In""}, {""year"": 2020, ""player"": ""Player_403"", ""fee"": 4633609.99, ""type"": ""In""}], ""total_spend"": 2787615.8, ""total_income"": 7818612.06}",763360.7701234275,3 years,True,Young prospects,European market,3.9,"{""kit_sponsor"": ""Puma"", ""main_sponsor"": ""Nike"", ""value"": ""195328 TND"", ""duration"": ""2 years""}","{""facebook"": ""facebook.com/club_7990"", ""twitter"": ""twitter.com/club_8047"", ""instagram"": ""instagram.com/club_5086""}"
C-503,911,Young Sport Academy Bamenda,Cameroon,Elite Two,Olembe Stadium,'4-3-2-1',Defensive Structure,765235000.0,306094000.0,"{""last_5_transfers"": [{""year"": 2019, ""player"": ""Player_739"", ""fee"": 3504183.19, ""type"": ""In""}, {""year"": 2023, ""player"": ""Player_503"", ""fee"": 2769890.59, ""type"": ""In""}, {""year"": 2024, ""player"": ""Player_575"", ""fee"": 937208.88, ""type"": ""In""}, {""year"": 2024, ""player"": ""Player_521"", ""fee"": 585298.21, ""type"": ""In""}, {""year"": 2022, ""player"": ""Player_803"", ""fee"": 3946256.63, ""type"": ""Out""}], ""total_spend"": 8385903.7, ""total_income"": 2320922.56}",898339.5663392007,4 years,False,Local talent,South American prospects,1.92,"{""kit_sponsor"": ""Hummel"", ""main_sponsor"": ""Puma"", ""value"": ""172874 TND"", ""duration"": ""3 years""}","{""facebook"": ""facebook.com/club_2816"", ""twitter"": ""twitter.com/club_2767"", ""instagram"": ""instagram.com/club_8346""}"
C-504,1524,Youssoufia Berrechid,Morocco,Botola 2,Stade Mohammed V,'3-5-1-1',Defensive Structure,29611000.0,11844400.0,"{""last_5_transfers"": [{""year"": 2021, ""player"": ""Player_810"", ""fee"": 1916485.39, ""type"": ""Out""}, {""year"": 2021, ""player"": ""Player_83"", ""fee"": 3188936.42, ""type"": ""In""}, {""year"": 2023, ""player"": ""Player_864"", ""fee"": 354950.35, ""type"": ""In""}, {""year"": 2024, ""player"": ""Player_235"", ""fee"": 935067.71, ""type"": ""In""}, {""year"": 2021, ""player"": ""Player_897"", ""fee"": 1472049.51, ""type"": ""Out""}], ""total_spend"": 8837763.45, ""total_income"": 4252204.47}",408538.3561307213,3 years,True,Academy graduates,African talents,8.43,"{""kit_sponsor"": ""Le Coq Sportif"", ""main_sponsor"": ""Danone"", ""value"": ""189067 TND"", ""duration"": ""5 years""}","{""facebook"": ""facebook.com/club_4423"", ""twitter"": ""twitter.com/club_5137"", ""instagram"": ""instagram.com/club_7094""}"
C-505,1915,Zamfara United FC,Nigeria,Nigeria National League,Moshood Abiola National Stadium,'4-1-4-1',West African Power,2274859000.0,909943600.0,"{""last_5_transfers"": [{""year"": 2023, ""player"": ""Player_354"", ""fee"": 4769098.99, ""type"": ""In""}, {""year"": 2019, ""player"": ""Player_872"", ""fee"": 420620.2, ""type"": ""Out""}, {""year"": 2019, ""player"": ""Player_882"", ""fee"": 2204085.91, ""type"": ""Out""}, {""year"": 2024, ""player"": ""Player_685"", ""fee"": 3004861.15, ""type"": ""Out""}, {""year"": 2021, ""player"": ""Player_199"", ""fee"": 2101566.17, ""type"": ""Out""}], ""total_spend"": 9149301.8, ""total_income"": 2732991.59}",584782.5841819266,4 years,False,Experienced players,African talents,9.67,"{""kit_sponsor"": ""New Balance"", ""main_sponsor"": ""BMW"", ""value"": ""343680 TND"", ""duration"": ""1 years""}","{""facebook"": ""facebook.com/club_9870"", ""twitter"": ""twitter.com/club_8060"", ""instagram"": ""instagram.com/club_9267""}"
C-506,871,Zanaco,Zambia,Zambian Premier League,National Heroes Stadium,'3-4-2-1',East African Speed,70491000.0,28196400.0,"{""last_5_transfers"": [{""year"": 2020, ""player"": ""Player_163"", ""fee"": 1345012.13, ""type"": ""In""}, {""year"": 2019, ""player"": ""Player_94"", ""fee"": 2417097.62, ""type"": ""Out""}, {""year"": 2019, ""player"": ""Player_641"", ""fee"": 754429.02, ""type"": ""In""}, {""year"": 2023, ""player"": ""Player_261"", ""fee"": 3438616.96, ""type"": ""Out""}, {""year"": 2022, ""player"": ""Player_293"", ""fee"": 1310275.09, ""type"": ""Out""}], ""total_spend"": 5610278.16, ""total_income"": 858326.15}",645791.8038248942,3 years,True,Local talent,Under-23 talents,3.97,"{""kit_sponsor"": ""Umbro"", ""main_sponsor"": ""Pepsi"", ""value"": ""396933 TND"", ""duration"": ""1 years""}","{""facebook"": ""facebook.com/club_6916"", ""twitter"": ""twitter.com/club_3972"", ""instagram"": ""instagram.com/club_4034""}"
C-507,1392,Zarzis,Tunisia,Tunisian Ligue 2,Stade Olympique de Rades,'4-3-2-1',High-Energy Pressing,3982000.0,1592800.0,"{""last_5_transfers"": [{""year"": 2020, ""player"": ""Player_956"", ""fee"": 4457216.46, ""type"": ""Out""}, {""year"": 2022, ""player"": ""Player_110"", ""fee"": 3527400.8, ""type"": ""Out""}, {""year"": 2022, ""player"": ""Player_708"", ""fee"": 2782438.81, ""type"": ""Out""}, {""year"": 2022, ""player"": ""Player_613"", ""fee"": 4264464.76, ""type"": ""In""}, {""year"": 2019, ""player"": ""Player_762"", ""fee"": 1858762.81, ""type"": ""Out""}], ""total_spend"": 4766892.91, ""total_income"": 7279666.56}",439467.58753940574,3 years,False,Proven professionals,African talents,8.7,"{""kit_sponsor"": ""Nike"", ""main_sponsor"": ""Orange"", ""value"": ""148205 TND"", ""duration"": ""5 years""}","{""facebook"": ""facebook.com/club_6056"", ""twitter"": ""twitter.com/club_4710"", ""instagram"": ""instagram.com/club_5983""}"
C-508,605,ZESCO United,Zambia,Zambian Premier League,National Heroes Stadium,'3-3-3-1',Defensive Solidarity,81034000.0,32413600.0,"{""last_5_transfers"": [{""year"": 2023, ""player"": ""Player_252"", ""fee"": 4181516.2, ""type"": ""In""}, {""year"": 2019, ""player"": ""Player_221"", ""fee"": 453441.17, ""type"": ""Out""}, {""year"": 2023, ""player"": ""Player_713"", ""fee"": 1026228.79, ""type"": ""In""}, {""year"": 2019, ""player"": ""Player_306"", ""fee"": 1112121.18, ""type"": ""In""}, {""year"": 2023, ""player"": ""Player_471"", ""fee"": 410479.59, ""type"": ""Out""}], ""total_spend"": 5130093.6, ""total_income"": 6654219.06}",740492.1560257333,4 years,False,Young prospects,Established professionals,0.55,"{""kit_sponsor"": ""Joma"", ""main_sponsor"": ""LG Electronics"", ""value"": ""917528 TND"", ""duration"": ""3 years""}","{""facebook"": ""facebook.com/club_7368"", ""twitter"": ""twitter.com/club_2990"", ""instagram"": ""instagram.com/club_3216""}"
C-509,2078,Zimbabwe Saints,Zimbabwe,Zimbabwe Premier Soccer League,National Sports Stadium,'3-4-2-1',High-Energy Pressing,23977336000.0,9590934400.0,"{""last_5_transfers"": [{""year"": 2020, ""player"": ""Player_656"", ""fee"": 3646437.1, ""type"": ""Out""}, {""year"": 2024, ""player"": ""Player_925"", ""fee"": 579276.36, ""type"": ""Out""}, {""year"": 2024, ""player"": ""Player_955"", ""fee"": 2791551.97, ""type"": ""Out""}, {""year"": 2022, ""player"": ""Player_218"", ""fee"": 4916512.43, ""type"": ""Out""}, {""year"": 2023, ""player"": ""Player_62"", ""fee"": 3806721.85, ""type"": ""In""}], ""total_spend"": 3604049.73, ""total_income"": 7623209.83}",384129.6906184627,2 years,True,Academy graduates,Established professionals,4.83,"{""kit_sponsor"": ""Joma"", ""main_sponsor"": ""BMW"", ""value"": ""653826 TND"", ""duration"": ""4 years""}","{""facebook"": ""facebook.com/club_6179"", ""twitter"": ""twitter.com/club_4349"", ""instagram"": ""instagram.com/club_2629""}"
C-510,1585,ZPC Kariba,Zimbabwe,Zimbabwe Premier Soccer League,National Sports Stadium,'4-4-2',Technical Dribbling,20443986000.0,8177594400.0,"{""last_5_transfers"": [{""year"": 2021, ""player"": ""Player_680"", ""fee"": 2844218.86, ""type"": ""Out""}, {""year"": 2019, ""player"": ""Player_523"", ""fee"": 3918128.04, ""type"": ""Out""}, {""year"": 2020, ""player"": ""Player_129"", ""fee"": 1229375.04, ""type"": ""Out""}, {""year"": 2019, ""player"": ""Player_999"", ""fee"": 988388.3, ""type"": ""Out""}, {""year"": 2023, ""player"": ""Player_904"", ""fee"": 4400775.82, ""type"": ""Out""}], ""total_spend"": 8526549.32, ""total_income"": 2492769.44}",653410.1395852594,3 years,False,Experienced players,Local academy,5.11,"{""kit_sponsor"": ""Under Armour"", ""main_sponsor"": ""Al Baraka Bank"", ""value"": ""808884 TND"", ""duration"": ""5 years""}","{""facebook"": ""facebook.com/club_9457"", ""twitter"": ""twitter.com/club_9815"", ""instagram"": ""instagram.com/club_3884""}"
C-511,2386,Zumunta,Niger,Niger Premier League,Stade General Seyni Kountche,'4-1-3-2',Attacking Overload,2888002000.0,1155200800.0,"{""last_5_transfers"": [{""year"": 2022, ""player"": ""Player_896"", ""fee"": 698187.05, ""type"": ""Out""}, {""year"": 2022, ""player"": ""Player_556"", ""fee"": 885262.22, ""type"": ""In""}, {""year"": 2024, ""player"": ""Player_140"", ""fee"": 3288205.93, ""type"": ""In""}, {""year"": 2021, ""player"": ""Player_451"", ""fee"": 1055592.74, ""type"": ""Out""}, {""year"": 2023, ""player"": ""Player_661"", ""fee"": 3315159.28, ""type"": ""Out""}], ""total_spend"": 4186490.25, ""total_income"": 801231.6}",464038.9208087525,2 years,False,Experienced players,European market,5.15,"{""kit_sponsor"": ""Under Armour"", ""main_sponsor"": ""Al Baraka Bank"", ""value"": ""822459 TND"", ""duration"": ""3 years""}","{""facebook"": ""facebook.com/club_4952"", ""twitter"": ""twitter.com/club_6936"", ""instagram"": ""instagram.com/club_9770""}"
