supplier_id,company_name,product_type,price,email,phone,website,affiliated_clients,location
Eq-1,club shop,SYSTÈME DE MAINTIEN DE JAMBIÈRE ERIMA,7.0,contact@club-shop.fr,04 92 61 33 91,www.club-shop.fr,"Olympique Lyonnais,Paris Saint-Germain ",France
Eq-1,club shop,TIB-SCRATCH ERIMA,8.0,contact@club-shop.fr,04 92 61 33 91,www.club-shop.fr,"Olympique Lyonnais,Paris Saint-Germain ",France
Eq-1,club shop,CHAUSSETTES TUBE ERIMA 2.0,12.0,contact@club-shop.fr,04 92 61 33 91,www.club-shop.fr,"Olympique Lyonnais,Paris Saint-Germain ",France
Eq-1,club shop,BALLON DE BEACH FOOTBALL SOFTEE,1199.0,contact@club-shop.fr,04 92 61 33 91,www.club-shop.fr,"Olympique Lyonnais,Paris Saint-Germain ",France
Eq-1,club shop,BALLON DE FOOTBALL UNITED,129.0,contact@club-shop.fr,04 92 61 33 91,www.club-shop.fr,"Olympique Lyonnais,Paris Saint-Germain ",France
Eq-1,club shop,BALLON DE FOOTBALL UHLSPORT TRIOMPHÉO CLUB...,1095.0,contact@club-shop.fr,04 92 61 33 91,www.club-shop.fr,"Olympique Lyonnais,Paris Saint-Germain ",France
Eq-1,club shop,BALLON DE FOOTBALL UHLSPORT TEAM 2022,12.0,contact@club-shop.fr,04 92 61 33 91,www.club-shop.fr,"Olympique Lyonnais,Paris Saint-Germain ",France
Eq-1,club shop,BALLON DE FOOTBALL ADIDAS TIRO CLUB 2023,12.0,contact@club-shop.fr,04 92 61 33 91,www.club-shop.fr,"Olympique Lyonnais,Paris Saint-Germain ",France
Eq-1,club shop,BALLON DE FOOTBALL PUMA ORBITA 6 MS,12.0,contact@club-shop.fr,04 92 61 33 91,www.club-shop.fr,"Olympique Lyonnais,Paris Saint-Germain ",France
Eq-1,club shop,BALLON DE FOOTBALL UHLSPORT TEAM,12.0,contact@club-shop.fr,04 92 61 33 91,www.club-shop.fr,"Olympique Lyonnais,Paris Saint-Germain ",France
Eq-1,club shop,BALLON DE BEACH SOCCER,175.0,contact@club-shop.fr,04 92 61 33 91,www.club-shop.fr,"Olympique Lyonnais,Paris Saint-Germain ",France
Eq-1,club shop,BALLON DE FOOTBALL PUMA ORBITA 6 MS 2024,22.0,contact@club-shop.fr,04 92 61 33 91,www.club-shop.fr,"Olympique Lyonnais,Paris Saint-Germain ",France
Eq-1,club shop,BALLON DE FOOTBALL ADIDAS TIRO MATCH 2023,15.0,contact@club-shop.fr,04 92 61 33 91,www.club-shop.fr,"Olympique Lyonnais,Paris Saint-Germain ",France
Eq-1,club shop,BALLON DE FOOTBALL PUMA ORBITA 5 HS,30.0,contact@club-shop.fr,04 92 61 33 91,www.club-shop.fr,"Olympique Lyonnais,Paris Saint-Germain ",France
Eq-1,club shop,BALLON DE FOOTBALL JEU DE TÊTE,21.0,contact@club-shop.fr,04 92 61 33 91,www.club-shop.fr,"Olympique Lyonnais,Paris Saint-Germain ",France
Eq-1,club shop,BALLON DE FOOTBALL HUMMEL HMLPRECISION TRAINING,2495.0,contact@club-shop.fr,04 92 61 33 91,www.club-shop.fr,"Olympique Lyonnais,Paris Saint-Germain ",France
Eq-1,club shop,BALLON DE FOOTBALL ERIMA SENZOR STAR TRAINING,25.0,contact@club-shop.fr,04 92 61 33 91,www.club-shop.fr,"Olympique Lyonnais,Paris Saint-Germain ",France
Eq-1,club shop,BALLON DE FOOTBALL UHLSPORT ELITE TRAINING CLUB,25.0,contact@club-shop.fr,04 92 61 33 91,www.club-shop.fr,"Olympique Lyonnais,Paris Saint-Germain ",France
Eq-1,club shop,BALLON DE FOOTBALL ADIDAS TRAINING EURO 2024,18.0,contact@club-shop.fr,04 92 61 33 91,www.club-shop.fr,"Olympique Lyonnais,Paris Saint-Germain ",France
Eq-1,club shop,BALLON DE FOOTBALL UHLSPORT SOCCER PRO SYNERGY,18.0,contact@club-shop.fr,04 92 61 33 91,www.club-shop.fr,"Olympique Lyonnais,Paris Saint-Germain ",France
Eq-1,club shop,BALLON DE FOOTBALL ADIDAS TIRO LEAGUE TB 2023,18.0,contact@club-shop.fr,04 92 61 33 91,www.club-shop.fr,"Olympique Lyonnais,Paris Saint-Germain ",France
Eq-1,club shop,BALLON DE FOOTBALL ERIMA HYBRID TRAINING 2.0,209.0,contact@club-shop.fr,04 92 61 33 91,www.club-shop.fr,"Olympique Lyonnais,Paris Saint-Germain ",France
Eq-1,club shop,BALLON DE FOOTBALL UHLSPORT REFLEX GARDIEN DE BUT,35.0,contact@club-shop.fr,04 92 61 33 91,www.club-shop.fr,"Olympique Lyonnais,Paris Saint-Germain ",France
Eq-1,club shop,BALLON DE FOOTBALL HUMMEL HMLAEROFLY TRAINING,2995.0,contact@club-shop.fr,04 92 61 33 91,www.club-shop.fr,"Olympique Lyonnais,Paris Saint-Germain ",France
Eq-1,club shop,BALLON DE FOOTBALL ADIDAS TIRO LEAGUE TSBE 2023,35.0,contact@club-shop.fr,04 92 61 33 91,www.club-shop.fr,"Olympique Lyonnais,Paris Saint-Germain ",France
Eq-1,club shop,BALLON DE FOOTBALL ADIDAS TIRO MATCH ARTIFICIAL...,35.0,contact@club-shop.fr,04 92 61 33 91,www.club-shop.fr,"Olympique Lyonnais,Paris Saint-Germain ",France
Eq-1,club shop,BALLON DE FOOTBALL ADIDAS LEAGUE EURO 2024,24.0,contact@club-shop.fr,04 92 61 33 91,www.club-shop.fr,"Olympique Lyonnais,Paris Saint-Germain ",France
Eq-1,club shop,BALLON DE FOOTBALL UHLSPORT RESIST SYNERGY,25.0,contact@club-shop.fr,04 92 61 33 91,www.club-shop.fr,"Olympique Lyonnais,Paris Saint-Germain ",France
Eq-1,club shop,BALLON DE FOOTBALL HUMMEL HMLPRECISION TRAINING...,3995.0,contact@club-shop.fr,04 92 61 33 91,www.club-shop.fr,"Olympique Lyonnais,Paris Saint-Germain ",France
Eq-1,club shop,BALLON DE FOOTBALL HUMMEL HMLAEROFLY TRAINING PRO,4495.0,contact@club-shop.fr,04 92 61 33 91,www.club-shop.fr,"Olympique Lyonnais,Paris Saint-Germain ",France
Eq-1,club shop,BALLON DE FOOTBALL HUMMEL STORM TRAINER,349.0,contact@club-shop.fr,04 92 61 33 91,www.club-shop.fr,"Olympique Lyonnais,Paris Saint-Germain ",France
Eq-1,club shop,BALLON DE FOOTBALL ADIDAS TIRO MATCH 2023,15.0,contact@club-shop.fr,04 92 61 33 91,www.club-shop.fr,"Olympique Lyonnais,Paris Saint-Germain ",France
Eq-1,club shop,BALLON DE FOOTBALL UHLSPORT SOCCER PRO ADDGLUE,165.0,contact@club-shop.fr,04 92 61 33 91,www.club-shop.fr,"Olympique Lyonnais,Paris Saint-Germain ",France
Eq-1,club shop,BALLON DE FOOTBALL UHLSPORT LIGUE 2 TRAINING TOP,165.0,contact@club-shop.fr,04 92 61 33 91,www.club-shop.fr,"Olympique Lyonnais,Paris Saint-Germain ",France
Eq-1,club shop,BALLON DE FOOTBALL ADIDAS TIRO LEAGUE TB 2023,18.0,contact@club-shop.fr,04 92 61 33 91,www.club-shop.fr,"Olympique Lyonnais,Paris Saint-Germain ",France
Eq-1,club shop,BALLON DE FOOTBALL ERIMA HYBRID TRAINING 2.0,209.0,contact@club-shop.fr,04 92 61 33 91,www.club-shop.fr,"Olympique Lyonnais,Paris Saint-Germain ",France
Eq-1,club shop,BALLON DE FOOTBALL ADIDAS TIRO MATCH ARTIFICIAL...,35.0,contact@club-shop.fr,04 92 61 33 91,www.club-shop.fr,"Olympique Lyonnais,Paris Saint-Germain ",France
Eq-1,club shop,BALLON DE FOOTBALL ADIDAS TIRO LEAGUE TSBE 2023,35.0,contact@club-shop.fr,04 92 61 33 91,www.club-shop.fr,"Olympique Lyonnais,Paris Saint-Germain ",France
Eq-1,club shop,BALLON DE FOOTBALL UHLSPORT ATTACK ADDGLUE,22.0,contact@club-shop.fr,04 92 61 33 91,www.club-shop.fr,"Olympique Lyonnais,Paris Saint-Germain ",France
Eq-1,club shop,BALLON DE FOOTBALL ADIDAS LEAGUE EURO 2024,24.0,contact@club-shop.fr,04 92 61 33 91,www.club-shop.fr,"Olympique Lyonnais,Paris Saint-Germain ",France
Eq-1,club shop,BALLON DE FOOTBALL HUMMEL HMLPRECISION TRAINING...,3995.0,contact@club-shop.fr,04 92 61 33 91,www.club-shop.fr,"Olympique Lyonnais,Paris Saint-Germain ",France
Eq-1,club shop,BALLON DE FOOTBALL MOLTEN TRAINING EUROPA...,40.0,contact@club-shop.fr,04 92 61 33 91,www.club-shop.fr,"Olympique Lyonnais,Paris Saint-Germain ",France
Eq-1,club shop,BALLON DE FOOTBALL ADIDAS TIRO COMPÉTITION 2023,30.0,contact@club-shop.fr,04 92 61 33 91,www.club-shop.fr,"Olympique Lyonnais,Paris Saint-Germain ",France
Eq-1,club shop,BALLON DE FOOTBALL HUMMEL HMLAEROFLY TRAINING PRO,4495.0,contact@club-shop.fr,04 92 61 33 91,www.club-shop.fr,"Olympique Lyonnais,Paris Saint-Germain ",France
Eq-1,club shop,BALLON DE FOOTBALL ADIDAS COMPÉTITION EURO 2024,36.0,contact@club-shop.fr,04 92 61 33 91,www.club-shop.fr,"Olympique Lyonnais,Paris Saint-Germain ",France
Eq-1,club shop,BALLON DE FOOTBALL UHLSPORT MATCH ADDGLUE,385.0,contact@club-shop.fr,04 92 61 33 91,www.club-shop.fr,"Olympique Lyonnais,Paris Saint-Germain ",France
Eq-1,club shop,BALLON DE FOOTBALL ERIMA SENZOR STAR PRO,60.0,contact@club-shop.fr,04 92 61 33 91,www.club-shop.fr,"Olympique Lyonnais,Paris Saint-Germain ",France
Eq-1,club shop,BALLON DE FOOTBALL HUMMEL HMLPRECISION MATCH,6995.0,contact@club-shop.fr,04 92 61 33 91,www.club-shop.fr,"Olympique Lyonnais,Paris Saint-Germain ",France
Eq-1,club shop,BALLON DE FOOTBALL ADIDAS TIRO PRO 2023,100.0,contact@club-shop.fr,04 92 61 33 91,www.club-shop.fr,"Olympique Lyonnais,Paris Saint-Germain ",France
Eq-1,club shop,BALLON DE FOOTBALL HUMMEL HMLAEROFLY MATCH,10995.0,contact@club-shop.fr,04 92 61 33 91,www.club-shop.fr,"Olympique Lyonnais,Paris Saint-Germain ",France
Eq-1,club shop,BALLON DE FOOTBALL ADIDAS OFFICIEL EURO 2024,150.0,contact@club-shop.fr,04 92 61 33 91,www.club-shop.fr,"Olympique Lyonnais,Paris Saint-Germain ",France
Eq-1,club shop,BALLON DE FOOTBALL UHLSPORT REVOLUTION...,140.0,contact@club-shop.fr,04 92 61 33 91,www.club-shop.fr,"Olympique Lyonnais,Paris Saint-Germain ",France
Eq-1,club shop,POMPE À MAIN BASIQUE,36.0,contact@club-shop.fr,04 92 61 33 91,www.club-shop.fr,"Olympique Lyonnais,Paris Saint-Germain ",France
Eq-1,club shop,AIGUILLES POUR GONFLEUR À BALLONS,44.0,contact@club-shop.fr,04 92 61 33 91,www.club-shop.fr,"Olympique Lyonnais,Paris Saint-Germain ",France
Eq-1,club shop,BLISTER DE 3 AIGUILLES,46.0,contact@club-shop.fr,04 92 61 33 91,www.club-shop.fr,"Olympique Lyonnais,Paris Saint-Germain ",France
Eq-1,club shop,EMBOUT POUR TUYAU ET COMP3,51.0,contact@club-shop.fr,04 92 61 33 91,www.club-shop.fr,"Olympique Lyonnais,Paris Saint-Germain ",France
Eq-1,club shop,FLACON DE GLYCÉRINE TREMBLAY,59.0,contact@club-shop.fr,04 92 61 33 91,www.club-shop.fr,"Olympique Lyonnais,Paris Saint-Germain ",France
Eq-1,club shop,AIGUILLES POUR GONFLEUR AVEC CULOT AMÉRICAIN,64.0,contact@club-shop.fr,04 92 61 33 91,www.club-shop.fr,"Olympique Lyonnais,Paris Saint-Germain ",France
Eq-1,club shop,POMPE DOUBLE ACTION,65.0,contact@club-shop.fr,04 92 61 33 91,www.club-shop.fr,"Olympique Lyonnais,Paris Saint-Germain ",France
Eq-1,club shop,MANOMÈTRE - MESUREUR DE PRESSION,112.0,contact@club-shop.fr,04 92 61 33 91,www.club-shop.fr,"Olympique Lyonnais,Paris Saint-Germain ",France
Eq-1,club shop,POMPE À MAIN ADIDAS,12.0,contact@club-shop.fr,04 92 61 33 91,www.club-shop.fr,"Olympique Lyonnais,Paris Saint-Germain ",France
Eq-1,club shop,SPRAY RÉPARE-BALLONS,135.0,contact@club-shop.fr,04 92 61 33 91,www.club-shop.fr,"Olympique Lyonnais,Paris Saint-Germain ",France
Eq-1,club shop,POMPE À PIED,142.0,contact@club-shop.fr,04 92 61 33 91,www.club-shop.fr,"Olympique Lyonnais,Paris Saint-Germain ",France
Eq-1,club shop,POMPE À BALLON VERTICALE,146.0,contact@club-shop.fr,04 92 61 33 91,www.club-shop.fr,"Olympique Lyonnais,Paris Saint-Germain ",France
Eq-1,club shop,POMPE VERTICALE AVEC MANOMÈTRE,205.0,contact@club-shop.fr,04 92 61 33 91,www.club-shop.fr,"Olympique Lyonnais,Paris Saint-Germain ",France
Eq-1,club shop,POMPE VERTICALE GROS VOLUME,26.0,contact@club-shop.fr,04 92 61 33 91,www.club-shop.fr,"Olympique Lyonnais,Paris Saint-Germain ",France
Eq-1,club shop,POMPE À BALLON ERIMA AVEC MANOMÈTRE,27.0,contact@club-shop.fr,04 92 61 33 91,www.club-shop.fr,"Olympique Lyonnais,Paris Saint-Germain ",France
Eq-1,club shop,SOUFFLEUR,27.0,contact@club-shop.fr,04 92 61 33 91,www.club-shop.fr,"Olympique Lyonnais,Paris Saint-Germain ",France
Eq-1,club shop,MESUREUR DE PRESSION DIGITAL,409.0,contact@club-shop.fr,04 92 61 33 91,www.club-shop.fr,"Olympique Lyonnais,Paris Saint-Germain ",France
Eq-1,club shop,COMPRESSEUR SANS FIL MULTI-USAGES,1169.0,contact@club-shop.fr,04 92 61 33 91,www.club-shop.fr,"Olympique Lyonnais,Paris Saint-Germain ",France
Eq-1,club shop,SOUFFLEUR GROS VOLUME,1289.0,contact@club-shop.fr,04 92 61 33 91,www.club-shop.fr,"Olympique Lyonnais,Paris Saint-Germain ",France
Eq-1,club shop,COMPRESSEUR PORTABLE,1399.0,contact@club-shop.fr,04 92 61 33 91,www.club-shop.fr,"Olympique Lyonnais,Paris Saint-Germain ",France
Eq-1,club shop,COMPRESSEUR,1499.0,contact@club-shop.fr,04 92 61 33 91,www.club-shop.fr,"Olympique Lyonnais,Paris Saint-Germain ",France
Eq-1,club shop,COMPRESSEUR À BALLONS VOLCANO,1874.0,contact@club-shop.fr,04 92 61 33 91,www.club-shop.fr,"Olympique Lyonnais,Paris Saint-Germain ",France
Eq-1,club shop,COMPRESSEUR AVEC CUVE,1919.0,contact@club-shop.fr,04 92 61 33 91,www.club-shop.fr,"Olympique Lyonnais,Paris Saint-Germain ",France
Eq-1,club shop,COMPRESSEUR À BALLONS ERIMA,220.0,contact@club-shop.fr,04 92 61 33 91,www.club-shop.fr,"Olympique Lyonnais,Paris Saint-Germain ",France
Eq-1,club shop,COMPRESSEUR À BALLONS PROFESSIONNEL,305.0,contact@club-shop.fr,04 92 61 33 91,www.club-shop.fr,"Olympique Lyonnais,Paris Saint-Germain ",France
Eq-1,club shop,COMPRESSEUR AVEC CUVE,338.0,contact@club-shop.fr,04 92 61 33 91,www.club-shop.fr,"Olympique Lyonnais,Paris Saint-Germain ",France
Eq-1,club shop,FILET 3 BALLONS,32.0,contact@club-shop.fr,04 92 61 33 91,www.club-shop.fr,"Olympique Lyonnais,Paris Saint-Germain ",France
Eq-1,club shop,FILET 4/6 BALLONS,37.0,contact@club-shop.fr,04 92 61 33 91,www.club-shop.fr,"Olympique Lyonnais,Paris Saint-Germain ",France
Eq-1,club shop,FILET 8/10 BALLONS,47.0,contact@club-shop.fr,04 92 61 33 91,www.club-shop.fr,"Olympique Lyonnais,Paris Saint-Germain ",France
Eq-1,club shop,FILET À 10-12 BALLONS HUMMEL,895.0,contact@club-shop.fr,04 92 61 33 91,www.club-shop.fr,"Olympique Lyonnais,Paris Saint-Germain ",France
Eq-1,club shop,FILET À BALLONS ERIMA POUR 5 BALLONS,9.0,contact@club-shop.fr,04 92 61 33 91,www.club-shop.fr,"Olympique Lyonnais,Paris Saint-Germain ",France
Eq-1,club shop,SAC À BALLONS RÉSILLE,94.0,contact@club-shop.fr,04 92 61 33 91,www.club-shop.fr,"Olympique Lyonnais,Paris Saint-Germain ",France
Eq-1,club shop,FILET 20 BALLONS,9.0,contact@club-shop.fr,04 92 61 33 91,www.club-shop.fr,"Olympique Lyonnais,Paris Saint-Germain ",France
Eq-1,club shop,FILET À BALLONS ERIMA POUR 10 BALLONS,11.0,contact@club-shop.fr,04 92 61 33 91,www.club-shop.fr,"Olympique Lyonnais,Paris Saint-Germain ",France
Eq-1,club shop,SAC ÉQUIPEMENT RÉSILLE,144.0,contact@club-shop.fr,04 92 61 33 91,www.club-shop.fr,"Olympique Lyonnais,Paris Saint-Germain ",France
Eq-1,club shop,SAC À BALLONS TUBE - 3 BALLONS,188.0,contact@club-shop.fr,04 92 61 33 91,www.club-shop.fr,"Olympique Lyonnais,Paris Saint-Germain ",France
Eq-1,club shop,SAC MATELOT POUR 6/7 BALLONS,197.0,contact@club-shop.fr,04 92 61 33 91,www.club-shop.fr,"Olympique Lyonnais,Paris Saint-Germain ",France
Eq-1,club shop,SAC MATELOT POUR 15 BALLONS,21.0,contact@club-shop.fr,04 92 61 33 91,www.club-shop.fr,"Olympique Lyonnais,Paris Saint-Germain ",France
Eq-1,club shop,SAC À BALLONS TUBE - 5 BALLONS,226.0,contact@club-shop.fr,04 92 61 33 91,www.club-shop.fr,"Olympique Lyonnais,Paris Saint-Germain ",France
Eq-1,club shop,SAC À BALLONS MOLTEN EQUIPE,25.0,contact@club-shop.fr,04 92 61 33 91,www.club-shop.fr,"Olympique Lyonnais,Paris Saint-Germain ",France
Eq-1,club shop,SAC À BALLONS HUMMEL,2795.0,contact@club-shop.fr,04 92 61 33 91,www.club-shop.fr,"Olympique Lyonnais,Paris Saint-Germain ",France
Eq-1,club shop,SAC 5 BALLONS ELDERA,28.0,contact@club-shop.fr,04 92 61 33 91,www.club-shop.fr,"Olympique Lyonnais,Paris Saint-Germain ",France
Eq-1,club shop,SAC À BALLONS ELDERA,33.0,contact@club-shop.fr,04 92 61 33 91,www.club-shop.fr,"Olympique Lyonnais,Paris Saint-Germain ",France
Eq-1,club shop,SAC À BALLONS ERIMA POUR 12 BALLONS,33.0,contact@club-shop.fr,04 92 61 33 91,www.club-shop.fr,"Olympique Lyonnais,Paris Saint-Germain ",France
Eq-1,club shop,SAC À BALLONS PUMA TEAM,35.0,contact@club-shop.fr,04 92 61 33 91,www.club-shop.fr,"Olympique Lyonnais,Paris Saint-Germain ",France
Eq-1,club shop,SAC À BALLONS POUR 10-12 BALLONS DE HANDBALL...,35.0,contact@club-shop.fr,04 92 61 33 91,www.club-shop.fr,"Olympique Lyonnais,Paris Saint-Germain ",France
Eq-1,club shop,SAC À BALLON MIZUNO RYOKO,38.0,contact@club-shop.fr,04 92 61 33 91,www.club-shop.fr,"Olympique Lyonnais,Paris Saint-Germain ",France
Eq-1,club shop,SAC À BALLONS ERIMA POUR 18 BALLONS,40.0,contact@club-shop.fr,04 92 61 33 91,www.club-shop.fr,"Olympique Lyonnais,Paris Saint-Germain ",France
Eq-1,club shop,SAC À BALLONS ADIDAS,45.0,contact@club-shop.fr,04 92 61 33 91,www.club-shop.fr,"Olympique Lyonnais,Paris Saint-Germain ",France
Eq-1,club shop,CERCEAU PLAT,19.0,contact@club-shop.fr,04 92 61 33 91,www.club-shop.fr,"Olympique Lyonnais,Paris Saint-Germain ",France
Eq-1,club shop,PINCES À JALONS ET CERCEAUX,2.0,contact@club-shop.fr,04 92 61 33 91,www.club-shop.fr,"Olympique Lyonnais,Paris Saint-Germain ",France
Eq-1,club shop,JALON DE SPORT DIAMÈTRE 25 MM,22.0,contact@club-shop.fr,04 92 61 33 91,www.club-shop.fr,"Olympique Lyonnais,Paris Saint-Germain ",France
Eq-1,club shop,CERCEAU ROND,3.0,contact@club-shop.fr,04 92 61 33 91,www.club-shop.fr,"Olympique Lyonnais,Paris Saint-Germain ",France
Eq-1,club shop,BÂTON DE BOIS DIAMÈTRE 23 MM,426.0,contact@club-shop.fr,04 92 61 33 91,www.club-shop.fr,"Olympique Lyonnais,Paris Saint-Germain ",France
Eq-1,club shop,PORTE-HAIES ET CERCEAUX,48.0,contact@club-shop.fr,04 92 61 33 91,www.club-shop.fr,"Olympique Lyonnais,Paris Saint-Germain ",France
Eq-1,club shop,LOT DE 12 CERCEAUX EXTRA-SOUPLES,209.0,contact@club-shop.fr,04 92 61 33 91,www.club-shop.fr,"Olympique Lyonnais,Paris Saint-Germain ",France
Eq-1,club shop,MINI HAIE D'ENTRAINEMENT LÉGÈRE ET SOUPLE,514.0,contact@club-shop.fr,04 92 61 33 91,www.club-shop.fr,"Olympique Lyonnais,Paris Saint-Germain ",France
Eq-1,club shop,MINI HAIE DE VÉLOCITÉ,75.0,contact@club-shop.fr,04 92 61 33 91,www.club-shop.fr,"Olympique Lyonnais,Paris Saint-Germain ",France
Eq-1,club shop,ECHELLE DE RYTHME SIMPLE 2 M,10.0,contact@club-shop.fr,04 92 61 33 91,www.club-shop.fr,"Olympique Lyonnais,Paris Saint-Germain ",France
Eq-1,club shop,KIT MULTISAUTS 30CM À L'UNITÉ,115.0,contact@club-shop.fr,04 92 61 33 91,www.club-shop.fr,"Olympique Lyonnais,Paris Saint-Germain ",France
Eq-1,club shop,ECHELLE DE RYTHME SIMPLE 4 M,148.0,contact@club-shop.fr,04 92 61 33 91,www.club-shop.fr,"Olympique Lyonnais,Paris Saint-Germain ",France
Eq-1,club shop,KIT MULTISAUTS 50CM À L'UNITÉ,195.0,contact@club-shop.fr,04 92 61 33 91,www.club-shop.fr,"Olympique Lyonnais,Paris Saint-Germain ",France
Eq-1,club shop,ECHELLE DE RYTHME SIMPLE 4 M,19.0,contact@club-shop.fr,04 92 61 33 91,www.club-shop.fr,"Olympique Lyonnais,Paris Saint-Germain ",France
Eq-1,club shop,HAIE BASCULANTE EN PVC RENFORCÉ,22.0,contact@club-shop.fr,04 92 61 33 91,www.club-shop.fr,"Olympique Lyonnais,Paris Saint-Germain ",France
Eq-1,club shop,KIT ENTRAINEMENT NON LESTÉ,233.0,contact@club-shop.fr,04 92 61 33 91,www.club-shop.fr,"Olympique Lyonnais,Paris Saint-Germain ",France
Eq-1,club shop,ECHELLE DE RYTHME CIRCULAIRE,26.0,contact@club-shop.fr,04 92 61 33 91,www.club-shop.fr,"Olympique Lyonnais,Paris Saint-Germain ",France
Eq-1,club shop,KIT ENTRAINEMENT AVEC SOCLES CAOUTCHOUC LOURDS,279.0,contact@club-shop.fr,04 92 61 33 91,www.club-shop.fr,"Olympique Lyonnais,Paris Saint-Germain ",France
Eq-1,club shop,ECHELLE DE RYTHME DOUBLE 4 M,29.0,contact@club-shop.fr,04 92 61 33 91,www.club-shop.fr,"Olympique Lyonnais,Paris Saint-Germain ",France
Eq-1,club shop,ECHELLE DE RYTHME REHAUSSABLE 4 M,39.0,contact@club-shop.fr,04 92 61 33 91,www.club-shop.fr,"Olympique Lyonnais,Paris Saint-Germain ",France
Eq-1,club shop,ECHELLE DE RYTHME SIMPLE 8 M,40.0,contact@club-shop.fr,04 92 61 33 91,www.club-shop.fr,"Olympique Lyonnais,Paris Saint-Germain ",France
Eq-1,club shop,LOT DE 12 CERCEAUX OCTOGONAUX,43.0,contact@club-shop.fr,04 92 61 33 91,www.club-shop.fr,"Olympique Lyonnais,Paris Saint-Germain ",France
Eq-1,club shop,KIT MULTISAUTS 30CM PAR 5,555.0,contact@club-shop.fr,04 92 61 33 91,www.club-shop.fr,"Olympique Lyonnais,Paris Saint-Germain ",France
Eq-1,club shop,ECHELLE DE RYTHME EN CROIX,65.0,contact@club-shop.fr,04 92 61 33 91,www.club-shop.fr,"Olympique Lyonnais,Paris Saint-Germain ",France
Eq-1,club shop,LOT DE 5 MINI-HAIES CÔNES 40 CM,65.0,contact@club-shop.fr,04 92 61 33 91,www.club-shop.fr,"Olympique Lyonnais,Paris Saint-Germain ",France
Eq-1,club shop,KIT MULTISAUTS 50CM PAR 5,944.0,contact@club-shop.fr,04 92 61 33 91,www.club-shop.fr,"Olympique Lyonnais,Paris Saint-Germain ",France
Eq-1,club shop,SOUCOUPE EXTRA SOUPLE,8.0,contact@club-shop.fr,04 92 61 33 91,www.club-shop.fr,"Olympique Lyonnais,Paris Saint-Germain ",France
Eq-1,club shop,CÔNE CLASSIQUE 23 CM,12.0,contact@club-shop.fr,04 92 61 33 91,www.club-shop.fr,"Olympique Lyonnais,Paris Saint-Germain ",France
Eq-1,club shop,CÔNE CLASSIQUE 30 CM,2.0,contact@club-shop.fr,04 92 61 33 91,www.club-shop.fr,"Olympique Lyonnais,Paris Saint-Germain ",France
Eq-1,club shop,SOUCOUPE GRAND MODÈLE,25.0,contact@club-shop.fr,04 92 61 33 91,www.club-shop.fr,"Olympique Lyonnais,Paris Saint-Germain ",France
Eq-1,club shop,SUPPORT DE TRANSPORT POUR SOUCOUPES,28.0,contact@club-shop.fr,04 92 61 33 91,www.club-shop.fr,"Olympique Lyonnais,Paris Saint-Germain ",France
Eq-1,club shop,CÔNE À BANDE,35.0,contact@club-shop.fr,04 92 61 33 91,www.club-shop.fr,"Olympique Lyonnais,Paris Saint-Germain ",France
Eq-1,club shop,CÔNE SOUPLE 18 CM,42.0,contact@club-shop.fr,04 92 61 33 91,www.club-shop.fr,"Olympique Lyonnais,Paris Saint-Germain ",France
Eq-1,club shop,SOCLE DUR ET LÉGER LESTABLE,63.0,contact@club-shop.fr,04 92 61 33 91,www.club-shop.fr,"Olympique Lyonnais,Paris Saint-Germain ",France
Eq-1,club shop,SOCLE EN CAOUTCHOUC,81.0,contact@club-shop.fr,04 92 61 33 91,www.club-shop.fr,"Olympique Lyonnais,Paris Saint-Germain ",France
Eq-1,club shop,SOCLE EN CAOUTCHOUC,85.0,contact@club-shop.fr,04 92 61 33 91,www.club-shop.fr,"Olympique Lyonnais,Paris Saint-Germain ",France
Eq-1,club shop,CÔNE 16 TROUS,87.0,contact@club-shop.fr,04 92 61 33 91,www.club-shop.fr,"Olympique Lyonnais,Paris Saint-Germain ",France
Eq-1,club shop,KIT DE DÉLIMITATION 20 SOUCOUPES EXTRA SOUPLES,9.0,contact@club-shop.fr,04 92 61 33 91,www.club-shop.fr,"Olympique Lyonnais,Paris Saint-Germain ",France
Eq-1,club shop,SOCLE MULTI-ACTIVITÉS,99.0,contact@club-shop.fr,04 92 61 33 91,www.club-shop.fr,"Olympique Lyonnais,Paris Saint-Germain ",France
Eq-1,club shop,LOT DE 2 REHAUSSES DU JALON POUR CÔNE À TROUS,10.0,contact@club-shop.fr,04 92 61 33 91,www.club-shop.fr,"Olympique Lyonnais,Paris Saint-Germain ",France
Eq-1,club shop,CÔNE SOUPLE ET LOURD 20 CM,105.0,contact@club-shop.fr,04 92 61 33 91,www.club-shop.fr,"Olympique Lyonnais,Paris Saint-Germain ",France
Eq-1,club shop,COL DE CÔNE AVEC POCHETTE POUR SUPPORT PÉDAGOGIQUE,125.0,contact@club-shop.fr,04 92 61 33 91,www.club-shop.fr,"Olympique Lyonnais,Paris Saint-Germain ",France
Eq-1,club shop,LOT DE 10 COLS DE CÔNES NUMÉROTÉS,149.0,contact@club-shop.fr,04 92 61 33 91,www.club-shop.fr,"Olympique Lyonnais,Paris Saint-Germain ",France
Eq-1,club shop,KIT DE DÉLIMITATION 40 SOUCOUPES EXTRA SOUPLES,17.0,contact@club-shop.fr,04 92 61 33 91,www.club-shop.fr,"Olympique Lyonnais,Paris Saint-Germain ",France
Eq-1,club shop,KIT 20 DISQUES DE DÉLIMITATION AVEC ENCOCHE,184.0,contact@club-shop.fr,04 92 61 33 91,www.club-shop.fr,"Olympique Lyonnais,Paris Saint-Germain ",France
Eq-1,club shop,KIT DE DÉLIMITATION 40 SOUCOUPES EXTRA SOUPLES...,20.0,contact@club-shop.fr,04 92 61 33 91,www.club-shop.fr,"Olympique Lyonnais,Paris Saint-Germain ",France
Eq-1,club shop,KIT DE DÉLIMITATION 60 SOUCOUPES EXTRA SOUPLES,22.0,contact@club-shop.fr,04 92 61 33 91,www.club-shop.fr,"Olympique Lyonnais,Paris Saint-Germain ",France
Eq-1,club shop,MAXI CÔNE SOUPLE 46 CM,23.0,contact@club-shop.fr,04 92 61 33 91,www.club-shop.fr,"Olympique Lyonnais,Paris Saint-Germain ",France
Eq-1,club shop,KIT DE DÉLIMITATION 40 SOUCOUPES EXTRA SOUPLES...,23.0,contact@club-shop.fr,04 92 61 33 91,www.club-shop.fr,"Olympique Lyonnais,Paris Saint-Germain ",France
Eq-1,club shop,LOT DE SOUCOUPES POUR MARQUAGE,259.0,contact@club-shop.fr,04 92 61 33 91,www.club-shop.fr,"Olympique Lyonnais,Paris Saint-Germain ",France
Eq-1,club shop,SOCLE EN CAOUTCHOUC,28.0,contact@club-shop.fr,04 92 61 33 91,www.club-shop.fr,"Olympique Lyonnais,Paris Saint-Germain ",France
Eq-1,club shop,SOCLE LESTABLE,28.0,contact@club-shop.fr,04 92 61 33 91,www.club-shop.fr,"Olympique Lyonnais,Paris Saint-Germain ",France
Eq-1,club shop,KIT AVEC 24 DISQUES DE DÉLIMITATION,29.0,contact@club-shop.fr,04 92 61 33 91,www.club-shop.fr,"Olympique Lyonnais,Paris Saint-Germain ",France
Eq-1,club shop,CÔNES GÉANTS AVEC ENCOCHE,315.0,contact@club-shop.fr,04 92 61 33 91,www.club-shop.fr,"Olympique Lyonnais,Paris Saint-Germain ",France
Eq-1,club shop,KIT 40 DISQUES DE DÉLIMITATION AVEC ENCOCHE,335.0,contact@club-shop.fr,04 92 61 33 91,www.club-shop.fr,"Olympique Lyonnais,Paris Saint-Germain ",France
Eq-1,club shop,KIT 12 CÔNES AVEC SUPPORT,341.0,contact@club-shop.fr,04 92 61 33 91,www.club-shop.fr,"Olympique Lyonnais,Paris Saint-Germain ",France
Eq-1,club shop,DISQUES DE REPÉRAGE BLANCS,349.0,contact@club-shop.fr,04 92 61 33 91,www.club-shop.fr,"Olympique Lyonnais,Paris Saint-Germain ",France
Eq-1,club shop,CÔNES GÉANTS,949.0,contact@club-shop.fr,04 92 61 33 91,www.club-shop.fr,"Olympique Lyonnais,Paris Saint-Germain ",France
Eq-1,club shop,CÔNES NUMÉROTÉS DE 1 À 25,100.0,contact@club-shop.fr,04 92 61 33 91,www.club-shop.fr,"Olympique Lyonnais,Paris Saint-Germain ",France
Eq-1,club shop,MINI CORDON À SIFFLET,75.0,contact@club-shop.fr,04 92 61 33 91,www.club-shop.fr,"Olympique Lyonnais,Paris Saint-Germain ",France
Eq-1,club shop,CORDON SIFFLET TOUR DE COU,8.0,contact@club-shop.fr,04 92 61 33 91,www.club-shop.fr,"Olympique Lyonnais,Paris Saint-Germain ",France
Eq-1,club shop,SIFFLET À BILLE EN PLASTIQUE,95.0,contact@club-shop.fr,04 92 61 33 91,www.club-shop.fr,"Olympique Lyonnais,Paris Saint-Germain ",France
Eq-1,club shop,SIFFLET À BILLE EN PLASTIQUE + CORDON,128.0,contact@club-shop.fr,04 92 61 33 91,www.club-shop.fr,"Olympique Lyonnais,Paris Saint-Germain ",France
Eq-1,club shop,SIFFLET MÉTAL,17.0,contact@club-shop.fr,04 92 61 33 91,www.club-shop.fr,"Olympique Lyonnais,Paris Saint-Germain ",France
Eq-1,club shop,CORDON DE SÉCURITÉ FOX,221.0,contact@club-shop.fr,04 92 61 33 91,www.club-shop.fr,"Olympique Lyonnais,Paris Saint-Germain ",France
Eq-1,club shop,CORDON POUR POIGNET FOX,416.0,contact@club-shop.fr,04 92 61 33 91,www.club-shop.fr,"Olympique Lyonnais,Paris Saint-Germain ",France
Eq-1,club shop,SIFFLET FOX 40 MINI,612.0,contact@club-shop.fr,04 92 61 33 91,www.club-shop.fr,"Olympique Lyonnais,Paris Saint-Germain ",France
Eq-1,club shop,BRACELET ATTACHE SIFFLET EN ÉPONGE,672.0,contact@club-shop.fr,04 92 61 33 91,www.club-shop.fr,"Olympique Lyonnais,Paris Saint-Germain ",France
Eq-1,club shop,SIFFLET FOX 40 CLASSIC,68.0,contact@club-shop.fr,04 92 61 33 91,www.club-shop.fr,"Olympique Lyonnais,Paris Saint-Germain ",France
Eq-1,club shop,SIFFLET FOX CLASSIQUE CMG,927.0,contact@club-shop.fr,04 92 61 33 91,www.club-shop.fr,"Olympique Lyonnais,Paris Saint-Germain ",France
Eq-1,club shop,SIFFLET POIRE WIZZBALL,935.0,contact@club-shop.fr,04 92 61 33 91,www.club-shop.fr,"Olympique Lyonnais,Paris Saint-Germain ",France
Eq-1,club shop,SIFFLET FOX SONIK AVEC EMBOUT,119.0,contact@club-shop.fr,04 92 61 33 91,www.club-shop.fr,"Olympique Lyonnais,Paris Saint-Germain ",France
Eq-1,club shop,SIFFLET FOX 40D AVEC ATTACHE DOIGT,1233.0,contact@club-shop.fr,04 92 61 33 91,www.club-shop.fr,"Olympique Lyonnais,Paris Saint-Germain ",France
Eq-1,club shop,SIFFLET FOX FUZIUN CMG,1267.0,contact@club-shop.fr,04 92 61 33 91,www.club-shop.fr,"Olympique Lyonnais,Paris Saint-Germain ",France
Eq-1,club shop,SIFFLET ÉLECTRONIQUE,1437.0,contact@club-shop.fr,04 92 61 33 91,www.club-shop.fr,"Olympique Lyonnais,Paris Saint-Germain ",France
Eq-1,club shop,SIFFLET FOX 40 SHARX,1488.0,contact@club-shop.fr,04 92 61 33 91,www.club-shop.fr,"Olympique Lyonnais,Paris Saint-Germain ",France
Eq-1,club shop,SIFFLET À MAIN ELECTRONIQUE,17.0,contact@club-shop.fr,04 92 61 33 91,www.club-shop.fr,"Olympique Lyonnais,Paris Saint-Germain ",France
Eq-1,club shop,SIFFLET FOX 40D AVEC SUPPORT DOIGT MAGNÉTIQUE,2117.0,contact@club-shop.fr,04 92 61 33 91,www.club-shop.fr,"Olympique Lyonnais,Paris Saint-Germain ",France
Eq-1,club shop,SIFFLET ÉLECTRONIQUE FOX,2372.0,contact@club-shop.fr,04 92 61 33 91,www.club-shop.fr,"Olympique Lyonnais,Paris Saint-Germain ",France
Eq-1,club shop,SIFFLET À MAIN ELECTRONIQUE RECHARGEABLE,238.0,contact@club-shop.fr,04 92 61 33 91,www.club-shop.fr,"Olympique Lyonnais,Paris Saint-Germain ",France
Eq-1,club shop,PACK 3 SIFFLETS FOX 40 + 1 PION PILE/FACE,2967.0,contact@club-shop.fr,04 92 61 33 91,www.club-shop.fr,"Olympique Lyonnais,Paris Saint-Germain ",France
Eq-1,club shop,PILE BOUTON LITHIUM,28.0,contact@club-shop.fr,04 92 61 33 91,www.club-shop.fr,"Olympique Lyonnais,Paris Saint-Germain ",France
Eq-1,club shop,PILE BOUTON LR44,32.0,contact@club-shop.fr,04 92 61 33 91,www.club-shop.fr,"Olympique Lyonnais,Paris Saint-Germain ",France
Eq-1,club shop,CHRONOMÈTRE CHRONO 34,99.0,contact@club-shop.fr,04 92 61 33 91,www.club-shop.fr,"Olympique Lyonnais,Paris Saint-Germain ",France
Eq-1,club shop,PLANCHETTE DE CHRONOMÉTRAGE,105.0,contact@club-shop.fr,04 92 61 33 91,www.club-shop.fr,"Olympique Lyonnais,Paris Saint-Germain ",France
Eq-1,club shop,CHRONOMÈTRE CHRONO 18,123.0,contact@club-shop.fr,04 92 61 33 91,www.club-shop.fr,"Olympique Lyonnais,Paris Saint-Germain ",France
Eq-1,club shop,COMPTEUR D'IMPULSION,179.0,contact@club-shop.fr,04 92 61 33 91,www.club-shop.fr,"Olympique Lyonnais,Paris Saint-Germain ",France
Eq-1,club shop,PLANCHETTE DE CHRONOMÉTRAGE,182.0,contact@club-shop.fr,04 92 61 33 91,www.club-shop.fr,"Olympique Lyonnais,Paris Saint-Germain ",France
Eq-1,club shop,CHRONOMÈTRE CHRONO 19 AVEC COMPTEUR,184.0,contact@club-shop.fr,04 92 61 33 91,www.club-shop.fr,"Olympique Lyonnais,Paris Saint-Germain ",France
Eq-1,club shop,CHRONOMÈTRE CHRONO 15,187.0,contact@club-shop.fr,04 92 61 33 91,www.club-shop.fr,"Olympique Lyonnais,Paris Saint-Germain ",France
Eq-1,club shop,CHRONOMÈTRE CHRONO 20,206.0,contact@club-shop.fr,04 92 61 33 91,www.club-shop.fr,"Olympique Lyonnais,Paris Saint-Germain ",France
Eq-1,club shop,CHRONOMÈTRE 30 MÉMOIRES,28.0,contact@club-shop.fr,04 92 61 33 91,www.club-shop.fr,"Olympique Lyonnais,Paris Saint-Germain ",France
Eq-1,club shop,CHRONOMÈTRE SOLAIRE,299.0,contact@club-shop.fr,04 92 61 33 91,www.club-shop.fr,"Olympique Lyonnais,Paris Saint-Germain ",France
Eq-1,club shop,CHRONOMÈTRE 60 MÉMOIRES,314.0,contact@club-shop.fr,04 92 61 33 91,www.club-shop.fr,"Olympique Lyonnais,Paris Saint-Germain ",France
Eq-1,club shop,CHRONOMÈTRE 100 MÉMOIRES,332.0,contact@club-shop.fr,04 92 61 33 91,www.club-shop.fr,"Olympique Lyonnais,Paris Saint-Germain ",France
Eq-1,club shop,CHRONOMÈTRE CHRONO 300 MÉMOIRES,619.0,contact@club-shop.fr,04 92 61 33 91,www.club-shop.fr,"Olympique Lyonnais,Paris Saint-Germain ",France
Eq-1,club shop,MONTRE CARDIOFRÉQUENCEMÈTRE SANS CEINTURE,79.0,contact@club-shop.fr,04 92 61 33 91,www.club-shop.fr,"Olympique Lyonnais,Paris Saint-Germain ",France
Eq-1,club shop,KIT MALETTE SOUPLE + 16 CHRONOMÈTRES,1069.0,contact@club-shop.fr,04 92 61 33 91,www.club-shop.fr,"Olympique Lyonnais,Paris Saint-Germain ",France
Eq-1,club shop,KIT MALETTE RIGIDE + 16 CHRONOMÈTRES,1129.0,contact@club-shop.fr,04 92 61 33 91,www.club-shop.fr,"Olympique Lyonnais,Paris Saint-Germain ",France
Eq-1,club shop,CHARGEUR USB 10 PORTS,944.0,contact@club-shop.fr,04 92 61 33 91,www.club-shop.fr,"Olympique Lyonnais,Paris Saint-Germain ",France
Eq-1,club shop,MALLETTE 10 CHRONOMÈTRES CHRONO 34,114.0,contact@club-shop.fr,04 92 61 33 91,www.club-shop.fr,"Olympique Lyonnais,Paris Saint-Germain ",France
Eq-1,club shop,KIT MALETTE SOUPLE + 24 CHRONOMÈTRES,1489.0,contact@club-shop.fr,04 92 61 33 91,www.club-shop.fr,"Olympique Lyonnais,Paris Saint-Germain ",France
Eq-1,club shop,KIT MALETTE RIGIDE + 24 CHRONOMÈTRES,1549.0,contact@club-shop.fr,04 92 61 33 91,www.club-shop.fr,"Olympique Lyonnais,Paris Saint-Germain ",France
Eq-1,club shop,MALLETTE 10 CHRONOMÈTRES CHRONO 18,140.0,contact@club-shop.fr,04 92 61 33 91,www.club-shop.fr,"Olympique Lyonnais,Paris Saint-Germain ",France
Eq-1,club shop,MALLETTE 20 CHRONOMÈTRES CHRONO 34,218.0,contact@club-shop.fr,04 92 61 33 91,www.club-shop.fr,"Olympique Lyonnais,Paris Saint-Germain ",France
Eq-1,club shop,MALLETTE 20 CHRONOMÈTRES CHRONO 18,254.0,contact@club-shop.fr,04 92 61 33 91,www.club-shop.fr,"Olympique Lyonnais,Paris Saint-Germain ",France
Eq-1,club shop,MALLETTE CARDIO,812.0,contact@club-shop.fr,04 92 61 33 91,www.club-shop.fr,"Olympique Lyonnais,Paris Saint-Germain ",France
Eq-1,club shop,LOT DE 24 AIMANTS PLAT - DIAMÈTRE 13 MM,323.0,contact@club-shop.fr,04 92 61 33 91,www.club-shop.fr,"Olympique Lyonnais,Paris Saint-Germain ",France
Eq-1,club shop,LOT DE 24 AIMANTS PLATS - DIAMÈTRE 30 MM,425.0,contact@club-shop.fr,04 92 61 33 91,www.club-shop.fr,"Olympique Lyonnais,Paris Saint-Germain ",France
Eq-1,club shop,FEUTRES TAKTISTIK,459.0,contact@club-shop.fr,04 92 61 33 91,www.club-shop.fr,"Olympique Lyonnais,Paris Saint-Germain ",France
Eq-1,club shop,BROSSE POUR TABLEAU MAGNÉTIQUE,672.0,contact@club-shop.fr,04 92 61 33 91,www.club-shop.fr,"Olympique Lyonnais,Paris Saint-Germain ",France
Eq-1,club shop,LOT DE 5 AIMANTS ÉPAIS - DIAMÈTRE 30 MM,731.0,contact@club-shop.fr,04 92 61 33 91,www.club-shop.fr,"Olympique Lyonnais,Paris Saint-Germain ",France
Eq-1,club shop,NETTOYANT TABLEAU BLANC,842.0,contact@club-shop.fr,04 92 61 33 91,www.club-shop.fr,"Olympique Lyonnais,Paris Saint-Germain ",France
Eq-1,club shop,LOT DE 5 FEUTRES EFFAÇABLES,935.0,contact@club-shop.fr,04 92 61 33 91,www.club-shop.fr,"Olympique Lyonnais,Paris Saint-Germain ",France
Eq-1,club shop,CARNET TACTIC FOOTBALL RECTO VERSO,978.0,contact@club-shop.fr,04 92 61 33 91,www.club-shop.fr,"Olympique Lyonnais,Paris Saint-Germain ",France
Eq-1,club shop,PORTE DOCUMENTS MULTISPORTS,1012.0,contact@club-shop.fr,04 92 61 33 91,www.club-shop.fr,"Olympique Lyonnais,Paris Saint-Germain ",France
Eq-1,club shop,POCHETTE DE RANGEMENT AIMANTABLE,1037.0,contact@club-shop.fr,04 92 61 33 91,www.club-shop.fr,"Olympique Lyonnais,Paris Saint-Germain ",France
Eq-1,club shop,CARNET À SPIRALES COACH HANDBALL,1142.0,contact@club-shop.fr,04 92 61 33 91,www.club-shop.fr,"Olympique Lyonnais,Paris Saint-Germain ",France
Eq-1,club shop,CARNET À SPIRALES COACH BASKETBALL,1142.0,contact@club-shop.fr,04 92 61 33 91,www.club-shop.fr,"Olympique Lyonnais,Paris Saint-Germain ",France
Eq-1,club shop,CARNET À SPIRALES COACH FOOTBALL,1142.0,contact@club-shop.fr,04 92 61 33 91,www.club-shop.fr,"Olympique Lyonnais,Paris Saint-Germain ",France
Eq-1,club shop,SAC DE TRANSPORT TAKTIFOL + CHIFFON,1182.0,contact@club-shop.fr,04 92 61 33 91,www.club-shop.fr,"Olympique Lyonnais,Paris Saint-Germain ",France
Eq-1,club shop,POCHETTE DE RANGEMENT RIGIDE SANS PARTIE EFFAÇABLE,1309.0,contact@club-shop.fr,04 92 61 33 91,www.club-shop.fr,"Olympique Lyonnais,Paris Saint-Germain ",France
Eq-1,club shop,CARNET TACTIQUE VIERGE REFERMABLE,136.0,contact@club-shop.fr,04 92 61 33 91,www.club-shop.fr,"Olympique Lyonnais,Paris Saint-Germain ",France
Eq-1,club shop,CARNET TACTIQUE FOOTBALL REFERMABLE,1445.0,contact@club-shop.fr,04 92 61 33 91,www.club-shop.fr,"Olympique Lyonnais,Paris Saint-Germain ",France
Eq-1,club shop,POCHETTE MAGNÉTIQUE ET EFFAÇABLE AVEC FEUILLETS...,1955.0,contact@club-shop.fr,04 92 61 33 91,www.club-shop.fr,"Olympique Lyonnais,Paris Saint-Germain ",France
Eq-1,club shop,POCHETTE MAGNÉTIQUE ET EFFAÇABLE AVEC FEUILLETS...,1955.0,contact@club-shop.fr,04 92 61 33 91,www.club-shop.fr,"Olympique Lyonnais,Paris Saint-Germain ",France
Eq-1,club shop,POCHETTE DE RANGEMENT RIGIDE,238.0,contact@club-shop.fr,04 92 61 33 91,www.club-shop.fr,"Olympique Lyonnais,Paris Saint-Germain ",France
Eq-1,club shop,TABLEAU HANDBALL MAGNÉTIQUE ET EFFAÇABLE 45X30CM,3188.0,contact@club-shop.fr,04 92 61 33 91,www.club-shop.fr,"Olympique Lyonnais,Paris Saint-Germain ",France
Eq-1,club shop,TABLEAU FOOTBALL MAGNÉTIQUE ET EFFAÇABLE 45X30CM,3188.0,contact@club-shop.fr,04 92 61 33 91,www.club-shop.fr,"Olympique Lyonnais,Paris Saint-Germain ",France
Eq-1,club shop,TABLEAU BASKETBALL MAGNÉTIQUE ET EFFAÇABLE 45X30CM,3188.0,contact@club-shop.fr,04 92 61 33 91,www.club-shop.fr,"Olympique Lyonnais,Paris Saint-Germain ",France
Eq-1,club shop,TAKTIFOL SURFACE DE RÉPARATION,34.0,contact@club-shop.fr,04 92 61 33 91,www.club-shop.fr,"Olympique Lyonnais,Paris Saint-Germain ",France
Eq-1,club shop,TAKTIFOL VIERGE,34.0,contact@club-shop.fr,04 92 61 33 91,www.club-shop.fr,"Olympique Lyonnais,Paris Saint-Germain ",France
Eq-1,club shop,TAKTIFOL FOOTBALL,34.0,contact@club-shop.fr,04 92 61 33 91,www.club-shop.fr,"Olympique Lyonnais,Paris Saint-Germain ",France
Eq-1,club shop,TABLEAU DE COACH MAGNÉTIQUE ET EFFAÇABLE FOOTBALL,3825.0,contact@club-shop.fr,04 92 61 33 91,www.club-shop.fr,"Olympique Lyonnais,Paris Saint-Germain ",France
Eq-1,club shop,TABLEAU COACH MAGNÉTIQUE ET EFFAÇABLE BLANC,3987.0,contact@club-shop.fr,04 92 61 33 91,www.club-shop.fr,"Olympique Lyonnais,Paris Saint-Germain ",France
Eq-1,club shop,PORTE DOCUMENTS RIGIDE PRO,4242.0,contact@club-shop.fr,04 92 61 33 91,www.club-shop.fr,"Olympique Lyonnais,Paris Saint-Germain ",France
Eq-1,club shop,KIT DE SUPPORTS AFFICHES,4582.0,contact@club-shop.fr,04 92 61 33 91,www.club-shop.fr,"Olympique Lyonnais,Paris Saint-Germain ",France
Eq-1,club shop,TABLETTE COACH LCD FOOTBALL PLAYMAKER,4792.0,contact@club-shop.fr,04 92 61 33 91,www.club-shop.fr,"Olympique Lyonnais,Paris Saint-Germain ",France
Eq-1,club shop,TABLEAU MAGNÉTIQUE EFFAÇABLE ET TRANSPORTABLE...,5347.0,contact@club-shop.fr,04 92 61 33 91,www.club-shop.fr,"Olympique Lyonnais,Paris Saint-Germain ",France
Eq-1,club shop,TABLEAU FOOTBALL MAGNÉTIQUE ET EFFAÇABLE,595.0,contact@club-shop.fr,04 92 61 33 91,www.club-shop.fr,"Olympique Lyonnais,Paris Saint-Germain ",France
Eq-1,club shop,TABLEAU MAGNÉTIQUE EFFAÇABLE ET TRANSPORTABLE...,8492.0,contact@club-shop.fr,04 92 61 33 91,www.club-shop.fr,"Olympique Lyonnais,Paris Saint-Germain ",France
Eq-1,club shop,TABLEAU BLANC PIVOTANT SUR ROULETTES,21242.0,contact@club-shop.fr,04 92 61 33 91,www.club-shop.fr,"Olympique Lyonnais,Paris Saint-Germain ",France
Eq-1,club shop,CHASUBLE AJOURÉE SIMPLE ECONOMIQUE CLUB-SHOP,199.0,contact@club-shop.fr,04 92 61 33 91,www.club-shop.fr,"Olympique Lyonnais,Paris Saint-Germain ",France
Eq-1,club shop,FOULARD DE JEU,25.0,contact@club-shop.fr,04 92 61 33 91,www.club-shop.fr,"Olympique Lyonnais,Paris Saint-Germain ",France
Eq-1,club shop,CHASUBLE AJOURÉE SIMPLE,3.0,contact@club-shop.fr,04 92 61 33 91,www.club-shop.fr,"Olympique Lyonnais,Paris Saint-Germain ",France
Eq-1,club shop,CHASUBLE NYLON SIMPLE AVEC VELCRO,39.0,contact@club-shop.fr,04 92 61 33 91,www.club-shop.fr,"Olympique Lyonnais,Paris Saint-Germain ",France
Eq-1,club shop,CHASUBLE EXTENSIBLE,5.0,contact@club-shop.fr,04 92 61 33 91,www.club-shop.fr,"Olympique Lyonnais,Paris Saint-Germain ",France
Eq-1,club shop,CHASUBLE AJOURÉE SIMPLE ELDERA,6.0,contact@club-shop.fr,04 92 61 33 91,www.club-shop.fr,"Olympique Lyonnais,Paris Saint-Germain ",France
Eq-1,club shop,CHASUBLE ÉCONOMIQUE HAUTE VISIBILITÉ POUR STADIER,535.0,contact@club-shop.fr,04 92 61 33 91,www.club-shop.fr,"Olympique Lyonnais,Paris Saint-Germain ",France
Eq-1,club shop,CINTRE POUR CHASUBLES,56.0,contact@club-shop.fr,04 92 61 33 91,www.club-shop.fr,"Olympique Lyonnais,Paris Saint-Germain ",France
Eq-1,club shop,CHASUBLE AJOURÉE RÉVERSIBLE,72.0,contact@club-shop.fr,04 92 61 33 91,www.club-shop.fr,"Olympique Lyonnais,Paris Saint-Germain ",France
Eq-1,club shop,CHASUBLE DE SPORT RÉVERSIBLE ELDERA,11.0,contact@club-shop.fr,04 92 61 33 91,www.club-shop.fr,"Olympique Lyonnais,Paris Saint-Germain ",France
Eq-1,club shop,CHASUBLE RÉVERSIBLE RUGBY,13.0,contact@club-shop.fr,04 92 61 33 91,www.club-shop.fr,"Olympique Lyonnais,Paris Saint-Germain ",France
Eq-1,club shop,LOT DE 5 CHASUBLES NUMÉROTÉES DE 11 À 15,2465.0,contact@club-shop.fr,04 92 61 33 91,www.club-shop.fr,"Olympique Lyonnais,Paris Saint-Germain ",France
Eq-1,club shop,LOT DE 5 CHASUBLES NUMÉROTÉES DE 16 À 20,2465.0,contact@club-shop.fr,04 92 61 33 91,www.club-shop.fr,"Olympique Lyonnais,Paris Saint-Germain ",France
Eq-1,club shop,LOT DE 10 ÉCHARPES DE JEU AJUSTABLE,2975.0,contact@club-shop.fr,04 92 61 33 91,www.club-shop.fr,"Olympique Lyonnais,Paris Saint-Germain ",France
Eq-1,club shop,LOT DE 10 CHASUBLES NUMÉROTÉES DE 1 À 10,4675.0,contact@club-shop.fr,04 92 61 33 91,www.club-shop.fr,"Olympique Lyonnais,Paris Saint-Germain ",France
Eq-1,club shop,EMBOUT DE PROTECTION POUR POINTE ACIER PIQUET,7.0,contact@club-shop.fr,04 92 61 33 91,www.club-shop.fr,"Olympique Lyonnais,Paris Saint-Germain ",France
Eq-1,club shop,PIQUET DE SLALOM POINTE ACIER,67.0,contact@club-shop.fr,04 92 61 33 91,www.club-shop.fr,"Olympique Lyonnais,Paris Saint-Germain ",France
Eq-1,club shop,PIQUET DE SLALOM POINTE ACIER,83.0,contact@club-shop.fr,04 92 61 33 91,www.club-shop.fr,"Olympique Lyonnais,Paris Saint-Germain ",France
Eq-1,club shop,PIQUET DE SLALOM ARTICULÉ 100CM,93.0,contact@club-shop.fr,04 92 61 33 91,www.club-shop.fr,"Olympique Lyonnais,Paris Saint-Germain ",France
Eq-1,club shop,PIQUET DE SLALOM ARTICULÉ 120CM,99.0,contact@club-shop.fr,04 92 61 33 91,www.club-shop.fr,"Olympique Lyonnais,Paris Saint-Germain ",France
Eq-1,club shop,PIQUET DE SLALOM ARTICULÉ 80CM,87.0,contact@club-shop.fr,04 92 61 33 91,www.club-shop.fr,"Olympique Lyonnais,Paris Saint-Germain ",France
Eq-1,club shop,PIQUET DE SLALOM ARTICULÉ 160CM,103.0,contact@club-shop.fr,04 92 61 33 91,www.club-shop.fr,"Olympique Lyonnais,Paris Saint-Germain ",France
Eq-1,club shop,ARCEAU DE PRÉCISION 50 X 50 CM,92.0,contact@club-shop.fr,04 92 61 33 91,www.club-shop.fr,"Olympique Lyonnais,Paris Saint-Germain ",France
Eq-1,club shop,PIQUET DE SLALOM EXTRA SOUPLE,104.0,contact@club-shop.fr,04 92 61 33 91,www.club-shop.fr,"Olympique Lyonnais,Paris Saint-Germain ",France
Eq-1,club shop,SAC DE TRANSPORT POUR BUT POWERSHOT DE 1.5 X...,12.0,contact@club-shop.fr,04 92 61 33 91,www.club-shop.fr,"Olympique Lyonnais,Paris Saint-Germain ",France
Eq-1,club shop,SAC DE LESTAGE ECO,125.0,contact@club-shop.fr,04 92 61 33 91,www.club-shop.fr,"Olympique Lyonnais,Paris Saint-Germain ",France
Eq-1,club shop,PIQUET DE SLALOM POUR TERRAIN SYNTHÉTIQUE,116.0,contact@club-shop.fr,04 92 61 33 91,www.club-shop.fr,"Olympique Lyonnais,Paris Saint-Germain ",France
Eq-1,club shop,ARCEAU DE PRÉCISION 50 X 50 CM POUR TERRAIN...,133.0,contact@club-shop.fr,04 92 61 33 91,www.club-shop.fr,"Olympique Lyonnais,Paris Saint-Germain ",France
Eq-1,club shop,"SAC DE TRANSPORT POUR BUT POWERSHOT DE 4 X 1,5M...",16.0,contact@club-shop.fr,04 92 61 33 91,www.club-shop.fr,"Olympique Lyonnais,Paris Saint-Germain ",France
Eq-1,club shop,SAC DE LESTAGE AVEC POIGNÉE,18.0,contact@club-shop.fr,04 92 61 33 91,www.club-shop.fr,"Olympique Lyonnais,Paris Saint-Germain ",France
Eq-1,club shop,JUGGLE FOOTBALL,158.0,contact@club-shop.fr,04 92 61 33 91,www.club-shop.fr,"Olympique Lyonnais,Paris Saint-Germain ",France
Eq-1,club shop,PIQUET DE SLALOM AVEC SOCLE 3 TROUS,174.0,contact@club-shop.fr,04 92 61 33 91,www.club-shop.fr,"Olympique Lyonnais,Paris Saint-Germain ",France
Eq-1,club shop,SOCCER WALL,25.0,contact@club-shop.fr,04 92 61 33 91,www.club-shop.fr,"Olympique Lyonnais,Paris Saint-Germain ",France
Eq-1,club shop,ARCEAU DE PRÉCISION 50 X 50 CM POUR TERRAIN...,229.0,contact@club-shop.fr,04 92 61 33 91,www.club-shop.fr,"Olympique Lyonnais,Paris Saint-Germain ",France
Eq-1,club shop,FILET DE FOOTBALL POUR BUT POWERSHOT,30.0,contact@club-shop.fr,04 92 61 33 91,www.club-shop.fr,"Olympique Lyonnais,Paris Saint-Germain ",France
Eq-1,club shop,MINI BUT RÉVERSIBLE,409.0,contact@club-shop.fr,04 92 61 33 91,www.club-shop.fr,"Olympique Lyonnais,Paris Saint-Germain ",France
Eq-1,club shop,SET SMASH BALL AVEC 2 BALLES POWERSHOT,50.0,contact@club-shop.fr,04 92 61 33 91,www.club-shop.fr,"Olympique Lyonnais,Paris Saint-Germain ",France
Eq-1,club shop,BASE CAOUTCHOUC POUR MANNEQUINS,519.0,contact@club-shop.fr,04 92 61 33 91,www.club-shop.fr,"Olympique Lyonnais,Paris Saint-Germain ",France
Eq-1,club shop,BASE POUR MANNEQUIN D'ENTRAÎNEMENT,55.0,contact@club-shop.fr,04 92 61 33 91,www.club-shop.fr,"Olympique Lyonnais,Paris Saint-Germain ",France
Eq-1,club shop,MINI-BUT FOOTBALL RÉVERSIBLE TAILLE M,466.0,contact@club-shop.fr,04 92 61 33 91,www.club-shop.fr,"Olympique Lyonnais,Paris Saint-Germain ",France
Eq-1,club shop,PIQUETS DE SLALOM TÉLESCOPIQUES,57.0,contact@club-shop.fr,04 92 61 33 91,www.club-shop.fr,"Olympique Lyonnais,Paris Saint-Germain ",France
Eq-1,club shop,MANNEQUIN AVEC PIQUET FLEXIBLE,493.0,contact@club-shop.fr,04 92 61 33 91,www.club-shop.fr,"Olympique Lyonnais,Paris Saint-Germain ",France
Eq-1,club shop,BASE LESTÉE 2 EN 1 POUR BUTS ET MANNEQUINS,599.0,contact@club-shop.fr,04 92 61 33 91,www.club-shop.fr,"Olympique Lyonnais,Paris Saint-Germain ",France
Eq-1,club shop,"MINI BUT PLIABLE ""POP UP"" (LA PAIRE)",599.0,contact@club-shop.fr,04 92 61 33 91,www.club-shop.fr,"Olympique Lyonnais,Paris Saint-Germain ",France
Eq-1,club shop,BUT RÉVERSIBLE,619.0,contact@club-shop.fr,04 92 61 33 91,www.club-shop.fr,"Olympique Lyonnais,Paris Saint-Germain ",France
Eq-1,club shop,MANNEQUIN AVEC SOCLE LOURD,523.0,contact@club-shop.fr,04 92 61 33 91,www.club-shop.fr,"Olympique Lyonnais,Paris Saint-Germain ",France
Eq-1,club shop,TCHOUKBALL À MAIN,549.0,contact@club-shop.fr,04 92 61 33 91,www.club-shop.fr,"Olympique Lyonnais,Paris Saint-Germain ",France
Eq-1,club shop,FILET DE REBOND,70.0,contact@club-shop.fr,04 92 61 33 91,www.club-shop.fr,"Olympique Lyonnais,Paris Saint-Germain ",France
Eq-1,club shop,CIBLE FOOTBALL ET HANDBALL,591.0,contact@club-shop.fr,04 92 61 33 91,www.club-shop.fr,"Olympique Lyonnais,Paris Saint-Germain ",France
Eq-1,club shop,BASE POUR MANNEQUIN D'ENTRAÎNEMENT AVEC ROUES,75.0,contact@club-shop.fr,04 92 61 33 91,www.club-shop.fr,"Olympique Lyonnais,Paris Saint-Germain ",France
Eq-1,club shop,TIKI TAKA RING 5.20M,642.0,contact@club-shop.fr,04 92 61 33 91,www.club-shop.fr,"Olympique Lyonnais,Paris Saint-Germain ",France
Eq-1,club shop,BRASSARD HAUTE VISIBILITÉ POUR STADIER,205.0,contact@club-shop.fr,04 92 61 33 91,www.club-shop.fr,"Olympique Lyonnais,Paris Saint-Germain ",France
Eq-1,club shop,BRASSARD ÉLASTIQUE SANS MARQUAGE,255.0,contact@club-shop.fr,04 92 61 33 91,www.club-shop.fr,"Olympique Lyonnais,Paris Saint-Germain ",France
Eq-1,club shop,BRASSARD PORTE-ÉTIQUETTE ADULTE,28.0,contact@club-shop.fr,04 92 61 33 91,www.club-shop.fr,"Olympique Lyonnais,Paris Saint-Germain ",France
Eq-1,club shop,BRASSARD ENTRAÎNEUR RUGBY,295.0,contact@club-shop.fr,04 92 61 33 91,www.club-shop.fr,"Olympique Lyonnais,Paris Saint-Germain ",France
Eq-1,club shop,BRASSARD SANS MARQUAGE,295.0,contact@club-shop.fr,04 92 61 33 91,www.club-shop.fr,"Olympique Lyonnais,Paris Saint-Germain ",France
Eq-1,club shop,BRASSARD DE CAPITAINE,295.0,contact@club-shop.fr,04 92 61 33 91,www.club-shop.fr,"Olympique Lyonnais,Paris Saint-Germain ",France
Eq-1,club shop,BRASSARD ADJOINT TERRAIN RUGBY,295.0,contact@club-shop.fr,04 92 61 33 91,www.club-shop.fr,"Olympique Lyonnais,Paris Saint-Germain ",France
Eq-1,club shop,BRASSARD PRÉPARATEUR PHYSIQUE RUGBY,295.0,contact@club-shop.fr,04 92 61 33 91,www.club-shop.fr,"Olympique Lyonnais,Paris Saint-Germain ",France
Eq-1,club shop,BRASSARD SOIGNEUR RUGBY,295.0,contact@club-shop.fr,04 92 61 33 91,www.club-shop.fr,"Olympique Lyonnais,Paris Saint-Germain ",France
Eq-1,club shop,BRASSARD PERSONNEL MÉDICAL RUGBY,295.0,contact@club-shop.fr,04 92 61 33 91,www.club-shop.fr,"Olympique Lyonnais,Paris Saint-Germain ",France
Eq-1,club shop,BRASSARD SÉCURITÉ,295.0,contact@club-shop.fr,04 92 61 33 91,www.club-shop.fr,"Olympique Lyonnais,Paris Saint-Germain ",France
Eq-1,club shop,BRASSARD ORGANISATION,295.0,contact@club-shop.fr,04 92 61 33 91,www.club-shop.fr,"Olympique Lyonnais,Paris Saint-Germain ",France
Eq-1,club shop,BRASSARD DE DÉLÉGUÉ FLUO,295.0,contact@club-shop.fr,04 92 61 33 91,www.club-shop.fr,"Olympique Lyonnais,Paris Saint-Germain ",France
Eq-1,club shop,BRASSARD D'IDENTITÉ,49.0,contact@club-shop.fr,04 92 61 33 91,www.club-shop.fr,"Olympique Lyonnais,Paris Saint-Germain ",France
Eq-1,club shop,BRASSARD DE CAPITAINE ELDERA,6.0,contact@club-shop.fr,04 92 61 33 91,www.club-shop.fr,"Olympique Lyonnais,Paris Saint-Germain ",France
Eq-1,club shop,BRASSARD DE CAPITAINE ERIMA AVEC VELCRO,8.0,contact@club-shop.fr,04 92 61 33 91,www.club-shop.fr,"Olympique Lyonnais,Paris Saint-Germain ",France
Eq-1,club shop,BRASSARD DE CAPITAINE ADIDAS TIRO LEAGUE,18.0,contact@club-shop.fr,04 92 61 33 91,www.club-shop.fr,"Olympique Lyonnais,Paris Saint-Germain ",France
Eq-1,club shop,CARTON POUR ARBITRE,12.0,contact@club-shop.fr,04 92 61 33 91,www.club-shop.fr,"Olympique Lyonnais,Paris Saint-Germain ",France
Eq-1,club shop,DÉCAMÈTRE 20M,119.0,contact@club-shop.fr,04 92 61 33 91,www.club-shop.fr,"Olympique Lyonnais,Paris Saint-Germain ",France
Eq-1,club shop,DÉCAMÈTRE 10M,85.0,contact@club-shop.fr,04 92 61 33 91,www.club-shop.fr,"Olympique Lyonnais,Paris Saint-Germain ",France
Eq-1,club shop,COMPTEUR D'IMPULSION,129.0,contact@club-shop.fr,04 92 61 33 91,www.club-shop.fr,"Olympique Lyonnais,Paris Saint-Germain ",France
Eq-1,club shop,DÉCAMÈTRE 30M,169.0,contact@club-shop.fr,04 92 61 33 91,www.club-shop.fr,"Olympique Lyonnais,Paris Saint-Germain ",France
Eq-1,club shop,RUBAN DE DÉLIMITATION,178.0,contact@club-shop.fr,04 92 61 33 91,www.club-shop.fr,"Olympique Lyonnais,Paris Saint-Germain ",France
Eq-1,club shop,DÉCAMÈTRE 50 MÈTRES,239.0,contact@club-shop.fr,04 92 61 33 91,www.club-shop.fr,"Olympique Lyonnais,Paris Saint-Germain ",France
Eq-1,club shop,PORTE VOIX,569.0,contact@club-shop.fr,04 92 61 33 91,www.club-shop.fr,"Olympique Lyonnais,Paris Saint-Germain ",France
Eq-1,club shop,DÉCAMÈTRE 100 MÈTRES,599.0,contact@club-shop.fr,04 92 61 33 91,www.club-shop.fr,"Olympique Lyonnais,Paris Saint-Germain ",France
Eq-1,club shop,KIT TALKIE WALKIE,186.0,contact@club-shop.fr,04 92 61 33 91,www.club-shop.fr,"Olympique Lyonnais,Paris Saint-Germain ",France
Eq-1,club shop,SUPPORT INTERMEDIAIRE GYMBALL,52.0,contact@club-shop.fr,04 92 61 33 91,www.club-shop.fr,"Olympique Lyonnais,Paris Saint-Germain ",France
Eq-1,club shop,BRIQUE DE YOGA,48.0,contact@club-shop.fr,04 92 61 33 91,www.club-shop.fr,"Olympique Lyonnais,Paris Saint-Germain ",France
Eq-1,club shop,SUPPORT GYMBALL,119.0,contact@club-shop.fr,04 92 61 33 91,www.club-shop.fr,"Olympique Lyonnais,Paris Saint-Germain ",France
Eq-1,club shop,PILATE RING,153.0,contact@club-shop.fr,04 92 61 33 91,www.club-shop.fr,"Olympique Lyonnais,Paris Saint-Germain ",France
Eq-1,club shop,AB WHEEL,176.0,contact@club-shop.fr,04 92 61 33 91,www.club-shop.fr,"Olympique Lyonnais,Paris Saint-Germain ",France
Eq-1,club shop,BÂTON DE MASSAGE,15.0,contact@club-shop.fr,04 92 61 33 91,www.club-shop.fr,"Olympique Lyonnais,Paris Saint-Germain ",France
Eq-1,club shop,ROULEAU DE MASSAGE,185.0,contact@club-shop.fr,04 92 61 33 91,www.club-shop.fr,"Olympique Lyonnais,Paris Saint-Germain ",France
Eq-1,club shop,ROUE DE YOGA,299.0,contact@club-shop.fr,04 92 61 33 91,www.club-shop.fr,"Olympique Lyonnais,Paris Saint-Germain ",France
Eq-1,club shop,DISQUE D'ÉQUILIBRE À PICOTS,183.0,contact@club-shop.fr,04 92 61 33 91,www.club-shop.fr,"Olympique Lyonnais,Paris Saint-Germain ",France
Eq-1,club shop,PLANCHE DE PROPRIOCEPTION,189.0,contact@club-shop.fr,04 92 61 33 91,www.club-shop.fr,"Olympique Lyonnais,Paris Saint-Germain ",France
Eq-1,club shop,PLATEAU D'ÉQUILIBRE,219.0,contact@club-shop.fr,04 92 61 33 91,www.club-shop.fr,"Olympique Lyonnais,Paris Saint-Germain ",France
Eq-1,club shop,DISQUE DE RENFORCEMENT MUSCULAIRE,358.0,contact@club-shop.fr,04 92 61 33 91,www.club-shop.fr,"Olympique Lyonnais,Paris Saint-Germain ",France
Eq-1,club shop,COUSSIN D'ÉQUILIBRE,399.0,contact@club-shop.fr,04 92 61 33 91,www.club-shop.fr,"Olympique Lyonnais,Paris Saint-Germain ",France
Eq-1,club shop,BALANCE AIRBOARD 39CM,70.0,contact@club-shop.fr,04 92 61 33 91,www.club-shop.fr,"Olympique Lyonnais,Paris Saint-Germain ",France
Eq-1,club shop,MINI TRAMPOLINE,82.0,contact@club-shop.fr,04 92 61 33 91,www.club-shop.fr,"Olympique Lyonnais,Paris Saint-Germain ",France
Eq-1,club shop,BALANCE DÔME,1131.0,contact@club-shop.fr,04 92 61 33 91,www.club-shop.fr,"Olympique Lyonnais,Paris Saint-Germain ",France
Eq-1,club shop,BALANCE AIRBOARD 58CM,1502.0,contact@club-shop.fr,04 92 61 33 91,www.club-shop.fr,"Olympique Lyonnais,Paris Saint-Germain ",France
Eq-1,club shop,BALLE GYMNIQUE 55 CM,12.0,contact@club-shop.fr,04 92 61 33 91,www.club-shop.fr,"Olympique Lyonnais,Paris Saint-Germain ",France
Eq-1,club shop,BALLE GYMNIQUE 65 CM,174.0,contact@club-shop.fr,04 92 61 33 91,www.club-shop.fr,"Olympique Lyonnais,Paris Saint-Germain ",France
Eq-1,club shop,BALLE GYMNIQUE 75 CM,179.0,contact@club-shop.fr,04 92 61 33 91,www.club-shop.fr,"Olympique Lyonnais,Paris Saint-Germain ",France
Eq-1,club shop,STEP FITNESS ÉCO,299.0,contact@club-shop.fr,04 92 61 33 91,www.club-shop.fr,"Olympique Lyonnais,Paris Saint-Germain ",France
Eq-1,club shop,STEP FITNESS CLUB + 4 RÉHAUSSES,429.0,contact@club-shop.fr,04 92 61 33 91,www.club-shop.fr,"Olympique Lyonnais,Paris Saint-Germain ",France
Eq-1,club shop,AQUASTEP,999.0,contact@club-shop.fr,04 92 61 33 91,www.club-shop.fr,"Olympique Lyonnais,Paris Saint-Germain ",France
Eq-1,club shop,ELASTIQUE DE TRANSPORT POUR NATTE,16.0,contact@club-shop.fr,04 92 61 33 91,www.club-shop.fr,"Olympique Lyonnais,Paris Saint-Germain ",France
Eq-1,club shop,SAC POUR NATTE ET TAPIS,29.0,contact@club-shop.fr,04 92 61 33 91,www.club-shop.fr,"Olympique Lyonnais,Paris Saint-Germain ",France
Eq-1,club shop,NATTE DE GYM 140 X 50 X 0.7 CM,59.0,contact@club-shop.fr,04 92 61 33 91,www.club-shop.fr,"Olympique Lyonnais,Paris Saint-Germain ",France
Eq-1,club shop,NATTE DE GYM PLIABLE,8.0,contact@club-shop.fr,04 92 61 33 91,www.club-shop.fr,"Olympique Lyonnais,Paris Saint-Germain ",France
Eq-1,club shop,NATTE DE GYM 150 X 50 X 0.8 CM,95.0,contact@club-shop.fr,04 92 61 33 91,www.club-shop.fr,"Olympique Lyonnais,Paris Saint-Germain ",France
Eq-1,club shop,NATTE GYM MOUSSE PLUS,149.0,contact@club-shop.fr,04 92 61 33 91,www.club-shop.fr,"Olympique Lyonnais,Paris Saint-Germain ",France
Eq-1,club shop,NATTE 140CM,159.0,contact@club-shop.fr,04 92 61 33 91,www.club-shop.fr,"Olympique Lyonnais,Paris Saint-Germain ",France
Eq-1,club shop,NATTE 183CM,199.0,contact@club-shop.fr,04 92 61 33 91,www.club-shop.fr,"Olympique Lyonnais,Paris Saint-Germain ",France
Eq-1,club shop,NATTE GYM CONFORT 140CM,209.0,contact@club-shop.fr,04 92 61 33 91,www.club-shop.fr,"Olympique Lyonnais,Paris Saint-Germain ",France
Eq-1,club shop,NATTE DE GYM 180 X 60 X 0.8 CM,19.0,contact@club-shop.fr,04 92 61 33 91,www.club-shop.fr,"Olympique Lyonnais,Paris Saint-Germain ",France
Eq-1,club shop,PORTE-NATTES MURAL,199.0,contact@club-shop.fr,04 92 61 33 91,www.club-shop.fr,"Olympique Lyonnais,Paris Saint-Germain ",France
Eq-1,club shop,NATTE GYM CONFORT 180CM,249.0,contact@club-shop.fr,04 92 61 33 91,www.club-shop.fr,"Olympique Lyonnais,Paris Saint-Germain ",France
Eq-1,club shop,REPOSE TÊTE EN MOUSSE,236.0,contact@club-shop.fr,04 92 61 33 91,www.club-shop.fr,"Olympique Lyonnais,Paris Saint-Germain ",France
Eq-1,club shop,SAC RANGE NATTE,299.0,contact@club-shop.fr,04 92 61 33 91,www.club-shop.fr,"Olympique Lyonnais,Paris Saint-Germain ",France
Eq-1,club shop,NATTE DE GYM 180 X 60 X 1.5 CM,284.0,contact@club-shop.fr,04 92 61 33 91,www.club-shop.fr,"Olympique Lyonnais,Paris Saint-Germain ",France
Eq-1,club shop,TAPIS DE YOGA EN LIÈGE,399.0,contact@club-shop.fr,04 92 61 33 91,www.club-shop.fr,"Olympique Lyonnais,Paris Saint-Germain ",France
Eq-1,club shop,PORTE-NATTES MOBILE,1499.0,contact@club-shop.fr,04 92 61 33 91,www.club-shop.fr,"Olympique Lyonnais,Paris Saint-Germain ",France
Eq-1,club shop,CORDE À SAUTER SANS POIGNÉES LONGUEUR 2 M,25.0,contact@club-shop.fr,04 92 61 33 91,www.club-shop.fr,"Olympique Lyonnais,Paris Saint-Germain ",France
Eq-1,club shop,CORDE À SAUTER VITESSES 1 LONGUEUR 2.20 M,3.0,contact@club-shop.fr,04 92 61 33 91,www.club-shop.fr,"Olympique Lyonnais,Paris Saint-Germain ",France
Eq-1,club shop,CORDE À SAUTER SANS POIGNÉES LONGUEUR 3 M,38.0,contact@club-shop.fr,04 92 61 33 91,www.club-shop.fr,"Olympique Lyonnais,Paris Saint-Germain ",France
Eq-1,club shop,CORDE À SAUTER VITESSES 3 LONGUEUR 3 M,38.0,contact@club-shop.fr,04 92 61 33 91,www.club-shop.fr,"Olympique Lyonnais,Paris Saint-Germain ",France
Eq-1,club shop,CORDE À SAUTER VITESSES 2 LONGUEUR 2.45 M,64.0,contact@club-shop.fr,04 92 61 33 91,www.club-shop.fr,"Olympique Lyonnais,Paris Saint-Germain ",France
Eq-1,club shop,CORDE À SAUTER VITESSES 2 LONGUEUR 2.85 M,64.0,contact@club-shop.fr,04 92 61 33 91,www.club-shop.fr,"Olympique Lyonnais,Paris Saint-Germain ",France
Eq-1,club shop,CORDE À SAUTER AVEC POIGNÉES EN BOIS LONGUEUR...,77.0,contact@club-shop.fr,04 92 61 33 91,www.club-shop.fr,"Olympique Lyonnais,Paris Saint-Germain ",France
Eq-1,club shop,BANDE ÉLASTIQUE - TENSION FAIBLE,3.0,contact@club-shop.fr,04 92 61 33 91,www.club-shop.fr,"Olympique Lyonnais,Paris Saint-Germain ",France
Eq-1,club shop,BANDE ÉLASTIQUE - TENSION MOYENNE,36.0,contact@club-shop.fr,04 92 61 33 91,www.club-shop.fr,"Olympique Lyonnais,Paris Saint-Germain ",France
Eq-1,club shop,BANDE ÉLASTIQUE - TENSION FORTE,44.0,contact@club-shop.fr,04 92 61 33 91,www.club-shop.fr,"Olympique Lyonnais,Paris Saint-Germain ",France
Eq-1,club shop,LOT MINI-BANDES ÉLASTIQUES,61.0,contact@club-shop.fr,04 92 61 33 91,www.club-shop.fr,"Olympique Lyonnais,Paris Saint-Germain ",France
Eq-1,club shop,BANDE ÉLASTIQUE DE RÉSISTANCE 5-10 KG,68.0,contact@club-shop.fr,04 92 61 33 91,www.club-shop.fr,"Olympique Lyonnais,Paris Saint-Germain ",France
Eq-1,club shop,TUBE ÉLASTIQUE AVEC POIGNÉES - TENSION FAIBLE,76.0,contact@club-shop.fr,04 92 61 33 91,www.club-shop.fr,"Olympique Lyonnais,Paris Saint-Germain ",France
Eq-1,club shop,TUBE ÉLASTIQUE AVEC POIGNÉES - TENSION MOYENNE,84.0,contact@club-shop.fr,04 92 61 33 91,www.club-shop.fr,"Olympique Lyonnais,Paris Saint-Germain ",France
Eq-1,club shop,LOT DE 4 BANDES LATEX,99.0,contact@club-shop.fr,04 92 61 33 91,www.club-shop.fr,"Olympique Lyonnais,Paris Saint-Germain ",France
Eq-1,club shop,TUBE ÉLASTIQUE AVEC POIGNÉES - TENSION FORTE,92.0,contact@club-shop.fr,04 92 61 33 91,www.club-shop.fr,"Olympique Lyonnais,Paris Saint-Germain ",France
Eq-1,club shop,BANDE ÉLASTIQUE DE RÉSISTANCE 7-13 KG,94.0,contact@club-shop.fr,04 92 61 33 91,www.club-shop.fr,"Olympique Lyonnais,Paris Saint-Germain ",France
Eq-1,club shop,LOT DE 3 MINI BANDES,119.0,contact@club-shop.fr,04 92 61 33 91,www.club-shop.fr,"Olympique Lyonnais,Paris Saint-Germain ",France
Eq-1,club shop,BANDE ÉLASTIQUE DE RÉSISTANCE 10-17 KG,116.0,contact@club-shop.fr,04 92 61 33 91,www.club-shop.fr,"Olympique Lyonnais,Paris Saint-Germain ",France
Eq-1,club shop,ELASTIBAND - TENSION 10 KG,131.0,contact@club-shop.fr,04 92 61 33 91,www.club-shop.fr,"Olympique Lyonnais,Paris Saint-Germain ",France
Eq-1,club shop,ELASTIBAND - TENSION 15 KG,131.0,contact@club-shop.fr,04 92 61 33 91,www.club-shop.fr,"Olympique Lyonnais,Paris Saint-Germain ",France
Eq-1,club shop,BANDE ÉLASTIQUE DE RÉSISTANCE 12-21 KG,131.0,contact@club-shop.fr,04 92 61 33 91,www.club-shop.fr,"Olympique Lyonnais,Paris Saint-Germain ",France
Eq-1,club shop,ELASTIBAND - TENSION 20 KG,165.0,contact@club-shop.fr,04 92 61 33 91,www.club-shop.fr,"Olympique Lyonnais,Paris Saint-Germain ",France
Eq-1,club shop,BANDE ÉLASTIQUE DE RÉSISTANCE 14-26 KG,165.0,contact@club-shop.fr,04 92 61 33 91,www.club-shop.fr,"Olympique Lyonnais,Paris Saint-Germain ",France
Eq-1,club shop,BANDE ÉLASTIQUE VELCRO 3MÈTRES,239.0,contact@club-shop.fr,04 92 61 33 91,www.club-shop.fr,"Olympique Lyonnais,Paris Saint-Germain ",France
Eq-1,club shop,BANDE ÉLASTIQUE DE RÉSISTANCE 21-45 KG,237.0,contact@club-shop.fr,04 92 61 33 91,www.club-shop.fr,"Olympique Lyonnais,Paris Saint-Germain ",France
Eq-1,club shop,BANDE ÉLASTIQUE DE RÉSISTANCE 30-70 KG,269.0,contact@club-shop.fr,04 92 61 33 91,www.club-shop.fr,"Olympique Lyonnais,Paris Saint-Germain ",France
Eq-1,club shop,BANDE ÉLASTIQUE VELCRO 6MÈTRES,359.0,contact@club-shop.fr,04 92 61 33 91,www.club-shop.fr,"Olympique Lyonnais,Paris Saint-Germain ",France
Eq-1,club shop,BANDE DE RÉSISTANCE LATÉRALE,454.0,contact@club-shop.fr,04 92 61 33 91,www.club-shop.fr,"Olympique Lyonnais,Paris Saint-Germain ",France
Eq-1,club shop,HARNAIS DE RÉSISTANCE DOUBLE,558.0,contact@club-shop.fr,04 92 61 33 91,www.club-shop.fr,"Olympique Lyonnais,Paris Saint-Germain ",France
Eq-1,club shop,POIDS - 0.5 KG,3.0,contact@club-shop.fr,04 92 61 33 91,www.club-shop.fr,"Olympique Lyonnais,Paris Saint-Germain ",France
Eq-1,club shop,POIDS DE 500 GR POUR GILET À LESTER,38.0,contact@club-shop.fr,04 92 61 33 91,www.club-shop.fr,"Olympique Lyonnais,Paris Saint-Germain ",France
Eq-1,club shop,POIDS - 1 KG,61.0,contact@club-shop.fr,04 92 61 33 91,www.club-shop.fr,"Olympique Lyonnais,Paris Saint-Germain ",France
Eq-1,club shop,PATINS DE GLISSE,98.0,contact@club-shop.fr,04 92 61 33 91,www.club-shop.fr,"Olympique Lyonnais,Paris Saint-Germain ",France
Eq-1,club shop,POIDS - 2 KG,122.0,contact@club-shop.fr,04 92 61 33 91,www.club-shop.fr,"Olympique Lyonnais,Paris Saint-Germain ",France
Eq-1,club shop,FIXATION SUSPENSION TRAINER,174.0,contact@club-shop.fr,04 92 61 33 91,www.club-shop.fr,"Olympique Lyonnais,Paris Saint-Germain ",France
Eq-1,club shop,FIXATION POUR CORDE ONDULATOIRE,178.0,contact@club-shop.fr,04 92 61 33 91,www.club-shop.fr,"Olympique Lyonnais,Paris Saint-Germain ",France
Eq-1,club shop,"POIDS - 2,5 KG",147.0,contact@club-shop.fr,04 92 61 33 91,www.club-shop.fr,"Olympique Lyonnais,Paris Saint-Germain ",France
Eq-1,club shop,PARACHUTE D'ENTRAÎNEMENT,209.0,contact@club-shop.fr,04 92 61 33 91,www.club-shop.fr,"Olympique Lyonnais,Paris Saint-Germain ",France
Eq-1,club shop,POIDS - 3 KG,184.0,contact@club-shop.fr,04 92 61 33 91,www.club-shop.fr,"Olympique Lyonnais,Paris Saint-Germain ",France
Eq-1,club shop,HARNAIS DE RÉSISTANCE,31.0,contact@club-shop.fr,04 92 61 33 91,www.club-shop.fr,"Olympique Lyonnais,Paris Saint-Germain ",France
Eq-1,club shop,HARNAIS DE RÉSISTANCE,318.0,contact@club-shop.fr,04 92 61 33 91,www.club-shop.fr,"Olympique Lyonnais,Paris Saint-Germain ",France
Eq-1,club shop,KIT POIGNÉES POUR BANDE ÉLASTIQUE,372.0,contact@club-shop.fr,04 92 61 33 91,www.club-shop.fr,"Olympique Lyonnais,Paris Saint-Germain ",France
Eq-1,club shop,POIDS - 5 KG,312.0,contact@club-shop.fr,04 92 61 33 91,www.club-shop.fr,"Olympique Lyonnais,Paris Saint-Germain ",France
Eq-1,club shop,SUSPENSION TRAINER LONGUEUR AJUSTABLE,444.0,contact@club-shop.fr,04 92 61 33 91,www.club-shop.fr,"Olympique Lyonnais,Paris Saint-Germain ",France
Eq-1,club shop,GILET À LESTER,47.0,contact@club-shop.fr,04 92 61 33 91,www.club-shop.fr,"Olympique Lyonnais,Paris Saint-Germain ",France
Eq-1,club shop,CORDE ONDULATOIRE 3.5 KG,498.0,contact@club-shop.fr,04 92 61 33 91,www.club-shop.fr,"Olympique Lyonnais,Paris Saint-Germain ",France
Eq-1,club shop,ELASTIQUE DE RENFORCEMENT MULTI-ACTIVITÉS,549.0,contact@club-shop.fr,04 92 61 33 91,www.club-shop.fr,"Olympique Lyonnais,Paris Saint-Germain ",France
Eq-1,club shop,POWER BAG 5KG,551.0,contact@club-shop.fr,04 92 61 33 91,www.club-shop.fr,"Olympique Lyonnais,Paris Saint-Germain ",France
Eq-1,club shop,POWER SPEED,678.0,contact@club-shop.fr,04 92 61 33 91,www.club-shop.fr,"Olympique Lyonnais,Paris Saint-Germain ",France
Eq-1,club shop,CORDE ONDULATOIRE 4.5 KG,635.0,contact@club-shop.fr,04 92 61 33 91,www.club-shop.fr,"Olympique Lyonnais,Paris Saint-Germain ",France
Eq-1,club shop,TRAÎNEAU DE RÉSISTANCE AVEC CEINTURE RÉGLABLE,64.0,contact@club-shop.fr,04 92 61 33 91,www.club-shop.fr,"Olympique Lyonnais,Paris Saint-Germain ",France
Eq-1,club shop,BARRE DE TRACTION MURALE,646.0,contact@club-shop.fr,04 92 61 33 91,www.club-shop.fr,"Olympique Lyonnais,Paris Saint-Germain ",France
Eq-1,club shop,POWER BAG 10KG,679.0,contact@club-shop.fr,04 92 61 33 91,www.club-shop.fr,"Olympique Lyonnais,Paris Saint-Germain ",France
Eq-1,club shop,VESTE LESTÉE 7 KG,68.0,contact@club-shop.fr,04 92 61 33 91,www.club-shop.fr,"Olympique Lyonnais,Paris Saint-Germain ",France
Eq-1,club shop,POWER BAG 15KG,699.0,contact@club-shop.fr,04 92 61 33 91,www.club-shop.fr,"Olympique Lyonnais,Paris Saint-Germain ",France
Eq-1,club shop,POIDS - 10 KG,594.0,contact@club-shop.fr,04 92 61 33 91,www.club-shop.fr,"Olympique Lyonnais,Paris Saint-Germain ",France
Eq-1,club shop,BARRES PARALLÈLES,804.0,contact@club-shop.fr,04 92 61 33 91,www.club-shop.fr,"Olympique Lyonnais,Paris Saint-Germain ",France
Eq-1,club shop,VESTE LESTÉE 10 KG,812.0,contact@club-shop.fr,04 92 61 33 91,www.club-shop.fr,"Olympique Lyonnais,Paris Saint-Germain ",France
Eq-1,club shop,CORDE ONDULATOIRE 7.5 KG,818.0,contact@club-shop.fr,04 92 61 33 91,www.club-shop.fr,"Olympique Lyonnais,Paris Saint-Germain ",France
Eq-1,club shop,POWER BAG 20KG,829.0,contact@club-shop.fr,04 92 61 33 91,www.club-shop.fr,"Olympique Lyonnais,Paris Saint-Germain ",France
Eq-1,club shop,POWER BAG 25KG,899.0,contact@club-shop.fr,04 92 61 33 91,www.club-shop.fr,"Olympique Lyonnais,Paris Saint-Germain ",France
Eq-1,club shop,RIP TRAINER,93.0,contact@club-shop.fr,04 92 61 33 91,www.club-shop.fr,"Olympique Lyonnais,Paris Saint-Germain ",France
Eq-1,club shop,POIDS - 15KG,775.0,contact@club-shop.fr,04 92 61 33 91,www.club-shop.fr,"Olympique Lyonnais,Paris Saint-Germain ",France
Eq-1,club shop,HARNAIS DE RÉSISTANCE POUR GARDIEN,1042.0,contact@club-shop.fr,04 92 61 33 91,www.club-shop.fr,"Olympique Lyonnais,Paris Saint-Germain ",France
Eq-1,club shop,CORDE ONDULATOIRE INDOOR,1099.0,contact@club-shop.fr,04 92 61 33 91,www.club-shop.fr,"Olympique Lyonnais,Paris Saint-Germain ",France
Eq-1,club shop,STOP-DISKS,23.0,contact@club-shop.fr,04 92 61 33 91,www.club-shop.fr,"Olympique Lyonnais,Paris Saint-Germain ",France
Eq-1,club shop,HALTÈRES 500 GR,67.0,contact@club-shop.fr,04 92 61 33 91,www.club-shop.fr,"Olympique Lyonnais,Paris Saint-Germain ",France
Eq-1,club shop,HALTÈRES 1 KG,125.0,contact@club-shop.fr,04 92 61 33 91,www.club-shop.fr,"Olympique Lyonnais,Paris Saint-Germain ",France
Eq-1,club shop,BARRE D'HALTÈRES DROITE 38 CM,154.0,contact@club-shop.fr,04 92 61 33 91,www.club-shop.fr,"Olympique Lyonnais,Paris Saint-Germain ",France
Eq-1,club shop,"HALTÈRES 1,5 KG",183.0,contact@club-shop.fr,04 92 61 33 91,www.club-shop.fr,"Olympique Lyonnais,Paris Saint-Germain ",France
Eq-1,club shop,MANCHON POUR BARRE,184.0,contact@club-shop.fr,04 92 61 33 91,www.club-shop.fr,"Olympique Lyonnais,Paris Saint-Germain ",France
Eq-1,club shop,KETTLEBELL 4 KG,239.0,contact@club-shop.fr,04 92 61 33 91,www.club-shop.fr,"Olympique Lyonnais,Paris Saint-Germain ",France
Eq-1,club shop,HALTÈRES 2 KG,253.0,contact@club-shop.fr,04 92 61 33 91,www.club-shop.fr,"Olympique Lyonnais,Paris Saint-Germain ",France
Eq-1,club shop,HALTÈRES - 3 KG,369.0,contact@club-shop.fr,04 92 61 33 91,www.club-shop.fr,"Olympique Lyonnais,Paris Saint-Germain ",France
Eq-1,club shop,BARRE D'HALTÈRES CURL 120 CM,451.0,contact@club-shop.fr,04 92 61 33 91,www.club-shop.fr,"Olympique Lyonnais,Paris Saint-Germain ",France
Eq-1,club shop,KETTLEBELL 8 KG,479.0,contact@club-shop.fr,04 92 61 33 91,www.club-shop.fr,"Olympique Lyonnais,Paris Saint-Germain ",France
Eq-1,club shop,HALTÈRES 4 KG,505.0,contact@club-shop.fr,04 92 61 33 91,www.club-shop.fr,"Olympique Lyonnais,Paris Saint-Germain ",France
Eq-1,club shop,BARRE D'HALTÈRES DROITE 120 CM,59.0,contact@club-shop.fr,04 92 61 33 91,www.club-shop.fr,"Olympique Lyonnais,Paris Saint-Germain ",France
Eq-1,club shop,KETTLEBELL 10KG,599.0,contact@club-shop.fr,04 92 61 33 91,www.club-shop.fr,"Olympique Lyonnais,Paris Saint-Germain ",France
Eq-1,club shop,HALTÈRES 5 KG,624.0,contact@club-shop.fr,04 92 61 33 91,www.club-shop.fr,"Olympique Lyonnais,Paris Saint-Germain ",France
Eq-1,club shop,BARRE D'HALTÈRES DROITE 160 CM,654.0,contact@club-shop.fr,04 92 61 33 91,www.club-shop.fr,"Olympique Lyonnais,Paris Saint-Germain ",France
Eq-1,club shop,BARRE D'HALTÈRES DROITE 180 CM,684.0,contact@club-shop.fr,04 92 61 33 91,www.club-shop.fr,"Olympique Lyonnais,Paris Saint-Germain ",France
Eq-1,club shop,KETTLEBELL 12 KG,729.0,contact@club-shop.fr,04 92 61 33 91,www.club-shop.fr,"Olympique Lyonnais,Paris Saint-Germain ",France
Eq-1,club shop,BARRE D'HALTÈRES DROITE 200 CM,797.0,contact@club-shop.fr,04 92 61 33 91,www.club-shop.fr,"Olympique Lyonnais,Paris Saint-Germain ",France
Eq-1,club shop,BARRE D'HALTÈRES DROITE 220 CM,867.0,contact@club-shop.fr,04 92 61 33 91,www.club-shop.fr,"Olympique Lyonnais,Paris Saint-Germain ",France
Eq-1,club shop,TRICEPS,87.0,contact@club-shop.fr,04 92 61 33 91,www.club-shop.fr,"Olympique Lyonnais,Paris Saint-Germain ",France
Eq-1,club shop,KETTLEBELL 16 KG,949.0,contact@club-shop.fr,04 92 61 33 91,www.club-shop.fr,"Olympique Lyonnais,Paris Saint-Germain ",France
Eq-1,club shop,KETTLEBELL 20 KG,1149.0,contact@club-shop.fr,04 92 61 33 91,www.club-shop.fr,"Olympique Lyonnais,Paris Saint-Germain ",France
Eq-1,club shop,KETTLEBELL AJUSTABLE,1649.0,contact@club-shop.fr,04 92 61 33 91,www.club-shop.fr,"Olympique Lyonnais,Paris Saint-Germain ",France
Eq-1,club shop,SLAM BALL - 1 KG,157.0,contact@club-shop.fr,04 92 61 33 91,www.club-shop.fr,"Olympique Lyonnais,Paris Saint-Germain ",France
Eq-1,club shop,SLAM BALL - 2 KG,167.0,contact@club-shop.fr,04 92 61 33 91,www.club-shop.fr,"Olympique Lyonnais,Paris Saint-Germain ",France
Eq-1,club shop,SLAM BALL - 3 KG,199.0,contact@club-shop.fr,04 92 61 33 91,www.club-shop.fr,"Olympique Lyonnais,Paris Saint-Germain ",France
Eq-1,club shop,MÉDECINE BALL GONFLABLE - 1 KG,212.0,contact@club-shop.fr,04 92 61 33 91,www.club-shop.fr,"Olympique Lyonnais,Paris Saint-Germain ",France
Eq-1,club shop,SLAM BALL - 4 KG,236.0,contact@club-shop.fr,04 92 61 33 91,www.club-shop.fr,"Olympique Lyonnais,Paris Saint-Germain ",France
Eq-1,club shop,MÉDECINE BALL GONFLABLE - 2 KG,256.0,contact@club-shop.fr,04 92 61 33 91,www.club-shop.fr,"Olympique Lyonnais,Paris Saint-Germain ",France
Eq-1,club shop,SLAM BALL - 5 KG,266.0,contact@club-shop.fr,04 92 61 33 91,www.club-shop.fr,"Olympique Lyonnais,Paris Saint-Germain ",France
Eq-1,club shop,MÉDECINE BALL AVEC POIGNÉES 4 KG,289.0,contact@club-shop.fr,04 92 61 33 91,www.club-shop.fr,"Olympique Lyonnais,Paris Saint-Germain ",France
Eq-1,club shop,MÉDECINE BALL GONFLABLE - 3 KG,325.0,contact@club-shop.fr,04 92 61 33 91,www.club-shop.fr,"Olympique Lyonnais,Paris Saint-Germain ",France
Eq-1,club shop,MÉDECINE BALL AVEC POIGNÉES 6 KG,329.0,contact@club-shop.fr,04 92 61 33 91,www.club-shop.fr,"Olympique Lyonnais,Paris Saint-Germain ",France
Eq-1,club shop,SLAM BALL - 10 KG,352.0,contact@club-shop.fr,04 92 61 33 91,www.club-shop.fr,"Olympique Lyonnais,Paris Saint-Germain ",France
Eq-1,club shop,MÉDECINE BALL GONFLABLE - 4 KG,388.0,contact@club-shop.fr,04 92 61 33 91,www.club-shop.fr,"Olympique Lyonnais,Paris Saint-Germain ",France
Eq-1,club shop,MÉDECINE BALL AVEC POIGNÉES 8 KG,409.0,contact@club-shop.fr,04 92 61 33 91,www.club-shop.fr,"Olympique Lyonnais,Paris Saint-Germain ",France
Eq-1,club shop,MÉDECINE BALL GONFLABLE - 5 KG,458.0,contact@club-shop.fr,04 92 61 33 91,www.club-shop.fr,"Olympique Lyonnais,Paris Saint-Germain ",France
Eq-1,club shop,MÉDECINE BALL AVEC POIGNÉES 10 KG,479.0,contact@club-shop.fr,04 92 61 33 91,www.club-shop.fr,"Olympique Lyonnais,Paris Saint-Germain ",France
Eq-1,club shop,WALL BALL - 4 KG,48.0,contact@club-shop.fr,04 92 61 33 91,www.club-shop.fr,"Olympique Lyonnais,Paris Saint-Germain ",France
Eq-1,club shop,SLAM BALL - 15 KG,63.0,contact@club-shop.fr,04 92 61 33 91,www.club-shop.fr,"Olympique Lyonnais,Paris Saint-Germain ",France
Eq-1,club shop,WALL BALL - 6 KG,67.0,contact@club-shop.fr,04 92 61 33 91,www.club-shop.fr,"Olympique Lyonnais,Paris Saint-Germain ",France
Eq-1,club shop,WALL BALL - 8 KG,74.0,contact@club-shop.fr,04 92 61 33 91,www.club-shop.fr,"Olympique Lyonnais,Paris Saint-Germain ",France
Eq-1,club shop,WALL BALL - 10 KG,81.0,contact@club-shop.fr,04 92 61 33 91,www.club-shop.fr,"Olympique Lyonnais,Paris Saint-Germain ",France
Eq-1,club shop,SLAM BALL - 20 KG,966.0,contact@club-shop.fr,04 92 61 33 91,www.club-shop.fr,"Olympique Lyonnais,Paris Saint-Germain ",France
Eq-1,club shop,SAC DE TRANSPORT POUR BUT POWERSHOT DE 1.5 X...,12.0,contact@club-shop.fr,04 92 61 33 91,www.club-shop.fr,"Olympique Lyonnais,Paris Saint-Germain ",France
Eq-1,club shop,SAC DE LESTAGE ECO,125.0,contact@club-shop.fr,04 92 61 33 91,www.club-shop.fr,"Olympique Lyonnais,Paris Saint-Germain ",France
Eq-1,club shop,"SAC DE TRANSPORT POUR BUT POWERSHOT DE 4 X 1,5M...",16.0,contact@club-shop.fr,04 92 61 33 91,www.club-shop.fr,"Olympique Lyonnais,Paris Saint-Germain ",France
Eq-1,club shop,SAC DE LESTAGE AVEC POIGNÉE,18.0,contact@club-shop.fr,04 92 61 33 91,www.club-shop.fr,"Olympique Lyonnais,Paris Saint-Germain ",France
Eq-1,club shop,FILET DE FOOTBALL POUR BUT POWERSHOT,30.0,contact@club-shop.fr,04 92 61 33 91,www.club-shop.fr,"Olympique Lyonnais,Paris Saint-Germain ",France
Eq-1,club shop,MINI BUT RÉVERSIBLE,409.0,contact@club-shop.fr,04 92 61 33 91,www.club-shop.fr,"Olympique Lyonnais,Paris Saint-Germain ",France
Eq-1,club shop,MINI-BUT FOOTBALL RÉVERSIBLE TAILLE M,466.0,contact@club-shop.fr,04 92 61 33 91,www.club-shop.fr,"Olympique Lyonnais,Paris Saint-Germain ",France
Eq-1,club shop,"MINI BUT PLIABLE ""POP UP"" (LA PAIRE)",599.0,contact@club-shop.fr,04 92 61 33 91,www.club-shop.fr,"Olympique Lyonnais,Paris Saint-Germain ",France
Eq-1,club shop,BUT RÉVERSIBLE,619.0,contact@club-shop.fr,04 92 61 33 91,www.club-shop.fr,"Olympique Lyonnais,Paris Saint-Germain ",France
Eq-1,club shop,MINI BUT DE FOOTBALL,799.0,contact@club-shop.fr,04 92 61 33 91,www.club-shop.fr,"Olympique Lyonnais,Paris Saint-Germain ",France
Eq-1,club shop,"MINI BUT PLIABLE ""POP UP"" (LA PAIRE)",899.0,contact@club-shop.fr,04 92 61 33 91,www.club-shop.fr,"Olympique Lyonnais,Paris Saint-Germain ",France
Eq-1,club shop,BUT RÉVERSIBLE,999.0,contact@club-shop.fr,04 92 61 33 91,www.club-shop.fr,"Olympique Lyonnais,Paris Saint-Germain ",France
Eq-1,club shop,MINI-BUT FOOTBALL EASY PACK,84.0,contact@club-shop.fr,04 92 61 33 91,www.club-shop.fr,"Olympique Lyonnais,Paris Saint-Germain ",France
Eq-1,club shop,MINI-BUT FOOTBALL PLIABLE,849.0,contact@club-shop.fr,04 92 61 33 91,www.club-shop.fr,"Olympique Lyonnais,Paris Saint-Germain ",France
Eq-1,club shop,"BUT PLIABLE ""SECURE""",1149.0,contact@club-shop.fr,04 92 61 33 91,www.club-shop.fr,"Olympique Lyonnais,Paris Saint-Germain ",France
Eq-1,club shop,"BUT DE FOOT POWERSHOT ""STADIUM"" - 1.8 M X 1.2 M",130.0,contact@club-shop.fr,04 92 61 33 91,www.club-shop.fr,"Olympique Lyonnais,Paris Saint-Germain ",France
Eq-1,club shop,"BUT PLIABLE ""SECURE""",1339.0,contact@club-shop.fr,04 92 61 33 91,www.club-shop.fr,"Olympique Lyonnais,Paris Saint-Germain ",France
Eq-1,club shop,MINI-BUT FOOTBALL FLEX EASY,1111.0,contact@club-shop.fr,04 92 61 33 91,www.club-shop.fr,"Olympique Lyonnais,Paris Saint-Germain ",France
Eq-1,club shop,BUT MINI CLUB RENFORCÉ 3M,149.0,contact@club-shop.fr,04 92 61 33 91,www.club-shop.fr,"Olympique Lyonnais,Paris Saint-Germain ",France
Eq-1,club shop,"BUT DE FOOT POWERSHOT ""STADIUM"" - 2.4 M X 1.2 M",150.0,contact@club-shop.fr,04 92 61 33 91,www.club-shop.fr,"Olympique Lyonnais,Paris Saint-Germain ",France
Eq-1,club shop,BUT DE FOOTBALL QUICKFIRE,130.0,contact@club-shop.fr,04 92 61 33 91,www.club-shop.fr,"Olympique Lyonnais,Paris Saint-Germain ",France
Eq-1,club shop,MINI BUT PLIABLE EN ALUMINIUM,1599.0,contact@club-shop.fr,04 92 61 33 91,www.club-shop.fr,"Olympique Lyonnais,Paris Saint-Germain ",France
Eq-1,club shop,BUT FOOTBALL EN FIBRE DE VERRE 240 X 150 CM,134.0,contact@club-shop.fr,04 92 61 33 91,www.club-shop.fr,"Olympique Lyonnais,Paris Saint-Germain ",France
Eq-1,club shop,"BUT PLIABLE ""SECURE""",1729.0,contact@club-shop.fr,04 92 61 33 91,www.club-shop.fr,"Olympique Lyonnais,Paris Saint-Germain ",France
Eq-1,club shop,"MUR DE PROTECTION - 3,6 X 2,7 M",175.0,contact@club-shop.fr,04 92 61 33 91,www.club-shop.fr,"Olympique Lyonnais,Paris Saint-Germain ",France
Eq-1,club shop,MINI BUT PLIABLE EN ALUMINIUM,1849.0,contact@club-shop.fr,04 92 61 33 91,www.club-shop.fr,"Olympique Lyonnais,Paris Saint-Germain ",France
Eq-1,club shop,BUT DE FOOTBALL GONFLABLE,1999.0,contact@club-shop.fr,04 92 61 33 91,www.club-shop.fr,"Olympique Lyonnais,Paris Saint-Germain ",France
Eq-1,club shop,"BUT DE FOOT POWERSHOT ""STADIUM"" - 3.7 M X 2 M",220.0,contact@club-shop.fr,04 92 61 33 91,www.club-shop.fr,"Olympique Lyonnais,Paris Saint-Germain ",France
Eq-1,club shop,"BUT DE FOOT POWERSHOT ""STADIUM"" MODULABLE - 4 M...",220.0,contact@club-shop.fr,04 92 61 33 91,www.club-shop.fr,"Olympique Lyonnais,Paris Saint-Germain ",France
Eq-1,club shop,MINI-BUT FOOTBALL PRO,190.0,contact@club-shop.fr,04 92 61 33 91,www.club-shop.fr,"Olympique Lyonnais,Paris Saint-Germain ",France
Eq-1,club shop,BUT DE FOOTBALL PVC,2399.0,contact@club-shop.fr,04 92 61 33 91,www.club-shop.fr,"Olympique Lyonnais,Paris Saint-Germain ",France
Eq-1,club shop,BUT EN FIBRE DE VERRE,2199.0,contact@club-shop.fr,04 92 61 33 91,www.club-shop.fr,"Olympique Lyonnais,Paris Saint-Germain ",France
Eq-1,club shop,MINI BUT AUTO LESTÉ EN ALUMINIUM,2899.0,contact@club-shop.fr,04 92 61 33 91,www.club-shop.fr,"Olympique Lyonnais,Paris Saint-Germain ",France
Eq-1,club shop,BUT DE BEACH SOCCER GONFLABLE,2999.0,contact@club-shop.fr,04 92 61 33 91,www.club-shop.fr,"Olympique Lyonnais,Paris Saint-Germain ",France
Eq-1,club shop,MINI-BUT FOOTBALL PLIABLE EN ALUMINIUM,2499.0,contact@club-shop.fr,04 92 61 33 91,www.club-shop.fr,"Olympique Lyonnais,Paris Saint-Germain ",France
Eq-1,club shop,"BUT DE FOOT QUICKFIRE MODULABLE 3/4M X 1,5/2M",250.0,contact@club-shop.fr,04 92 61 33 91,www.club-shop.fr,"Olympique Lyonnais,Paris Saint-Germain ",France
Eq-1,club shop,BUTS DE FOOT À 7 ACIER À SCELLER - LA PAIRE,1746.16881918819,contact@club-shop.fr,04 92 61 33 91,www.club-shop.fr,"Olympique Lyonnais,Paris Saint-Germain ",France
Eq-1,club shop,BUTS DE FOOT À 7 À SCELLER EN ALUMINIUM...,1746.16881918819,contact@club-shop.fr,04 92 61 33 91,www.club-shop.fr,"Olympique Lyonnais,Paris Saint-Germain ",France
Eq-1,club shop,BUT DE FOOTBALL À 7 TRANSPORTABLE,1746.16881918819,contact@club-shop.fr,04 92 61 33 91,www.club-shop.fr,"Olympique Lyonnais,Paris Saint-Germain ",France
Eq-1,club shop,BUTS DE FOOT À 7 RABATTABLES DÉPORT 2.10 À 3.10...,1746.16881918819,contact@club-shop.fr,04 92 61 33 91,www.club-shop.fr,"Olympique Lyonnais,Paris Saint-Germain ",France
Eq-1,club shop,BUTS DE FOOT À 7 RABATTABLES DÉPORT 2.15 À 3.50...,1746.16881918819,contact@club-shop.fr,04 92 61 33 91,www.club-shop.fr,"Olympique Lyonnais,Paris Saint-Germain ",France
Eq-1,club shop,BUTS DE FOOT À 7 RABATTABLES DÉPORT 2.50 À 3.50...,1746.16881918819,contact@club-shop.fr,04 92 61 33 91,www.club-shop.fr,"Olympique Lyonnais,Paris Saint-Germain ",France
Eq-1,club shop,BUTS DE FOOT EN ACIER À SCELLER À 11 - LA PAIRE,1746.16881918819,contact@club-shop.fr,04 92 61 33 91,www.club-shop.fr,"Olympique Lyonnais,Paris Saint-Germain ",France
Eq-1,club shop,BUTS DE FOOT À SCELLER EN ALUMINIUM À 11...,1746.16881918819,contact@club-shop.fr,04 92 61 33 91,www.club-shop.fr,"Olympique Lyonnais,Paris Saint-Germain ",France
Eq-1,club shop,BUT DE FOOTBALL TRANSPORTABLE À 11,1746.16881918819,contact@club-shop.fr,04 92 61 33 91,www.club-shop.fr,"Olympique Lyonnais,Paris Saint-Germain ",France
Eq-1,club shop,BUTS DE FOOT À SCELLER MARACANA STAR À 11 -...,1746.16881918819,contact@club-shop.fr,04 92 61 33 91,www.club-shop.fr,"Olympique Lyonnais,Paris Saint-Germain ",France
Eq-1,club shop,BUTS DE FOOT À SCELLER MILLENIUM STAR À 11 -...,1746.16881918819,contact@club-shop.fr,04 92 61 33 91,www.club-shop.fr,"Olympique Lyonnais,Paris Saint-Germain ",France
Eq-1,club shop,BUTS DE FOOT ACIER À SCELLER 5 M X 2 M - LA PAIRE,1746.16881918819,contact@club-shop.fr,04 92 61 33 91,www.club-shop.fr,"Olympique Lyonnais,Paris Saint-Germain ",France
Eq-1,club shop,BUTS DE FOOT À SCELLER EN ALUMINIUM 5 M X 2 M -...,1746.16881918819,contact@club-shop.fr,04 92 61 33 91,www.club-shop.fr,"Olympique Lyonnais,Paris Saint-Germain ",France
Eq-1,club shop,BUTS DE FOOTBALL TRANSPORTABLE 5 M X 2 M - LA...,1746.16881918819,contact@club-shop.fr,04 92 61 33 91,www.club-shop.fr,"Olympique Lyonnais,Paris Saint-Germain ",France
Eq-1,club shop,LOT DE 10 CROCHETS À VIS POUR BUTS FOOTBALL,176.0,contact@club-shop.fr,04 92 61 33 91,www.club-shop.fr,"Olympique Lyonnais,Paris Saint-Germain ",France
Eq-1,club shop,JEU DE 2 FOURREAUX ET COUVERCLES POUR BUTS DE...,612.0,contact@club-shop.fr,04 92 61 33 91,www.club-shop.fr,"Olympique Lyonnais,Paris Saint-Germain ",France
Eq-1,club shop,JEU DE 2 FOURREAUX ET COUVERCLES POUR BUTS DE...,6834.0,contact@club-shop.fr,04 92 61 33 91,www.club-shop.fr,"Olympique Lyonnais,Paris Saint-Germain ",France
Eq-1,club shop,SACHET DE 56 CROCHETS ATTACHE FILET POUR BUT DE...,749.0,contact@club-shop.fr,04 92 61 33 91,www.club-shop.fr,"Olympique Lyonnais,Paris Saint-Germain ",France
Eq-1,club shop,SACHET DE 56 CROCHETS ATTACHE FILET POUR BUT DE...,749.0,contact@club-shop.fr,04 92 61 33 91,www.club-shop.fr,"Olympique Lyonnais,Paris Saint-Germain ",France
Eq-1,club shop,SACHET DE 56 CROCHETS ATTACHE FILET POUR BUT DE...,749.0,contact@club-shop.fr,04 92 61 33 91,www.club-shop.fr,"Olympique Lyonnais,Paris Saint-Germain ",France
Eq-1,club shop,SACHET DE 56 CROCHETS ATTACHE FILET POUR BUT DE...,749.0,contact@club-shop.fr,04 92 61 33 91,www.club-shop.fr,"Olympique Lyonnais,Paris Saint-Germain ",France
Eq-1,club shop,SACHET DE 56 CROCHETS ATTACHE FILET POUR BUT DE...,749.0,contact@club-shop.fr,04 92 61 33 91,www.club-shop.fr,"Olympique Lyonnais,Paris Saint-Germain ",France
Eq-1,club shop,JEU DE 2 FOURREAUX ET COUVERCLES POUR BUTS DE...,9481.0,contact@club-shop.fr,04 92 61 33 91,www.club-shop.fr,"Olympique Lyonnais,Paris Saint-Germain ",France
Eq-1,club shop,"ANCRAGE ""QUEUE DE COCHON"" POUR BUT DE FOOT...",22517.0,contact@club-shop.fr,04 92 61 33 91,www.club-shop.fr,"Olympique Lyonnais,Paris Saint-Germain ",France
Eq-1,club shop,JEU DE 4 MÂTS ARRIÈRES POUR BUTS 8 JOUEURS,27332.0,contact@club-shop.fr,04 92 61 33 91,www.club-shop.fr,"Olympique Lyonnais,Paris Saint-Germain ",France
Eq-1,club shop,JEU DE 2 SABOTS POUR TRANSPORTS BUT DE FOOT,28982.0,contact@club-shop.fr,04 92 61 33 91,www.club-shop.fr,"Olympique Lyonnais,Paris Saint-Germain ",France
Eq-1,club shop,JEU DE 4 MÂTS ARRIÈRES POUR BUTS 11 JOUEURS,30523.0,contact@club-shop.fr,04 92 61 33 91,www.club-shop.fr,"Olympique Lyonnais,Paris Saint-Germain ",France
Eq-1,club shop,JEU DE 4 OREILLES SUPPORT FILET POUR BUT DE FOOT,35812.0,contact@club-shop.fr,04 92 61 33 91,www.club-shop.fr,"Olympique Lyonnais,Paris Saint-Germain ",France
Eq-1,club shop,SYSTÉME DE RELEVAGE DE FILETS POUR BUTS DE FOOT...,42016.0,contact@club-shop.fr,04 92 61 33 91,www.club-shop.fr,"Olympique Lyonnais,Paris Saint-Germain ",France
Eq-1,club shop,JEU DE 2 MÂTS ARRIÈRES POUR BUTS 11 JOUEURS...,42204.0,contact@club-shop.fr,04 92 61 33 91,www.club-shop.fr,"Olympique Lyonnais,Paris Saint-Germain ",France
Eq-1,club shop,JEU DE 6 MÂTS ARRIÈRES POUR BUTS DE FOOT 11...,46022.0,contact@club-shop.fr,04 92 61 33 91,www.club-shop.fr,"Olympique Lyonnais,Paris Saint-Germain ",France
Eq-1,club shop,SYSTÉME DE RELEVAGE DE FILETS POUR BUTS DE FOOT...,52475.0,contact@club-shop.fr,04 92 61 33 91,www.club-shop.fr,"Olympique Lyonnais,Paris Saint-Germain ",France
Eq-1,club shop,FILETS FOOT À 5 - MAILLE SANS NOEUDS 120 MM -...,6308.0,contact@club-shop.fr,04 92 61 33 91,www.club-shop.fr,"Olympique Lyonnais,Paris Saint-Germain ",France
Eq-1,club shop,FILETS FOOT À 5 - MAILLE SANS NOEUDS 120 MM -...,9378.0,contact@club-shop.fr,04 92 61 33 91,www.club-shop.fr,"Olympique Lyonnais,Paris Saint-Germain ",France
Eq-1,club shop,FILETS FOOT À 5 - MAILLE SANS NOEUDS 120 MM -...,9378.0,contact@club-shop.fr,04 92 61 33 91,www.club-shop.fr,"Olympique Lyonnais,Paris Saint-Germain ",France
Eq-1,club shop,FILETS FOOT À 7 - MAILLE SIMPLE 145 MM - LA PAIRE,4433.0,contact@club-shop.fr,04 92 61 33 91,www.club-shop.fr,"Olympique Lyonnais,Paris Saint-Germain ",France
Eq-1,club shop,FILETS FOOT À 7 - MAILLE DOUBLES 145 MM - LA PAIRE,7843.0,contact@club-shop.fr,04 92 61 33 91,www.club-shop.fr,"Olympique Lyonnais,Paris Saint-Germain ",France
Eq-1,club shop,FILETS FOOT À 7 - BUTS RABATTABLES - DÉPORT...,9889.0,contact@club-shop.fr,04 92 61 33 91,www.club-shop.fr,"Olympique Lyonnais,Paris Saint-Germain ",France
Eq-1,club shop,FILETS FOOT À 7 - BUTS TRANSPORTABLES - LA PAIRE,9889.0,contact@club-shop.fr,04 92 61 33 91,www.club-shop.fr,"Olympique Lyonnais,Paris Saint-Germain ",France
Eq-1,club shop,FILETS FOOT À 7 - MAILLE SANS NOEUDS 120 MM -...,10732.0,contact@club-shop.fr,04 92 61 33 91,www.club-shop.fr,"Olympique Lyonnais,Paris Saint-Germain ",France
Eq-1,club shop,FILETS FOOT À 7 - BUTS RABATTABLES - DÉPORT...,11424.0,contact@club-shop.fr,04 92 61 33 91,www.club-shop.fr,"Olympique Lyonnais,Paris Saint-Germain ",France
Eq-1,club shop,FILETS FOOT À 7 - MAILLE NIDS D'ABEILLES -...,14494.0,contact@club-shop.fr,04 92 61 33 91,www.club-shop.fr,"Olympique Lyonnais,Paris Saint-Germain ",France
Eq-1,club shop,FILETS FOOT À 11 - MAILLE SIMPLE 145 MM -...,499.0,contact@club-shop.fr,04 92 61 33 91,www.club-shop.fr,"Olympique Lyonnais,Paris Saint-Germain ",France
Eq-1,club shop,FILETS FOOT À 11 - MAILLE SIMPLE 145 MM -...,999.0,contact@club-shop.fr,04 92 61 33 91,www.club-shop.fr,"Olympique Lyonnais,Paris Saint-Germain ",France
Eq-1,club shop,FILETS FOOT À 11 - MAILLE SIMPLE 120 MM -...,1019.0,contact@club-shop.fr,04 92 61 33 91,www.club-shop.fr,"Olympique Lyonnais,Paris Saint-Germain ",France
Eq-1,club shop,FILETS FOOT À 11 - MAILLE SANS NOEUDS 120 MM -...,1129.0,contact@club-shop.fr,04 92 61 33 91,www.club-shop.fr,"Olympique Lyonnais,Paris Saint-Germain ",France
Eq-1,club shop,FILETS FOOT À 11 - MAILLE SANS NOEUDS 120 MM -...,1269.0,contact@club-shop.fr,04 92 61 33 91,www.club-shop.fr,"Olympique Lyonnais,Paris Saint-Germain ",France
Eq-1,club shop,FILETS FOOT À 11 - MAILLE DOUBLE 145 MM -...,1269.0,contact@club-shop.fr,04 92 61 33 91,www.club-shop.fr,"Olympique Lyonnais,Paris Saint-Germain ",France
Eq-1,club shop,FILETS FOOT À 11 - MAILLE SIMPLE 120 MM -...,1449.0,contact@club-shop.fr,04 92 61 33 91,www.club-shop.fr,"Olympique Lyonnais,Paris Saint-Germain ",France
Eq-1,club shop,FILETS FOOT À 11 - MAILLE SIMPLE 120 MM - BUTS...,14494.0,contact@club-shop.fr,04 92 61 33 91,www.club-shop.fr,"Olympique Lyonnais,Paris Saint-Germain ",France
Eq-1,club shop,FILETS FOOT À 11 - MAILLE 120 MM - BICOLORE -...,1499.0,contact@club-shop.fr,04 92 61 33 91,www.club-shop.fr,"Olympique Lyonnais,Paris Saint-Germain ",France
Eq-1,club shop,FILETS FOOT À 11 - MAILLE SIMPLE 120 MM -...,1699.0,contact@club-shop.fr,04 92 61 33 91,www.club-shop.fr,"Olympique Lyonnais,Paris Saint-Germain ",France
Eq-1,club shop,FILETS FOOT À 11 - MAILLE SANS NOEUDS 120 MM -...,179.0,contact@club-shop.fr,04 92 61 33 91,www.club-shop.fr,"Olympique Lyonnais,Paris Saint-Germain ",France
Eq-1,club shop,FILETS FOOT À 11 - MAILLE NIDS D'ABEILLES -...,1799.0,contact@club-shop.fr,04 92 61 33 91,www.club-shop.fr,"Olympique Lyonnais,Paris Saint-Germain ",France
Eq-1,club shop,FILETS FOOT À 11 INTÉGRÉS DANS LE PROFILÉ -...,1899.0,contact@club-shop.fr,04 92 61 33 91,www.club-shop.fr,"Olympique Lyonnais,Paris Saint-Germain ",France
Eq-1,club shop,FILETS FOOT À 11 - MAILLE 120 MM - BICOLORE -...,1999.0,contact@club-shop.fr,04 92 61 33 91,www.club-shop.fr,"Olympique Lyonnais,Paris Saint-Germain ",France
Eq-1,club shop,FILETS FOOT À 11 - MAILLE SIMPLE 120 MM -...,2039.0,contact@club-shop.fr,04 92 61 33 91,www.club-shop.fr,"Olympique Lyonnais,Paris Saint-Germain ",France
Eq-1,club shop,FILETS FOOT À 11 - MAILLE NIDS D'ABEILLES -...,2129.0,contact@club-shop.fr,04 92 61 33 91,www.club-shop.fr,"Olympique Lyonnais,Paris Saint-Germain ",France
Eq-1,club shop,LOT DE 4 PIQUETS POUR FILET FOOT,52.0,contact@club-shop.fr,04 92 61 33 91,www.club-shop.fr,"Olympique Lyonnais,Paris Saint-Germain ",France
Eq-1,club shop,LOT DE 10 CROCHETS À VIS POUR BUTS FOOTBALL,176.0,contact@club-shop.fr,04 92 61 33 91,www.club-shop.fr,"Olympique Lyonnais,Paris Saint-Germain ",France
Eq-1,club shop,LOT DE 4 TENDEURS POUR FILETS FOOTBALL,179.0,contact@club-shop.fr,04 92 61 33 91,www.club-shop.fr,"Olympique Lyonnais,Paris Saint-Germain ",France
Eq-1,club shop,TENDEUR ÉLASTIQUE 50 M,339.0,contact@club-shop.fr,04 92 61 33 91,www.club-shop.fr,"Olympique Lyonnais,Paris Saint-Germain ",France
Eq-1,club shop,SACHET DE 56 CROCHETS ATTACHE FILET POUR BUT DE...,749.0,contact@club-shop.fr,04 92 61 33 91,www.club-shop.fr,"Olympique Lyonnais,Paris Saint-Germain ",France
Eq-1,club shop,SACHET DE 56 CROCHETS ATTACHE FILET POUR BUT DE...,749.0,contact@club-shop.fr,04 92 61 33 91,www.club-shop.fr,"Olympique Lyonnais,Paris Saint-Germain ",France
Eq-1,club shop,SACHET DE 56 CROCHETS ATTACHE FILET POUR BUT DE...,749.0,contact@club-shop.fr,04 92 61 33 91,www.club-shop.fr,"Olympique Lyonnais,Paris Saint-Germain ",France
Eq-1,club shop,SACHET DE 56 CROCHETS ATTACHE FILET POUR BUT DE...,749.0,contact@club-shop.fr,04 92 61 33 91,www.club-shop.fr,"Olympique Lyonnais,Paris Saint-Germain ",France
Eq-1,club shop,SACHET DE 56 CROCHETS ATTACHE FILET POUR BUT DE...,749.0,contact@club-shop.fr,04 92 61 33 91,www.club-shop.fr,"Olympique Lyonnais,Paris Saint-Germain ",France
Eq-1,club shop,ASSISE COQUE EN PLASTIQUE POUR ABRI DE TOUCHE,5351.0,contact@club-shop.fr,04 92 61 33 91,www.club-shop.fr,"Olympique Lyonnais,Paris Saint-Germain ",France
Eq-1,club shop,ABRI DE TOUCHE PROTECTIONS ARRIÈRE ALVÉOLÉE ET...,1746.16881918819,contact@club-shop.fr,04 92 61 33 91,www.club-shop.fr,"Olympique Lyonnais,Paris Saint-Germain ",France
Eq-1,club shop,ABRI DE TOUCHE PROTECTIONS ARRIÈRE ALU ET...,1746.16881918819,contact@club-shop.fr,04 92 61 33 91,www.club-shop.fr,"Olympique Lyonnais,Paris Saint-Germain ",France
Eq-1,club shop,ABRI DE TOUCHE PROTECTIONS ARRIÈRE ALVÉOLÉE ET...,1746.16881918819,contact@club-shop.fr,04 92 61 33 91,www.club-shop.fr,"Olympique Lyonnais,Paris Saint-Germain ",France
Eq-1,club shop,ABRI DE TOUCHE AVEC PROTECTIONS TOUT ALU -...,1746.16881918819,contact@club-shop.fr,04 92 61 33 91,www.club-shop.fr,"Olympique Lyonnais,Paris Saint-Germain ",France
Eq-1,club shop,ABRI DE TOUCHE PROTECTIONS ARRIÈRE ALU ET...,1746.16881918819,contact@club-shop.fr,04 92 61 33 91,www.club-shop.fr,"Olympique Lyonnais,Paris Saint-Germain ",France
Eq-1,club shop,ABRI DE TOUCHE AVEC PROTECTIONS TOUT ALU -...,1746.16881918819,contact@club-shop.fr,04 92 61 33 91,www.club-shop.fr,"Olympique Lyonnais,Paris Saint-Germain ",France
Eq-1,club shop,CLIP DE BLOCAGE,2.0,contact@club-shop.fr,04 92 61 33 91,www.club-shop.fr,"Olympique Lyonnais,Paris Saint-Germain ",France
Eq-1,club shop,FANION POUR POTEAUX DE CORNER,39.0,contact@club-shop.fr,04 92 61 33 91,www.club-shop.fr,"Olympique Lyonnais,Paris Saint-Germain ",France
Eq-1,club shop,FANION POUR POTEAUX DE CORNER,49.0,contact@club-shop.fr,04 92 61 33 91,www.club-shop.fr,"Olympique Lyonnais,Paris Saint-Germain ",France
Eq-1,club shop,DRAPEAU POUR POTEAUX DE CORNER,38.0,contact@club-shop.fr,04 92 61 33 91,www.club-shop.fr,"Olympique Lyonnais,Paris Saint-Germain ",France
Eq-1,club shop,LOT DE CLIPS POUR POTEAUX DE CORNER,89.0,contact@club-shop.fr,04 92 61 33 91,www.club-shop.fr,"Olympique Lyonnais,Paris Saint-Germain ",France
Eq-1,club shop,POTEAU DE CORNER,129.0,contact@club-shop.fr,04 92 61 33 91,www.club-shop.fr,"Olympique Lyonnais,Paris Saint-Germain ",France
Eq-1,club shop,EMBASE PVC,199.0,contact@club-shop.fr,04 92 61 33 91,www.club-shop.fr,"Olympique Lyonnais,Paris Saint-Germain ",France
Eq-1,club shop,MANCHON ARTICULÉ,205.0,contact@club-shop.fr,04 92 61 33 91,www.club-shop.fr,"Olympique Lyonnais,Paris Saint-Germain ",France
Eq-1,club shop,POTEAU DE CORNER MONOTUBE,147.0,contact@club-shop.fr,04 92 61 33 91,www.club-shop.fr,"Olympique Lyonnais,Paris Saint-Germain ",France
Eq-1,club shop,EMBASE POUR POTEAU DE CORNER ARTICULÉ,21.0,contact@club-shop.fr,04 92 61 33 91,www.club-shop.fr,"Olympique Lyonnais,Paris Saint-Germain ",France
Eq-1,club shop,POTEAU DE CORNER ARTICULÉ,226.0,contact@club-shop.fr,04 92 61 33 91,www.club-shop.fr,"Olympique Lyonnais,Paris Saint-Germain ",France
Eq-1,club shop,ROTULE POUR POTEAU DE CORNER ARTICULÉ,257.0,contact@club-shop.fr,04 92 61 33 91,www.club-shop.fr,"Olympique Lyonnais,Paris Saint-Germain ",France
Eq-1,club shop,LOT D'EMBASES POUR POTEAU DE CORNER ARTICULÉ,292.0,contact@club-shop.fr,04 92 61 33 91,www.club-shop.fr,"Olympique Lyonnais,Paris Saint-Germain ",France
Eq-1,club shop,LOT DE 4 POTEAUX DE CORNER MONOTUBE,499.0,contact@club-shop.fr,04 92 61 33 91,www.club-shop.fr,"Olympique Lyonnais,Paris Saint-Germain ",France
Eq-1,club shop,LOT DE 4 POTEAUX DE CORNER ARTICULÉS,869.0,contact@club-shop.fr,04 92 61 33 91,www.club-shop.fr,"Olympique Lyonnais,Paris Saint-Germain ",France
Eq-1,club shop,LOT DE 4 POTEAUX DE CORNER ARTICULÉS,1349.0,contact@club-shop.fr,04 92 61 33 91,www.club-shop.fr,"Olympique Lyonnais,Paris Saint-Germain ",France
Eq-2,click for foot,Cône réfléchissant à bandes...,45.0,contact@clickforfoot.com,+33 (0)4 77 43 21 90,www.clickforfoot.com,"Olympique de Marseille,Girondins de Bordeaux,Stade de Reims,Toulouse FC,EA Guingamp","France, United Kingdom, Spain, Italy, South Africa, Ivory Coast"
Eq-2,click for foot,Lot de 50 coupelles 100%...,30.0,contact@clickforfoot.com,+33 (0)4 77 43 21 90,www.clickforfoot.com,"Olympique de Marseille,Girondins de Bordeaux,Stade de Reims,Toulouse FC,EA Guingamp","France, United Kingdom, Spain, Italy, South Africa, Ivory Coast"
Eq-2,click for foot,Lot de 12 cerceaux plats -...,256.0,contact@clickforfoot.com,+33 (0)4 77 43 21 90,www.clickforfoot.com,"Olympique de Marseille,Girondins de Bordeaux,Stade de Reims,Toulouse FC,EA Guingamp","France, United Kingdom, Spain, Italy, South Africa, Ivory Coast"
Eq-2,click for foot,Kit bande de délimitation...,9265.0,contact@clickforfoot.com,+33 (0)4 77 43 21 90,www.clickforfoot.com,"Olympique de Marseille,Girondins de Bordeaux,Stade de Reims,Toulouse FC,EA Guingamp","France, United Kingdom, Spain, Italy, South Africa, Ivory Coast"
Eq-2,click for foot,Jalon 80 cm - Jaune,25.0,contact@clickforfoot.com,+33 (0)4 77 43 21 90,www.clickforfoot.com,"Olympique de Marseille,Girondins de Bordeaux,Stade de Reims,Toulouse FC,EA Guingamp","France, United Kingdom, Spain, Italy, South Africa, Ivory Coast"
Eq-2,click for foot,Socle dur et léger lestable...,75.0,contact@clickforfoot.com,+33 (0)4 77 43 21 90,www.clickforfoot.com,"Olympique de Marseille,Girondins de Bordeaux,Stade de Reims,Toulouse FC,EA Guingamp","France, United Kingdom, Spain, Italy, South Africa, Ivory Coast"
Eq-2,click for foot,Pack de 16 piquets avec sac...,1467.0,contact@clickforfoot.com,+33 (0)4 77 43 21 90,www.clickforfoot.com,"Olympique de Marseille,Girondins de Bordeaux,Stade de Reims,Toulouse FC,EA Guingamp","France, United Kingdom, Spain, Italy, South Africa, Ivory Coast"
Eq-2,click for foot,Chasuble 100% recyclée -...,39.0,contact@clickforfoot.com,+33 (0)4 77 43 21 90,www.clickforfoot.com,"Olympique de Marseille,Girondins de Bordeaux,Stade de Reims,Toulouse FC,EA Guingamp","France, United Kingdom, Spain, Italy, South Africa, Ivory Coast"
Eq-2,click for foot,Haie de vélocité souple -...,48.0,contact@clickforfoot.com,+33 (0)4 77 43 21 90,www.clickforfoot.com,"Olympique de Marseille,Girondins de Bordeaux,Stade de Reims,Toulouse FC,EA Guingamp","France, United Kingdom, Spain, Italy, South Africa, Ivory Coast"
Eq-2,click for foot,Echelle de rythme - Jaune -...,10.0,contact@clickforfoot.com,+33 (0)4 77 43 21 90,www.clickforfoot.com,"Olympique de Marseille,Girondins de Bordeaux,Stade de Reims,Toulouse FC,EA Guingamp","France, United Kingdom, Spain, Italy, South Africa, Ivory Coast"
Eq-2,click for foot,Planche à rebond -...,539.0,contact@clickforfoot.com,+33 (0)4 77 43 21 90,www.clickforfoot.com,"Olympique de Marseille,Girondins de Bordeaux,Stade de Reims,Toulouse FC,EA Guingamp","France, United Kingdom, Spain, Italy, South Africa, Ivory Coast"
Eq-2,click for foot,Kit Futnet officiel - 6 m,269.0,contact@clickforfoot.com,+33 (0)4 77 43 21 90,www.clickforfoot.com,"Olympique de Marseille,Girondins de Bordeaux,Stade de Reims,Toulouse FC,EA Guingamp","France, United Kingdom, Spain, Italy, South Africa, Ivory Coast"
Eq-2,click for foot,Potence mobile,18896.0,contact@clickforfoot.com,+33 (0)4 77 43 21 90,www.clickforfoot.com,"Olympique de Marseille,Girondins de Bordeaux,Stade de Reims,Toulouse FC,EA Guingamp","France, United Kingdom, Spain, Italy, South Africa, Ivory Coast"
Eq-2,click for foot,Mini-but - 120 x 80 cm -...,85.0,contact@clickforfoot.com,+33 (0)4 77 43 21 90,www.clickforfoot.com,"Olympique de Marseille,Girondins de Bordeaux,Stade de Reims,Toulouse FC,EA Guingamp","France, United Kingdom, Spain, Italy, South Africa, Ivory Coast"
Eq-2,click for foot,Cible de foot - 25 cm,2499.0,contact@clickforfoot.com,+33 (0)4 77 43 21 90,www.clickforfoot.com,"Olympique de Marseille,Girondins de Bordeaux,Stade de Reims,Toulouse FC,EA Guingamp","France, United Kingdom, Spain, Italy, South Africa, Ivory Coast"
Eq-2,click for foot,Mannequin coup-franc - 180...,849.0,contact@clickforfoot.com,+33 (0)4 77 43 21 90,www.clickforfoot.com,"Olympique de Marseille,Girondins de Bordeaux,Stade de Reims,Toulouse FC,EA Guingamp","France, United Kingdom, Spain, Italy, South Africa, Ivory Coast"
Eq-2,click for foot,Mannequin Forza - Géant...,17999.0,contact@clickforfoot.com,+33 (0)4 77 43 21 90,www.clickforfoot.com,"Olympique de Marseille,Girondins de Bordeaux,Stade de Reims,Toulouse FC,EA Guingamp","France, United Kingdom, Spain, Italy, South Africa, Ivory Coast"
Eq-2,click for foot,Lot de 3 cibles - Goalhole...,430.0,contact@clickforfoot.com,+33 (0)4 77 43 21 90,www.clickforfoot.com,"Olympique de Marseille,Girondins de Bordeaux,Stade de Reims,Toulouse FC,EA Guingamp","France, United Kingdom, Spain, Italy, South Africa, Ivory Coast"
Eq-2,click for foot,Plaquette tactique Futsal,10.0,contact@clickforfoot.com,+33 (0)4 77 43 21 90,www.clickforfoot.com,"Olympique de Marseille,Girondins de Bordeaux,Stade de Reims,Toulouse FC,EA Guingamp","France, United Kingdom, Spain, Italy, South Africa, Ivory Coast"
Eq-2,click for foot,"Ballon sensori-moteur, slow...",329.0,contact@clickforfoot.com,+33 (0)4 77 43 21 90,www.clickforfoot.com,"Olympique de Marseille,Girondins de Bordeaux,Stade de Reims,Toulouse FC,EA Guingamp","France, United Kingdom, Spain, Italy, South Africa, Ivory Coast"
Eq-2,click for foot,Kit délimitation beach soccer,2075.0,contact@clickforfoot.com,+33 (0)4 77 43 21 90,www.clickforfoot.com,"Olympique de Marseille,Girondins de Bordeaux,Stade de Reims,Toulouse FC,EA Guingamp","France, United Kingdom, Spain, Italy, South Africa, Ivory Coast"
Eq-2,click for foot,Pack goalkeeper rebond,10447.0,contact@clickforfoot.com,+33 (0)4 77 43 21 90,www.clickforfoot.com,"Olympique de Marseille,Girondins de Bordeaux,Stade de Reims,Toulouse FC,EA Guingamp","France, United Kingdom, Spain, Italy, South Africa, Ivory Coast"
Eq-2,click for foot,"Globus, lanceur de ballon -...",5100.0,contact@clickforfoot.com,+33 (0)4 77 43 21 90,www.clickforfoot.com,"Olympique de Marseille,Girondins de Bordeaux,Stade de Reims,Toulouse FC,EA Guingamp","France, United Kingdom, Spain, Italy, South Africa, Ivory Coast"
Eq-2,click for foot,Pack performance technique,22015.0,contact@clickforfoot.com,+33 (0)4 77 43 21 90,www.clickforfoot.com,"Olympique de Marseille,Girondins de Bordeaux,Stade de Reims,Toulouse FC,EA Guingamp","France, United Kingdom, Spain, Italy, South Africa, Ivory Coast"
Eq-2,click for foot,Cône PVC - 30 cm - Multijeux,4.0,contact@clickforfoot.com,+33 (0)4 77 43 21 90,www.clickforfoot.com,"Olympique de Marseille,Girondins de Bordeaux,Stade de Reims,Toulouse FC,EA Guingamp","France, United Kingdom, Spain, Italy, South Africa, Ivory Coast"
Eq-2,click for foot,Lot de 20 coupelles de...,9.0,contact@clickforfoot.com,+33 (0)4 77 43 21 90,www.clickforfoot.com,"Olympique de Marseille,Girondins de Bordeaux,Stade de Reims,Toulouse FC,EA Guingamp","France, United Kingdom, Spain, Italy, South Africa, Ivory Coast"
Eq-2,click for foot,Lot de 12 cerceaux plats -...,256.0,contact@clickforfoot.com,+33 (0)4 77 43 21 90,www.clickforfoot.com,"Olympique de Marseille,Girondins de Bordeaux,Stade de Reims,Toulouse FC,EA Guingamp","France, United Kingdom, Spain, Italy, South Africa, Ivory Coast"
Eq-2,click for foot,Kit bande de délimitation...,9265.0,contact@clickforfoot.com,+33 (0)4 77 43 21 90,www.clickforfoot.com,"Olympique de Marseille,Girondins de Bordeaux,Stade de Reims,Toulouse FC,EA Guingamp","France, United Kingdom, Spain, Italy, South Africa, Ivory Coast"
Eq-2,click for foot,Jalon 80 cm - Orange,25.0,contact@clickforfoot.com,+33 (0)4 77 43 21 90,www.clickforfoot.com,"Olympique de Marseille,Girondins de Bordeaux,Stade de Reims,Toulouse FC,EA Guingamp","France, United Kingdom, Spain, Italy, South Africa, Ivory Coast"
Eq-2,click for foot,Socle multi-activités lestable,10.0,contact@clickforfoot.com,+33 (0)4 77 43 21 90,www.clickforfoot.com,"Olympique de Marseille,Girondins de Bordeaux,Stade de Reims,Toulouse FC,EA Guingamp","France, United Kingdom, Spain, Italy, South Africa, Ivory Coast"
Eq-2,click for foot,Piquet pro. rouge 170 cm -...,8.0,contact@clickforfoot.com,+33 (0)4 77 43 21 90,www.clickforfoot.com,"Olympique de Marseille,Girondins de Bordeaux,Stade de Reims,Toulouse FC,EA Guingamp","France, United Kingdom, Spain, Italy, South Africa, Ivory Coast"
Eq-2,click for foot,Chasuble 100% recyclée -...,39.0,contact@clickforfoot.com,+33 (0)4 77 43 21 90,www.clickforfoot.com,"Olympique de Marseille,Girondins de Bordeaux,Stade de Reims,Toulouse FC,EA Guingamp","France, United Kingdom, Spain, Italy, South Africa, Ivory Coast"
Eq-2,click for foot,Haie de vélocité souple -...,5.0,contact@clickforfoot.com,+33 (0)4 77 43 21 90,www.clickforfoot.com,"Olympique de Marseille,Girondins de Bordeaux,Stade de Reims,Toulouse FC,EA Guingamp","France, United Kingdom, Spain, Italy, South Africa, Ivory Coast"
Eq-2,click for foot,Echelle de rythme - Rouge -...,19.0,contact@clickforfoot.com,+33 (0)4 77 43 21 90,www.clickforfoot.com,"Olympique de Marseille,Girondins de Bordeaux,Stade de Reims,Toulouse FC,EA Guingamp","France, United Kingdom, Spain, Italy, South Africa, Ivory Coast"
Eq-2,click for foot,Planche à rebond -...,539.0,contact@clickforfoot.com,+33 (0)4 77 43 21 90,www.clickforfoot.com,"Olympique de Marseille,Girondins de Bordeaux,Stade de Reims,Toulouse FC,EA Guingamp","France, United Kingdom, Spain, Italy, South Africa, Ivory Coast"
Eq-2,click for foot,Filet tennis-ballon - 4 m,1139.0,contact@clickforfoot.com,+33 (0)4 77 43 21 90,www.clickforfoot.com,"Olympique de Marseille,Girondins de Bordeaux,Stade de Reims,Toulouse FC,EA Guingamp","France, United Kingdom, Spain, Italy, South Africa, Ivory Coast"
Eq-2,click for foot,Filet rebond : Tchouk ball...,999.0,contact@clickforfoot.com,+33 (0)4 77 43 21 90,www.clickforfoot.com,"Olympique de Marseille,Girondins de Bordeaux,Stade de Reims,Toulouse FC,EA Guingamp","France, United Kingdom, Spain, Italy, South Africa, Ivory Coast"
Eq-2,click for foot,Ballon pour potence - T4,2755.0,contact@clickforfoot.com,+33 (0)4 77 43 21 90,www.clickforfoot.com,"Olympique de Marseille,Girondins de Bordeaux,Stade de Reims,Toulouse FC,EA Guingamp","France, United Kingdom, Spain, Italy, South Africa, Ivory Coast"
Eq-2,click for foot,Mini-but métal - 160 x 95...,171.0,contact@clickforfoot.com,+33 (0)4 77 43 21 90,www.clickforfoot.com,"Olympique de Marseille,Girondins de Bordeaux,Stade de Reims,Toulouse FC,EA Guingamp","France, United Kingdom, Spain, Italy, South Africa, Ivory Coast"
Eq-2,click for foot,Cible de foot - 40 cm,2999.0,contact@clickforfoot.com,+33 (0)4 77 43 21 90,www.clickforfoot.com,"Olympique de Marseille,Girondins de Bordeaux,Stade de Reims,Toulouse FC,EA Guingamp","France, United Kingdom, Spain, Italy, South Africa, Ivory Coast"
Eq-2,click for foot,Mannequin & Base - Jaune,1319.0,contact@clickforfoot.com,+33 (0)4 77 43 21 90,www.clickforfoot.com,"Olympique de Marseille,Girondins de Bordeaux,Stade de Reims,Toulouse FC,EA Guingamp","France, United Kingdom, Spain, Italy, South Africa, Ivory Coast"
Eq-2,click for foot,Mannequin mousse...,409.0,contact@clickforfoot.com,+33 (0)4 77 43 21 90,www.clickforfoot.com,"Olympique de Marseille,Girondins de Bordeaux,Stade de Reims,Toulouse FC,EA Guingamp","France, United Kingdom, Spain, Italy, South Africa, Ivory Coast"
Eq-2,click for foot,Mannequin gonflable - 185 cm,105.0,contact@clickforfoot.com,+33 (0)4 77 43 21 90,www.clickforfoot.com,"Olympique de Marseille,Girondins de Bordeaux,Stade de Reims,Toulouse FC,EA Guingamp","France, United Kingdom, Spain, Italy, South Africa, Ivory Coast"
Eq-2,click for foot,Base de mannequin 12 kg,4671.0,contact@clickforfoot.com,+33 (0)4 77 43 21 90,www.clickforfoot.com,"Olympique de Marseille,Girondins de Bordeaux,Stade de Reims,Toulouse FC,EA Guingamp","France, United Kingdom, Spain, Italy, South Africa, Ivory Coast"
Eq-2,click for foot,Lot de 6 cibles - Goalhole...,820.0,contact@clickforfoot.com,+33 (0)4 77 43 21 90,www.clickforfoot.com,"Olympique de Marseille,Girondins de Bordeaux,Stade de Reims,Toulouse FC,EA Guingamp","France, United Kingdom, Spain, Italy, South Africa, Ivory Coast"
Eq-2,click for foot,Taktifol - Rouleau terrain...,299.0,contact@clickforfoot.com,+33 (0)4 77 43 21 90,www.clickforfoot.com,"Olympique de Marseille,Girondins de Bordeaux,Stade de Reims,Toulouse FC,EA Guingamp","France, United Kingdom, Spain, Italy, South Africa, Ivory Coast"
Eq-2,click for foot,Ballon football adapté sonore,529.0,contact@clickforfoot.com,+33 (0)4 77 43 21 90,www.clickforfoot.com,"Olympique de Marseille,Girondins de Bordeaux,Stade de Reims,Toulouse FC,EA Guingamp","France, United Kingdom, Spain, Italy, South Africa, Ivory Coast"
Eq-2,click for foot,Poteaux de corner Beach soccer,1425.0,contact@clickforfoot.com,+33 (0)4 77 43 21 90,www.clickforfoot.com,"Olympique de Marseille,Girondins de Bordeaux,Stade de Reims,Toulouse FC,EA Guingamp","France, United Kingdom, Spain, Italy, South Africa, Ivory Coast"
Eq-2,click for foot,Pack goalkeeper déviation,1917.0,contact@clickforfoot.com,+33 (0)4 77 43 21 90,www.clickforfoot.com,"Olympique de Marseille,Girondins de Bordeaux,Stade de Reims,Toulouse FC,EA Guingamp","France, United Kingdom, Spain, Italy, South Africa, Ivory Coast"
Eq-2,click for foot,"Globus, lanceur de ballon -...",7100.0,contact@clickforfoot.com,+33 (0)4 77 43 21 90,www.clickforfoot.com,"Olympique de Marseille,Girondins de Bordeaux,Stade de Reims,Toulouse FC,EA Guingamp","France, United Kingdom, Spain, Italy, South Africa, Ivory Coast"
Eq-2,click for foot,Bouclier de Rugby -...,125.0,contact@clickforfoot.com,+33 (0)4 77 43 21 90,www.clickforfoot.com,"Olympique de Marseille,Girondins de Bordeaux,Stade de Reims,Toulouse FC,EA Guingamp","France, United Kingdom, Spain, Italy, South Africa, Ivory Coast"
Eq-2,click for foot,Cône souple - 18 cm,4.0,contact@clickforfoot.com,+33 (0)4 77 43 21 90,www.clickforfoot.com,"Olympique de Marseille,Girondins de Bordeaux,Stade de Reims,Toulouse FC,EA Guingamp","France, United Kingdom, Spain, Italy, South Africa, Ivory Coast"
Eq-2,click for foot,Lot de 40 coupelles de...,1615.0,contact@clickforfoot.com,+33 (0)4 77 43 21 90,www.clickforfoot.com,"Olympique de Marseille,Girondins de Bordeaux,Stade de Reims,Toulouse FC,EA Guingamp","France, United Kingdom, Spain, Italy, South Africa, Ivory Coast"
Eq-2,click for foot,Lot de 12 cerceaux plats -...,256.0,contact@clickforfoot.com,+33 (0)4 77 43 21 90,www.clickforfoot.com,"Olympique de Marseille,Girondins de Bordeaux,Stade de Reims,Toulouse FC,EA Guingamp","France, United Kingdom, Spain, Italy, South Africa, Ivory Coast"
Eq-2,click for foot,Kit bande de délimitation...,9265.0,contact@clickforfoot.com,+33 (0)4 77 43 21 90,www.clickforfoot.com,"Olympique de Marseille,Girondins de Bordeaux,Stade de Reims,Toulouse FC,EA Guingamp","France, United Kingdom, Spain, Italy, South Africa, Ivory Coast"
Eq-2,click for foot,Jalon 80 cm - Bleu,25.0,contact@clickforfoot.com,+33 (0)4 77 43 21 90,www.clickforfoot.com,"Olympique de Marseille,Girondins de Bordeaux,Stade de Reims,Toulouse FC,EA Guingamp","France, United Kingdom, Spain, Italy, South Africa, Ivory Coast"
Eq-2,click for foot,Base de fixation rigide,59.0,contact@clickforfoot.com,+33 (0)4 77 43 21 90,www.clickforfoot.com,"Olympique de Marseille,Girondins de Bordeaux,Stade de Reims,Toulouse FC,EA Guingamp","France, United Kingdom, Spain, Italy, South Africa, Ivory Coast"
Eq-2,click for foot,Piquet pro. jaune fluo 170...,8.0,contact@clickforfoot.com,+33 (0)4 77 43 21 90,www.clickforfoot.com,"Olympique de Marseille,Girondins de Bordeaux,Stade de Reims,Toulouse FC,EA Guingamp","France, United Kingdom, Spain, Italy, South Africa, Ivory Coast"
Eq-2,click for foot,Chasuble 100% recyclée -...,39.0,contact@clickforfoot.com,+33 (0)4 77 43 21 90,www.clickforfoot.com,"Olympique de Marseille,Girondins de Bordeaux,Stade de Reims,Toulouse FC,EA Guingamp","France, United Kingdom, Spain, Italy, South Africa, Ivory Coast"
Eq-2,click for foot,Haie de vélocité souple -...,6.0,contact@clickforfoot.com,+33 (0)4 77 43 21 90,www.clickforfoot.com,"Olympique de Marseille,Girondins de Bordeaux,Stade de Reims,Toulouse FC,EA Guingamp","France, United Kingdom, Spain, Italy, South Africa, Ivory Coast"
Eq-2,click for foot,Echelle de rythme - Bleu - 4 m,19.0,contact@clickforfoot.com,+33 (0)4 77 43 21 90,www.clickforfoot.com,"Olympique de Marseille,Girondins de Bordeaux,Stade de Reims,Toulouse FC,EA Guingamp","France, United Kingdom, Spain, Italy, South Africa, Ivory Coast"
Eq-2,click for foot,Déflecteur de Ballon +...,149.0,contact@clickforfoot.com,+33 (0)4 77 43 21 90,www.clickforfoot.com,"Olympique de Marseille,Girondins de Bordeaux,Stade de Reims,Toulouse FC,EA Guingamp","France, United Kingdom, Spain, Italy, South Africa, Ivory Coast"
Eq-2,click for foot,Filet tennis-ballon - 6 m,1399.0,contact@clickforfoot.com,+33 (0)4 77 43 21 90,www.clickforfoot.com,"Olympique de Marseille,Girondins de Bordeaux,Stade de Reims,Toulouse FC,EA Guingamp","France, United Kingdom, Spain, Italy, South Africa, Ivory Coast"
Eq-2,click for foot,Tee de Rugby,45.0,contact@clickforfoot.com,+33 (0)4 77 43 21 90,www.clickforfoot.com,"Olympique de Marseille,Girondins de Bordeaux,Stade de Reims,Toulouse FC,EA Guingamp","France, United Kingdom, Spain, Italy, South Africa, Ivory Coast"
Eq-2,click for foot,Filet rebond : Tchouk ball...,1945.0,contact@clickforfoot.com,+33 (0)4 77 43 21 90,www.clickforfoot.com,"Olympique de Marseille,Girondins de Bordeaux,Stade de Reims,Toulouse FC,EA Guingamp","France, United Kingdom, Spain, Italy, South Africa, Ivory Coast"
Eq-2,click for foot,Ballon de potence - Jeu de...,21.0,contact@clickforfoot.com,+33 (0)4 77 43 21 90,www.clickforfoot.com,"Olympique de Marseille,Girondins de Bordeaux,Stade de Reims,Toulouse FC,EA Guingamp","France, United Kingdom, Spain, Italy, South Africa, Ivory Coast"
Eq-2,click for foot,Pack - Perfect shot,7999.0,contact@clickforfoot.com,+33 (0)4 77 43 21 90,www.clickforfoot.com,"Olympique de Marseille,Girondins de Bordeaux,Stade de Reims,Toulouse FC,EA Guingamp","France, United Kingdom, Spain, Italy, South Africa, Ivory Coast"
Eq-2,click for foot,Lot de 3 Mannequins - 180...,2547.0,contact@clickforfoot.com,+33 (0)4 77 43 21 90,www.clickforfoot.com,"Olympique de Marseille,Girondins de Bordeaux,Stade de Reims,Toulouse FC,EA Guingamp","France, United Kingdom, Spain, Italy, South Africa, Ivory Coast"
Eq-2,click for foot,Mannequin mousse...,409.0,contact@clickforfoot.com,+33 (0)4 77 43 21 90,www.clickforfoot.com,"Olympique de Marseille,Girondins de Bordeaux,Stade de Reims,Toulouse FC,EA Guingamp","France, United Kingdom, Spain, Italy, South Africa, Ivory Coast"
Eq-2,click for foot,Mannequin gonflable - 180...,8991.0,contact@clickforfoot.com,+33 (0)4 77 43 21 90,www.clickforfoot.com,"Olympique de Marseille,Girondins de Bordeaux,Stade de Reims,Toulouse FC,EA Guingamp","France, United Kingdom, Spain, Italy, South Africa, Ivory Coast"
Eq-2,click for foot,Lot de 9 cibles - Goalhole...,1230.0,contact@clickforfoot.com,+33 (0)4 77 43 21 90,www.clickforfoot.com,"Olympique de Marseille,Girondins de Bordeaux,Stade de Reims,Toulouse FC,EA Guingamp","France, United Kingdom, Spain, Italy, South Africa, Ivory Coast"
Eq-2,click for foot,Lunette de jeu,135.0,contact@clickforfoot.com,+33 (0)4 77 43 21 90,www.clickforfoot.com,"Olympique de Marseille,Girondins de Bordeaux,Stade de Reims,Toulouse FC,EA Guingamp","France, United Kingdom, Spain, Italy, South Africa, Ivory Coast"
Eq-2,click for foot,Ballon de foot fauteuil,55.0,contact@clickforfoot.com,+33 (0)4 77 43 21 90,www.clickforfoot.com,"Olympique de Marseille,Girondins de Bordeaux,Stade de Reims,Toulouse FC,EA Guingamp","France, United Kingdom, Spain, Italy, South Africa, Ivory Coast"
Eq-2,click for foot,Paire de filet beach soccer...,100.0,contact@clickforfoot.com,+33 (0)4 77 43 21 90,www.clickforfoot.com,"Olympique de Marseille,Girondins de Bordeaux,Stade de Reims,Toulouse FC,EA Guingamp","France, United Kingdom, Spain, Italy, South Africa, Ivory Coast"
Eq-2,click for foot,Pack goalkeeper réaction,21599.0,contact@clickforfoot.com,+33 (0)4 77 43 21 90,www.clickforfoot.com,"Olympique de Marseille,Girondins de Bordeaux,Stade de Reims,Toulouse FC,EA Guingamp","France, United Kingdom, Spain, Italy, South Africa, Ivory Coast"
Eq-2,click for foot,Pack équipement de match de...,7922.0,contact@clickforfoot.com,+33 (0)4 77 43 21 90,www.clickforfoot.com,"Olympique de Marseille,Girondins de Bordeaux,Stade de Reims,Toulouse FC,EA Guingamp","France, United Kingdom, Spain, Italy, South Africa, Ivory Coast"
Eq-2,click for foot,Cône extra souple - 16 cm,3.0,contact@clickforfoot.com,+33 (0)4 77 43 21 90,www.clickforfoot.com,"Olympique de Marseille,Girondins de Bordeaux,Stade de Reims,Toulouse FC,EA Guingamp","France, United Kingdom, Spain, Italy, South Africa, Ivory Coast"
Eq-2,click for foot,Lot de 60 coupelles de...,22.0,contact@clickforfoot.com,+33 (0)4 77 43 21 90,www.clickforfoot.com,"Olympique de Marseille,Girondins de Bordeaux,Stade de Reims,Toulouse FC,EA Guingamp","France, United Kingdom, Spain, Italy, South Africa, Ivory Coast"
Eq-2,click for foot,Lot de 12 cerceaux plats -...,256.0,contact@clickforfoot.com,+33 (0)4 77 43 21 90,www.clickforfoot.com,"Olympique de Marseille,Girondins de Bordeaux,Stade de Reims,Toulouse FC,EA Guingamp","France, United Kingdom, Spain, Italy, South Africa, Ivory Coast"
Eq-2,click for foot,Kit bande de délimitation...,119.0,contact@clickforfoot.com,+33 (0)4 77 43 21 90,www.clickforfoot.com,"Olympique de Marseille,Girondins de Bordeaux,Stade de Reims,Toulouse FC,EA Guingamp","France, United Kingdom, Spain, Italy, South Africa, Ivory Coast"
Eq-2,click for foot,Jalon 80 cm - Vert,25.0,contact@clickforfoot.com,+33 (0)4 77 43 21 90,www.clickforfoot.com,"Olympique de Marseille,Girondins de Bordeaux,Stade de Reims,Toulouse FC,EA Guingamp","France, United Kingdom, Spain, Italy, South Africa, Ivory Coast"
Eq-2,click for foot,"Base multi-position - 1,25kg",95.0,contact@clickforfoot.com,+33 (0)4 77 43 21 90,www.clickforfoot.com,"Olympique de Marseille,Girondins de Bordeaux,Stade de Reims,Toulouse FC,EA Guingamp","France, United Kingdom, Spain, Italy, South Africa, Ivory Coast"
Eq-2,click for foot,Piquet pro. bleu 170 cm -...,8.0,contact@clickforfoot.com,+33 (0)4 77 43 21 90,www.clickforfoot.com,"Olympique de Marseille,Girondins de Bordeaux,Stade de Reims,Toulouse FC,EA Guingamp","France, United Kingdom, Spain, Italy, South Africa, Ivory Coast"
Eq-2,click for foot,Chasuble 100% recyclée -...,39.0,contact@clickforfoot.com,+33 (0)4 77 43 21 90,www.clickforfoot.com,"Olympique de Marseille,Girondins de Bordeaux,Stade de Reims,Toulouse FC,EA Guingamp","France, United Kingdom, Spain, Italy, South Africa, Ivory Coast"
Eq-2,click for foot,Haie de 15 cm à 45 cm - Eco,48.0,contact@clickforfoot.com,+33 (0)4 77 43 21 90,www.clickforfoot.com,"Olympique de Marseille,Girondins de Bordeaux,Stade de Reims,Toulouse FC,EA Guingamp","France, United Kingdom, Spain, Italy, South Africa, Ivory Coast"
Eq-2,click for foot,Echelle de rythme combinée...,40.0,contact@clickforfoot.com,+33 (0)4 77 43 21 90,www.clickforfoot.com,"Olympique de Marseille,Girondins de Bordeaux,Stade de Reims,Toulouse FC,EA Guingamp","France, United Kingdom, Spain, Italy, South Africa, Ivory Coast"
Eq-2,click for foot,Déflecteur de Ballon à...,309.0,contact@clickforfoot.com,+33 (0)4 77 43 21 90,www.clickforfoot.com,"Olympique de Marseille,Girondins de Bordeaux,Stade de Reims,Toulouse FC,EA Guingamp","France, United Kingdom, Spain, Italy, South Africa, Ivory Coast"
Eq-2,click for foot,Filet tennis-ballon...,171.0,contact@clickforfoot.com,+33 (0)4 77 43 21 90,www.clickforfoot.com,"Olympique de Marseille,Girondins de Bordeaux,Stade de Reims,Toulouse FC,EA Guingamp","France, United Kingdom, Spain, Italy, South Africa, Ivory Coast"
Eq-2,click for foot,Filet rebond : Tchouk ball...,55.0,contact@clickforfoot.com,+33 (0)4 77 43 21 90,www.clickforfoot.com,"Olympique de Marseille,Girondins de Bordeaux,Stade de Reims,Toulouse FC,EA Guingamp","France, United Kingdom, Spain, Italy, South Africa, Ivory Coast"
Eq-2,click for foot,Mini-but Pro 1 à 4 m -...,679.0,contact@clickforfoot.com,+33 (0)4 77 43 21 90,www.clickforfoot.com,"Olympique de Marseille,Girondins de Bordeaux,Stade de Reims,Toulouse FC,EA Guingamp","France, United Kingdom, Spain, Italy, South Africa, Ivory Coast"
Eq-2,click for foot,Pack - Perfect shot pro,19994.0,contact@clickforfoot.com,+33 (0)4 77 43 21 90,www.clickforfoot.com,"Olympique de Marseille,Girondins de Bordeaux,Stade de Reims,Toulouse FC,EA Guingamp","France, United Kingdom, Spain, Italy, South Africa, Ivory Coast"
Eq-2,click for foot,Mannequin coup-franc - 180...,849.0,contact@clickforfoot.com,+33 (0)4 77 43 21 90,www.clickforfoot.com,"Olympique de Marseille,Girondins de Bordeaux,Stade de Reims,Toulouse FC,EA Guingamp","France, United Kingdom, Spain, Italy, South Africa, Ivory Coast"
Eq-2,click for foot,Mannequin mousse...,409.0,contact@clickforfoot.com,+33 (0)4 77 43 21 90,www.clickforfoot.com,"Olympique de Marseille,Girondins de Bordeaux,Stade de Reims,Toulouse FC,EA Guingamp","France, United Kingdom, Spain, Italy, South Africa, Ivory Coast"
Eq-2,click for foot,Mannequin gonflable - 205...,10341.0,contact@clickforfoot.com,+33 (0)4 77 43 21 90,www.clickforfoot.com,"Olympique de Marseille,Girondins de Bordeaux,Stade de Reims,Toulouse FC,EA Guingamp","France, United Kingdom, Spain, Italy, South Africa, Ivory Coast"
Eq-2,click for foot,Masque Opaque,79.0,contact@clickforfoot.com,+33 (0)4 77 43 21 90,www.clickforfoot.com,"Olympique de Marseille,Girondins de Bordeaux,Stade de Reims,Toulouse FC,EA Guingamp","France, United Kingdom, Spain, Italy, South Africa, Ivory Coast"
Eq-2,click for foot,Paire de but beach soccer,2690.0,contact@clickforfoot.com,+33 (0)4 77 43 21 90,www.clickforfoot.com,"Olympique de Marseille,Girondins de Bordeaux,Stade de Reims,Toulouse FC,EA Guingamp","France, United Kingdom, Spain, Italy, South Africa, Ivory Coast"
Eq-2,click for foot,Tag Belt - Ceinture pour...,28.0,contact@clickforfoot.com,+33 (0)4 77 43 21 90,www.clickforfoot.com,"Olympique de Marseille,Girondins de Bordeaux,Stade de Reims,Toulouse FC,EA Guingamp","France, United Kingdom, Spain, Italy, South Africa, Ivory Coast"
Eq-2,click for foot,Cône standard - 20 cm,19.0,contact@clickforfoot.com,+33 (0)4 77 43 21 90,www.clickforfoot.com,"Olympique de Marseille,Girondins de Bordeaux,Stade de Reims,Toulouse FC,EA Guingamp","France, United Kingdom, Spain, Italy, South Africa, Ivory Coast"
Eq-2,click for foot,Lot de 40 coupelles...,20.0,contact@clickforfoot.com,+33 (0)4 77 43 21 90,www.clickforfoot.com,"Olympique de Marseille,Girondins de Bordeaux,Stade de Reims,Toulouse FC,EA Guingamp","France, United Kingdom, Spain, Italy, South Africa, Ivory Coast"
Eq-2,click for foot,Cerceau plat - Jaune - 40 à...,19.0,contact@clickforfoot.com,+33 (0)4 77 43 21 90,www.clickforfoot.com,"Olympique de Marseille,Girondins de Bordeaux,Stade de Reims,Toulouse FC,EA Guingamp","France, United Kingdom, Spain, Italy, South Africa, Ivory Coast"
Eq-2,click for foot,Lanière de marquage - 20m,45.0,contact@clickforfoot.com,+33 (0)4 77 43 21 90,www.clickforfoot.com,"Olympique de Marseille,Girondins de Bordeaux,Stade de Reims,Toulouse FC,EA Guingamp","France, United Kingdom, Spain, Italy, South Africa, Ivory Coast"
Eq-2,click for foot,Jalon 100 cm - Jaune,26.0,contact@clickforfoot.com,+33 (0)4 77 43 21 90,www.clickforfoot.com,"Olympique de Marseille,Girondins de Bordeaux,Stade de Reims,Toulouse FC,EA Guingamp","France, United Kingdom, Spain, Italy, South Africa, Ivory Coast"
Eq-2,click for foot,Socle en caoutchouc...,10.0,contact@clickforfoot.com,+33 (0)4 77 43 21 90,www.clickforfoot.com,"Olympique de Marseille,Girondins de Bordeaux,Stade de Reims,Toulouse FC,EA Guingamp","France, United Kingdom, Spain, Italy, South Africa, Ivory Coast"
Eq-2,click for foot,Piquet eco. orange 160 cm -...,675.0,contact@clickforfoot.com,+33 (0)4 77 43 21 90,www.clickforfoot.com,"Olympique de Marseille,Girondins de Bordeaux,Stade de Reims,Toulouse FC,EA Guingamp","France, United Kingdom, Spain, Italy, South Africa, Ivory Coast"
Eq-2,click for foot,Chasuble ajourée simple -...,28.0,contact@clickforfoot.com,+33 (0)4 77 43 21 90,www.clickforfoot.com,"Olympique de Marseille,Girondins de Bordeaux,Stade de Reims,Toulouse FC,EA Guingamp","France, United Kingdom, Spain, Italy, South Africa, Ivory Coast"
Eq-2,click for foot,Mini haie réglable - 15 à...,85.0,contact@clickforfoot.com,+33 (0)4 77 43 21 90,www.clickforfoot.com,"Olympique de Marseille,Girondins de Bordeaux,Stade de Reims,Toulouse FC,EA Guingamp","France, United Kingdom, Spain, Italy, South Africa, Ivory Coast"
Eq-2,click for foot,Echelle rythme circulaire,26.0,contact@clickforfoot.com,+33 (0)4 77 43 21 90,www.clickforfoot.com,"Olympique de Marseille,Girondins de Bordeaux,Stade de Reims,Toulouse FC,EA Guingamp","France, United Kingdom, Spain, Italy, South Africa, Ivory Coast"
Eq-2,click for foot,Planche à rebond SIMO,220.0,contact@clickforfoot.com,+33 (0)4 77 43 21 90,www.clickforfoot.com,"Olympique de Marseille,Girondins de Bordeaux,Stade de Reims,Toulouse FC,EA Guingamp","France, United Kingdom, Spain, Italy, South Africa, Ivory Coast"
Eq-2,click for foot,Filet tennis-ballon...,110.0,contact@clickforfoot.com,+33 (0)4 77 43 21 90,www.clickforfoot.com,"Olympique de Marseille,Girondins de Bordeaux,Stade de Reims,Toulouse FC,EA Guingamp","France, United Kingdom, Spain, Italy, South Africa, Ivory Coast"
Eq-2,click for foot,Masque occultant - Lot de 12,18.0,contact@clickforfoot.com,+33 (0)4 77 43 21 90,www.clickforfoot.com,"Olympique de Marseille,Girondins de Bordeaux,Stade de Reims,Toulouse FC,EA Guingamp","France, United Kingdom, Spain, Italy, South Africa, Ivory Coast"
Eq-2,click for foot,Lot de 40 coupelles -...,24.0,contact@clickforfoot.com,+33 (0)4 77 43 21 90,www.clickforfoot.com,"Olympique de Marseille,Girondins de Bordeaux,Stade de Reims,Toulouse FC,EA Guingamp","France, United Kingdom, Spain, Italy, South Africa, Ivory Coast"
Eq-2,click for foot,Filet rebond : Tchouk ball...,13775.0,contact@clickforfoot.com,+33 (0)4 77 43 21 90,www.clickforfoot.com,"Olympique de Marseille,Girondins de Bordeaux,Stade de Reims,Toulouse FC,EA Guingamp","France, United Kingdom, Spain, Italy, South Africa, Ivory Coast"
Eq-2,click for foot,But pliable PVC - 4 m x 1.5 m,2399.0,contact@clickforfoot.com,+33 (0)4 77 43 21 90,www.clickforfoot.com,"Olympique de Marseille,Girondins de Bordeaux,Stade de Reims,Toulouse FC,EA Guingamp","France, United Kingdom, Spain, Italy, South Africa, Ivory Coast"
Eq-2,click for foot,Pack foot animation,11112.0,contact@clickforfoot.com,+33 (0)4 77 43 21 90,www.clickforfoot.com,"Olympique de Marseille,Girondins de Bordeaux,Stade de Reims,Toulouse FC,EA Guingamp","France, United Kingdom, Spain, Italy, South Africa, Ivory Coast"
Eq-2,click for foot,Mannequin & Base - Rouge,1319.0,contact@clickforfoot.com,+33 (0)4 77 43 21 90,www.clickforfoot.com,"Olympique de Marseille,Girondins de Bordeaux,Stade de Reims,Toulouse FC,EA Guingamp","France, United Kingdom, Spain, Italy, South Africa, Ivory Coast"
Eq-2,click for foot,Mannequin mousse...,409.0,contact@clickforfoot.com,+33 (0)4 77 43 21 90,www.clickforfoot.com,"Olympique de Marseille,Girondins de Bordeaux,Stade de Reims,Toulouse FC,EA Guingamp","France, United Kingdom, Spain, Italy, South Africa, Ivory Coast"
Eq-2,click for foot,Mannequin gonflable - 115 cm,50.0,contact@clickforfoot.com,+33 (0)4 77 43 21 90,www.clickforfoot.com,"Olympique de Marseille,Girondins de Bordeaux,Stade de Reims,Toulouse FC,EA Guingamp","France, United Kingdom, Spain, Italy, South Africa, Ivory Coast"
Eq-2,click for foot,Paire de but beach soccer -...,2899.0,contact@clickforfoot.com,+33 (0)4 77 43 21 90,www.clickforfoot.com,"Olympique de Marseille,Girondins de Bordeaux,Stade de Reims,Toulouse FC,EA Guingamp","France, United Kingdom, Spain, Italy, South Africa, Ivory Coast"
Eq-2,click for foot,Protection de poteau de rugby,320.0,contact@clickforfoot.com,+33 (0)4 77 43 21 90,www.clickforfoot.com,"Olympique de Marseille,Girondins de Bordeaux,Stade de Reims,Toulouse FC,EA Guingamp","France, United Kingdom, Spain, Italy, South Africa, Ivory Coast"
Eq-2,click for foot,Cône à trous - Jaune - 23 à...,3.0,contact@clickforfoot.com,+33 (0)4 77 43 21 90,www.clickforfoot.com,"Olympique de Marseille,Girondins de Bordeaux,Stade de Reims,Toulouse FC,EA Guingamp","France, United Kingdom, Spain, Italy, South Africa, Ivory Coast"
Eq-2,click for foot,Cerceau plat - Rouge - 40 à...,19.0,contact@clickforfoot.com,+33 (0)4 77 43 21 90,www.clickforfoot.com,"Olympique de Marseille,Girondins de Bordeaux,Stade de Reims,Toulouse FC,EA Guingamp","France, United Kingdom, Spain, Italy, South Africa, Ivory Coast"
Eq-2,click for foot,Latte de marquage,255.0,contact@clickforfoot.com,+33 (0)4 77 43 21 90,www.clickforfoot.com,"Olympique de Marseille,Girondins de Bordeaux,Stade de Reims,Toulouse FC,EA Guingamp","France, United Kingdom, Spain, Italy, South Africa, Ivory Coast"
Eq-2,click for foot,Jalon 100 cm - Orange,26.0,contact@clickforfoot.com,+33 (0)4 77 43 21 90,www.clickforfoot.com,"Olympique de Marseille,Girondins de Bordeaux,Stade de Reims,Toulouse FC,EA Guingamp","France, United Kingdom, Spain, Italy, South Africa, Ivory Coast"
Eq-2,click for foot,Base plate pour jalon -...,81.0,contact@clickforfoot.com,+33 (0)4 77 43 21 90,www.clickforfoot.com,"Olympique de Marseille,Girondins de Bordeaux,Stade de Reims,Toulouse FC,EA Guingamp","France, United Kingdom, Spain, Italy, South Africa, Ivory Coast"
Eq-2,click for foot,Piquet eco. jaune 160 cm -...,675.0,contact@clickforfoot.com,+33 (0)4 77 43 21 90,www.clickforfoot.com,"Olympique de Marseille,Girondins de Bordeaux,Stade de Reims,Toulouse FC,EA Guingamp","France, United Kingdom, Spain, Italy, South Africa, Ivory Coast"
Eq-2,click for foot,Chasuble ajourée simple - Vert,28.0,contact@clickforfoot.com,+33 (0)4 77 43 21 90,www.clickforfoot.com,"Olympique de Marseille,Girondins de Bordeaux,Stade de Reims,Toulouse FC,EA Guingamp","France, United Kingdom, Spain, Italy, South Africa, Ivory Coast"
Eq-2,click for foot,Filet rebond : Tchouk ball...,1225.0,contact@clickforfoot.com,+33 (0)4 77 43 21 90,www.clickforfoot.com,"Olympique de Marseille,Girondins de Bordeaux,Stade de Reims,Toulouse FC,EA Guingamp","France, United Kingdom, Spain, Italy, South Africa, Ivory Coast"
Eq-2,click for foot,Goal shot SKLZ - 7.32 m x...,3449.0,contact@clickforfoot.com,+33 (0)4 77 43 21 90,www.clickforfoot.com,"Olympique de Marseille,Girondins de Bordeaux,Stade de Reims,Toulouse FC,EA Guingamp","France, United Kingdom, Spain, Italy, South Africa, Ivory Coast"
Eq-2,click for foot,Lot de 3 Mannequins - 180...,2547.0,contact@clickforfoot.com,+33 (0)4 77 43 21 90,www.clickforfoot.com,"Olympique de Marseille,Girondins de Bordeaux,Stade de Reims,Toulouse FC,EA Guingamp","France, United Kingdom, Spain, Italy, South Africa, Ivory Coast"
Eq-2,click for foot,Mannequin mousse...,409.0,contact@clickforfoot.com,+33 (0)4 77 43 21 90,www.clickforfoot.com,"Olympique de Marseille,Girondins de Bordeaux,Stade de Reims,Toulouse FC,EA Guingamp","France, United Kingdom, Spain, Italy, South Africa, Ivory Coast"
Eq-2,click for foot,Mannequin gonflable - 175 cm,1428.0,contact@clickforfoot.com,+33 (0)4 77 43 21 90,www.clickforfoot.com,"Olympique de Marseille,Girondins de Bordeaux,Stade de Reims,Toulouse FC,EA Guingamp","France, United Kingdom, Spain, Italy, South Africa, Ivory Coast"
Eq-2,click for foot,Ballon de Cecifoot -...,339.0,contact@clickforfoot.com,+33 (0)4 77 43 21 90,www.clickforfoot.com,"Olympique de Marseille,Girondins de Bordeaux,Stade de Reims,Toulouse FC,EA Guingamp","France, United Kingdom, Spain, Italy, South Africa, Ivory Coast"
Eq-2,click for foot,Kit de 14 poteaux de corner...,252.0,contact@clickforfoot.com,+33 (0)4 77 43 21 90,www.clickforfoot.com,"Olympique de Marseille,Girondins de Bordeaux,Stade de Reims,Toulouse FC,EA Guingamp","France, United Kingdom, Spain, Italy, South Africa, Ivory Coast"
Eq-2,click for foot,Pack développement du joueur,5993.0,contact@clickforfoot.com,+33 (0)4 77 43 21 90,www.clickforfoot.com,"Olympique de Marseille,Girondins de Bordeaux,Stade de Reims,Toulouse FC,EA Guingamp","France, United Kingdom, Spain, Italy, South Africa, Ivory Coast"
Eq-2,click for foot,Cône à trous - Orange - 23...,3.0,contact@clickforfoot.com,+33 (0)4 77 43 21 90,www.clickforfoot.com,"Olympique de Marseille,Girondins de Bordeaux,Stade de Reims,Toulouse FC,EA Guingamp","France, United Kingdom, Spain, Italy, South Africa, Ivory Coast"
Eq-2,click for foot,Coupelle - Unitaire,8.0,contact@clickforfoot.com,+33 (0)4 77 43 21 90,www.clickforfoot.com,"Olympique de Marseille,Girondins de Bordeaux,Stade de Reims,Toulouse FC,EA Guingamp","France, United Kingdom, Spain, Italy, South Africa, Ivory Coast"
Eq-2,click for foot,Cerceau plat - Bleu - 40 à...,19.0,contact@clickforfoot.com,+33 (0)4 77 43 21 90,www.clickforfoot.com,"Olympique de Marseille,Girondins de Bordeaux,Stade de Reims,Toulouse FC,EA Guingamp","France, United Kingdom, Spain, Italy, South Africa, Ivory Coast"
Eq-2,click for foot,Lot de 24 lattes de marquage,442.0,contact@clickforfoot.com,+33 (0)4 77 43 21 90,www.clickforfoot.com,"Olympique de Marseille,Girondins de Bordeaux,Stade de Reims,Toulouse FC,EA Guingamp","France, United Kingdom, Spain, Italy, South Africa, Ivory Coast"
Eq-2,click for foot,Jalon 100 cm - Bleu,26.0,contact@clickforfoot.com,+33 (0)4 77 43 21 90,www.clickforfoot.com,"Olympique de Marseille,Girondins de Bordeaux,Stade de Reims,Toulouse FC,EA Guingamp","France, United Kingdom, Spain, Italy, South Africa, Ivory Coast"
Eq-2,click for foot,Base souple - 850gr,219.0,contact@clickforfoot.com,+33 (0)4 77 43 21 90,www.clickforfoot.com,"Olympique de Marseille,Girondins de Bordeaux,Stade de Reims,Toulouse FC,EA Guingamp","France, United Kingdom, Spain, Italy, South Africa, Ivory Coast"
Eq-2,click for foot,Piquet eco. bleu 160 cm -...,675.0,contact@clickforfoot.com,+33 (0)4 77 43 21 90,www.clickforfoot.com,"Olympique de Marseille,Girondins de Bordeaux,Stade de Reims,Toulouse FC,EA Guingamp","France, United Kingdom, Spain, Italy, South Africa, Ivory Coast"
Eq-2,click for foot,Chasuble ajourée simple -...,28.0,contact@clickforfoot.com,+33 (0)4 77 43 21 90,www.clickforfoot.com,"Olympique de Marseille,Girondins de Bordeaux,Stade de Reims,Toulouse FC,EA Guingamp","France, United Kingdom, Spain, Italy, South Africa, Ivory Coast"
Eq-2,click for foot,Echelle de rythme en croix,65.0,contact@clickforfoot.com,+33 (0)4 77 43 21 90,www.clickforfoot.com,"Olympique de Marseille,Girondins de Bordeaux,Stade de Reims,Toulouse FC,EA Guingamp","France, United Kingdom, Spain, Italy, South Africa, Ivory Coast"
Eq-2,click for foot,Filet rebond : Tchouk ball...,13175.0,contact@clickforfoot.com,+33 (0)4 77 43 21 90,www.clickforfoot.com,"Olympique de Marseille,Girondins de Bordeaux,Stade de Reims,Toulouse FC,EA Guingamp","France, United Kingdom, Spain, Italy, South Africa, Ivory Coast"
Eq-2,click for foot,But de futsal fibre de...,190.0,contact@clickforfoot.com,+33 (0)4 77 43 21 90,www.clickforfoot.com,"Olympique de Marseille,Girondins de Bordeaux,Stade de Reims,Toulouse FC,EA Guingamp","France, United Kingdom, Spain, Italy, South Africa, Ivory Coast"
Eq-2,click for foot,Filet spécifique attaquant,120.0,contact@clickforfoot.com,+33 (0)4 77 43 21 90,www.clickforfoot.com,"Olympique de Marseille,Girondins de Bordeaux,Stade de Reims,Toulouse FC,EA Guingamp","France, United Kingdom, Spain, Italy, South Africa, Ivory Coast"
Eq-2,click for foot,"Mannequin Pro, 160 ou 180...",12588.0,contact@clickforfoot.com,+33 (0)4 77 43 21 90,www.clickforfoot.com,"Olympique de Marseille,Girondins de Bordeaux,Stade de Reims,Toulouse FC,EA Guingamp","France, United Kingdom, Spain, Italy, South Africa, Ivory Coast"
Eq-2,click for foot,Mannequin gonflable - 205 cm,20315.0,contact@clickforfoot.com,+33 (0)4 77 43 21 90,www.clickforfoot.com,"Olympique de Marseille,Girondins de Bordeaux,Stade de Reims,Toulouse FC,EA Guingamp","France, United Kingdom, Spain, Italy, South Africa, Ivory Coast"
Eq-2,click for foot,Réducteur de but de Futsal,133.0,contact@clickforfoot.com,+33 (0)4 77 43 21 90,www.clickforfoot.com,"Olympique de Marseille,Girondins de Bordeaux,Stade de Reims,Toulouse FC,EA Guingamp","France, United Kingdom, Spain, Italy, South Africa, Ivory Coast"
Eq-2,click for foot,Ballon de Cecifoot -...,339.0,contact@clickforfoot.com,+33 (0)4 77 43 21 90,www.clickforfoot.com,"Olympique de Marseille,Girondins de Bordeaux,Stade de Reims,Toulouse FC,EA Guingamp","France, United Kingdom, Spain, Italy, South Africa, Ivory Coast"
Eq-2,click for foot,Ballon Select - Beach...,20.0,contact@clickforfoot.com,+33 (0)4 77 43 21 90,www.clickforfoot.com,"Olympique de Marseille,Girondins de Bordeaux,Stade de Reims,Toulouse FC,EA Guingamp","France, United Kingdom, Spain, Italy, South Africa, Ivory Coast"
Eq-2,click for foot,Ballon Rugby trainning - 3...,115.0,contact@clickforfoot.com,+33 (0)4 77 43 21 90,www.clickforfoot.com,"Olympique de Marseille,Girondins de Bordeaux,Stade de Reims,Toulouse FC,EA Guingamp","France, United Kingdom, Spain, Italy, South Africa, Ivory Coast"
Eq-2,click for foot,Cône à trous - Bleu - 23 à...,3.0,contact@clickforfoot.com,+33 (0)4 77 43 21 90,www.clickforfoot.com,"Olympique de Marseille,Girondins de Bordeaux,Stade de Reims,Toulouse FC,EA Guingamp","France, United Kingdom, Spain, Italy, South Africa, Ivory Coast"
Eq-2,click for foot,Cerceau plat - Vert - 40 à...,19.0,contact@clickforfoot.com,+33 (0)4 77 43 21 90,www.clickforfoot.com,"Olympique de Marseille,Girondins de Bordeaux,Stade de Reims,Toulouse FC,EA Guingamp","France, United Kingdom, Spain, Italy, South Africa, Ivory Coast"
Eq-2,click for foot,Marquage numéros au sol,3141.0,contact@clickforfoot.com,+33 (0)4 77 43 21 90,www.clickforfoot.com,"Olympique de Marseille,Girondins de Bordeaux,Stade de Reims,Toulouse FC,EA Guingamp","France, United Kingdom, Spain, Italy, South Africa, Ivory Coast"
Eq-2,click for foot,Jalon 100 cm - Vert,26.0,contact@clickforfoot.com,+33 (0)4 77 43 21 90,www.clickforfoot.com,"Olympique de Marseille,Girondins de Bordeaux,Stade de Reims,Toulouse FC,EA Guingamp","France, United Kingdom, Spain, Italy, South Africa, Ivory Coast"
Eq-2,click for foot,Socle lourd - Diamètre 25 mm,30.0,contact@clickforfoot.com,+33 (0)4 77 43 21 90,www.clickforfoot.com,"Olympique de Marseille,Girondins de Bordeaux,Stade de Reims,Toulouse FC,EA Guingamp","France, United Kingdom, Spain, Italy, South Africa, Ivory Coast"
Eq-2,click for foot,Piquet pro. blanc 170 cm -...,8.0,contact@clickforfoot.com,+33 (0)4 77 43 21 90,www.clickforfoot.com,"Olympique de Marseille,Girondins de Bordeaux,Stade de Reims,Toulouse FC,EA Guingamp","France, United Kingdom, Spain, Italy, South Africa, Ivory Coast"
Eq-2,click for foot,Chasuble ajourée simple - Bleu,28.0,contact@clickforfoot.com,+33 (0)4 77 43 21 90,www.clickforfoot.com,"Olympique de Marseille,Girondins de Bordeaux,Stade de Reims,Toulouse FC,EA Guingamp","France, United Kingdom, Spain, Italy, South Africa, Ivory Coast"
Eq-2,click for foot,Haie basculante Pro - 30 à...,32.0,contact@clickforfoot.com,+33 (0)4 77 43 21 90,www.clickforfoot.com,"Olympique de Marseille,Girondins de Bordeaux,Stade de Reims,Toulouse FC,EA Guingamp","France, United Kingdom, Spain, Italy, South Africa, Ivory Coast"
Eq-2,click for foot,Double échelle coordination...,29.0,contact@clickforfoot.com,+33 (0)4 77 43 21 90,www.clickforfoot.com,"Olympique de Marseille,Girondins de Bordeaux,Stade de Reims,Toulouse FC,EA Guingamp","France, United Kingdom, Spain, Italy, South Africa, Ivory Coast"
Eq-2,click for foot,Planche à rebond - 1m x 45 cm,171.0,contact@clickforfoot.com,+33 (0)4 77 43 21 90,www.clickforfoot.com,"Olympique de Marseille,Girondins de Bordeaux,Stade de Reims,Toulouse FC,EA Guingamp","France, United Kingdom, Spain, Italy, South Africa, Ivory Coast"
Eq-2,click for foot,But en fibre de verre -...,190.0,contact@clickforfoot.com,+33 (0)4 77 43 21 90,www.clickforfoot.com,"Olympique de Marseille,Girondins de Bordeaux,Stade de Reims,Toulouse FC,EA Guingamp","France, United Kingdom, Spain, Italy, South Africa, Ivory Coast"
Eq-2,click for foot,Lot de 4 cibles ajustable,749.0,contact@clickforfoot.com,+33 (0)4 77 43 21 90,www.clickforfoot.com,"Olympique de Marseille,Girondins de Bordeaux,Stade de Reims,Toulouse FC,EA Guingamp","France, United Kingdom, Spain, Italy, South Africa, Ivory Coast"
Eq-2,click for foot,"Mannequin Pro, 160 ou 180...",12588.0,contact@clickforfoot.com,+33 (0)4 77 43 21 90,www.clickforfoot.com,"Olympique de Marseille,Girondins de Bordeaux,Stade de Reims,Toulouse FC,EA Guingamp","France, United Kingdom, Spain, Italy, South Africa, Ivory Coast"
Eq-2,click for foot,Pompe à main - Double action,1499.0,contact@clickforfoot.com,+33 (0)4 77 43 21 90,www.clickforfoot.com,"Olympique de Marseille,Girondins de Bordeaux,Stade de Reims,Toulouse FC,EA Guingamp","France, United Kingdom, Spain, Italy, South Africa, Ivory Coast"
Eq-2,click for foot,Triangle réactive Trainer,25.0,contact@clickforfoot.com,+33 (0)4 77 43 21 90,www.clickforfoot.com,"Olympique de Marseille,Girondins de Bordeaux,Stade de Reims,Toulouse FC,EA Guingamp","France, United Kingdom, Spain, Italy, South Africa, Ivory Coast"
Eq-2,click for foot,Ballon Soft'Rugby,119.0,contact@clickforfoot.com,+33 (0)4 77 43 21 90,www.clickforfoot.com,"Olympique de Marseille,Girondins de Bordeaux,Stade de Reims,Toulouse FC,EA Guingamp","France, United Kingdom, Spain, Italy, South Africa, Ivory Coast"
Eq-2,click for foot,Cône à trous - Vert - 23 à...,3.0,contact@clickforfoot.com,+33 (0)4 77 43 21 90,www.clickforfoot.com,"Olympique de Marseille,Girondins de Bordeaux,Stade de Reims,Toulouse FC,EA Guingamp","France, United Kingdom, Spain, Italy, South Africa, Ivory Coast"
Eq-2,click for foot,Cerceau Rond - Blanc - 50 à...,3.0,contact@clickforfoot.com,+33 (0)4 77 43 21 90,www.clickforfoot.com,"Olympique de Marseille,Girondins de Bordeaux,Stade de Reims,Toulouse FC,EA Guingamp","France, United Kingdom, Spain, Italy, South Africa, Ivory Coast"
Eq-2,click for foot,Lot de 10 lattes de jalonnage,29.0,contact@clickforfoot.com,+33 (0)4 77 43 21 90,www.clickforfoot.com,"Olympique de Marseille,Girondins de Bordeaux,Stade de Reims,Toulouse FC,EA Guingamp","France, United Kingdom, Spain, Italy, South Africa, Ivory Coast"
Eq-2,click for foot,Jalon 120 cm - Jaune,32.0,contact@clickforfoot.com,+33 (0)4 77 43 21 90,www.clickforfoot.com,"Olympique de Marseille,Girondins de Bordeaux,Stade de Reims,Toulouse FC,EA Guingamp","France, United Kingdom, Spain, Italy, South Africa, Ivory Coast"
Eq-2,click for foot,Base lestable,252.0,contact@clickforfoot.com,+33 (0)4 77 43 21 90,www.clickforfoot.com,"Olympique de Marseille,Girondins de Bordeaux,Stade de Reims,Toulouse FC,EA Guingamp","France, United Kingdom, Spain, Italy, South Africa, Ivory Coast"
Eq-2,click for foot,Piquet pro. orange 170 cm -...,8.0,contact@clickforfoot.com,+33 (0)4 77 43 21 90,www.clickforfoot.com,"Olympique de Marseille,Girondins de Bordeaux,Stade de Reims,Toulouse FC,EA Guingamp","France, United Kingdom, Spain, Italy, South Africa, Ivory Coast"
Eq-2,click for foot,Chasuble ajourée simple -...,28.0,contact@clickforfoot.com,+33 (0)4 77 43 21 90,www.clickforfoot.com,"Olympique de Marseille,Girondins de Bordeaux,Stade de Reims,Toulouse FC,EA Guingamp","France, United Kingdom, Spain, Italy, South Africa, Ivory Coast"
Eq-2,click for foot,Haie basculante - 21 à 50 cm,165.0,contact@clickforfoot.com,+33 (0)4 77 43 21 90,www.clickforfoot.com,"Olympique de Marseille,Girondins de Bordeaux,Stade de Reims,Toulouse FC,EA Guingamp","France, United Kingdom, Spain, Italy, South Africa, Ivory Coast"
Eq-2,click for foot,Echelle de rythme rigide...,4995.0,contact@clickforfoot.com,+33 (0)4 77 43 21 90,www.clickforfoot.com,"Olympique de Marseille,Girondins de Bordeaux,Stade de Reims,Toulouse FC,EA Guingamp","France, United Kingdom, Spain, Italy, South Africa, Ivory Coast"
Eq-2,click for foot,Support pour planche à...,98.0,contact@clickforfoot.com,+33 (0)4 77 43 21 90,www.clickforfoot.com,"Olympique de Marseille,Girondins de Bordeaux,Stade de Reims,Toulouse FC,EA Guingamp","France, United Kingdom, Spain, Italy, South Africa, Ivory Coast"
Eq-2,click for foot,Filet rebond : Tchouk ball...,2295.0,contact@clickforfoot.com,+33 (0)4 77 43 21 90,www.clickforfoot.com,"Olympique de Marseille,Girondins de Bordeaux,Stade de Reims,Toulouse FC,EA Guingamp","France, United Kingdom, Spain, Italy, South Africa, Ivory Coast"
Eq-2,click for foot,Paire de Mini but - Calcio...,800.0,contact@clickforfoot.com,+33 (0)4 77 43 21 90,www.clickforfoot.com,"Olympique de Marseille,Girondins de Bordeaux,Stade de Reims,Toulouse FC,EA Guingamp","France, United Kingdom, Spain, Italy, South Africa, Ivory Coast"
Eq-2,click for foot,Cible enfant - 6 m x 2.10 m,1279.0,contact@clickforfoot.com,+33 (0)4 77 43 21 90,www.clickforfoot.com,"Olympique de Marseille,Girondins de Bordeaux,Stade de Reims,Toulouse FC,EA Guingamp","France, United Kingdom, Spain, Italy, South Africa, Ivory Coast"
Eq-2,click for foot,"Mannequin Pro, 160 ou 180...",12588.0,contact@clickforfoot.com,+33 (0)4 77 43 21 90,www.clickforfoot.com,"Olympique de Marseille,Girondins de Bordeaux,Stade de Reims,Toulouse FC,EA Guingamp","France, United Kingdom, Spain, Italy, South Africa, Ivory Coast"
Eq-2,click for foot,Indiaka Brésilien,114.0,contact@clickforfoot.com,+33 (0)4 77 43 21 90,www.clickforfoot.com,"Olympique de Marseille,Girondins de Bordeaux,Stade de Reims,Toulouse FC,EA Guingamp","France, United Kingdom, Spain, Italy, South Africa, Ivory Coast"
Eq-2,click for foot,Plaquette coach - Rugby,122.0,contact@clickforfoot.com,+33 (0)4 77 43 21 90,www.clickforfoot.com,"Olympique de Marseille,Girondins de Bordeaux,Stade de Reims,Toulouse FC,EA Guingamp","France, United Kingdom, Spain, Italy, South Africa, Ivory Coast"
Eq-2,click for foot,Cône standard - 30 cm,26.0,contact@clickforfoot.com,+33 (0)4 77 43 21 90,www.clickforfoot.com,"Olympique de Marseille,Girondins de Bordeaux,Stade de Reims,Toulouse FC,EA Guingamp","France, United Kingdom, Spain, Italy, South Africa, Ivory Coast"
Eq-2,click for foot,Cerceau Rond - Jaune - 50 à...,3.0,contact@clickforfoot.com,+33 (0)4 77 43 21 90,www.clickforfoot.com,"Olympique de Marseille,Girondins de Bordeaux,Stade de Reims,Toulouse FC,EA Guingamp","France, United Kingdom, Spain, Italy, South Africa, Ivory Coast"
Eq-2,click for foot,Kit de motricité - mallette...,834.0,contact@clickforfoot.com,+33 (0)4 77 43 21 90,www.clickforfoot.com,"Olympique de Marseille,Girondins de Bordeaux,Stade de Reims,Toulouse FC,EA Guingamp","France, United Kingdom, Spain, Italy, South Africa, Ivory Coast"
Eq-2,click for foot,Jalon 120 cm - Orange,32.0,contact@clickforfoot.com,+33 (0)4 77 43 21 90,www.clickforfoot.com,"Olympique de Marseille,Girondins de Bordeaux,Stade de Reims,Toulouse FC,EA Guingamp","France, United Kingdom, Spain, Italy, South Africa, Ivory Coast"
Eq-2,click for foot,Socle lourd - Diamètre 32 mm,17.0,contact@clickforfoot.com,+33 (0)4 77 43 21 90,www.clickforfoot.com,"Olympique de Marseille,Girondins de Bordeaux,Stade de Reims,Toulouse FC,EA Guingamp","France, United Kingdom, Spain, Italy, South Africa, Ivory Coast"
Eq-2,click for foot,Piquet pointe acier 110 cm...,8.0,contact@clickforfoot.com,+33 (0)4 77 43 21 90,www.clickforfoot.com,"Olympique de Marseille,Girondins de Bordeaux,Stade de Reims,Toulouse FC,EA Guingamp","France, United Kingdom, Spain, Italy, South Africa, Ivory Coast"
Eq-2,click for foot,Chasuble ajourée simple -...,28.0,contact@clickforfoot.com,+33 (0)4 77 43 21 90,www.clickforfoot.com,"Olympique de Marseille,Girondins de Bordeaux,Stade de Reims,Toulouse FC,EA Guingamp","France, United Kingdom, Spain, Italy, South Africa, Ivory Coast"
Eq-2,click for foot,Haie réglable fluo - 20 à...,28.0,contact@clickforfoot.com,+33 (0)4 77 43 21 90,www.clickforfoot.com,"Olympique de Marseille,Girondins de Bordeaux,Stade de Reims,Toulouse FC,EA Guingamp","France, United Kingdom, Spain, Italy, South Africa, Ivory Coast"
Eq-2,click for foot,Mur rebond aléatoire -...,22705.0,contact@clickforfoot.com,+33 (0)4 77 43 21 90,www.clickforfoot.com,"Olympique de Marseille,Girondins de Bordeaux,Stade de Reims,Toulouse FC,EA Guingamp","France, United Kingdom, Spain, Italy, South Africa, Ivory Coast"
Eq-2,click for foot,Filet rebond : Tchouk ball...,1215.0,contact@clickforfoot.com,+33 (0)4 77 43 21 90,www.clickforfoot.com,"Olympique de Marseille,Girondins de Bordeaux,Stade de Reims,Toulouse FC,EA Guingamp","France, United Kingdom, Spain, Italy, South Africa, Ivory Coast"
Eq-2,click for foot,Mini-but - 155 x 95 cm -...,2499.0,contact@clickforfoot.com,+33 (0)4 77 43 21 90,www.clickforfoot.com,"Olympique de Marseille,Girondins de Bordeaux,Stade de Reims,Toulouse FC,EA Guingamp","France, United Kingdom, Spain, Italy, South Africa, Ivory Coast"
Eq-2,click for foot,Cible football - 7.32 m x...,1699.0,contact@clickforfoot.com,+33 (0)4 77 43 21 90,www.clickforfoot.com,"Olympique de Marseille,Girondins de Bordeaux,Stade de Reims,Toulouse FC,EA Guingamp","France, United Kingdom, Spain, Italy, South Africa, Ivory Coast"
Eq-2,click for foot,Mannequin métal - 180 cm,864.0,contact@clickforfoot.com,+33 (0)4 77 43 21 90,www.clickforfoot.com,"Olympique de Marseille,Girondins de Bordeaux,Stade de Reims,Toulouse FC,EA Guingamp","France, United Kingdom, Spain, Italy, South Africa, Ivory Coast"
Eq-2,click for foot,Ballon Select Futsal -...,2796.0,contact@clickforfoot.com,+33 (0)4 77 43 21 90,www.clickforfoot.com,"Olympique de Marseille,Girondins de Bordeaux,Stade de Reims,Toulouse FC,EA Guingamp","France, United Kingdom, Spain, Italy, South Africa, Ivory Coast"
Eq-2,click for foot,Tee de rugby lesté ajustable,59.0,contact@clickforfoot.com,+33 (0)4 77 43 21 90,www.clickforfoot.com,"Olympique de Marseille,Girondins de Bordeaux,Stade de Reims,Toulouse FC,EA Guingamp","France, United Kingdom, Spain, Italy, South Africa, Ivory Coast"
Eq-2,click for foot,Pack entraînement de football,9095.0,contact@clickforfoot.com,+33 (0)4 77 43 21 90,www.clickforfoot.com,"Olympique de Marseille,Girondins de Bordeaux,Stade de Reims,Toulouse FC,EA Guingamp","France, United Kingdom, Spain, Italy, South Africa, Ivory Coast"
Eq-2,click for foot,Cône souple - 31 cm,185.0,contact@clickforfoot.com,+33 (0)4 77 43 21 90,www.clickforfoot.com,"Olympique de Marseille,Girondins de Bordeaux,Stade de Reims,Toulouse FC,EA Guingamp","France, United Kingdom, Spain, Italy, South Africa, Ivory Coast"
Eq-2,click for foot,Disques de repérage - 15 cm...,30.0,contact@clickforfoot.com,+33 (0)4 77 43 21 90,www.clickforfoot.com,"Olympique de Marseille,Girondins de Bordeaux,Stade de Reims,Toulouse FC,EA Guingamp","France, United Kingdom, Spain, Italy, South Africa, Ivory Coast"
Eq-2,click for foot,Cerceau Rond - Violet - 50...,3.0,contact@clickforfoot.com,+33 (0)4 77 43 21 90,www.clickforfoot.com,"Olympique de Marseille,Girondins de Bordeaux,Stade de Reims,Toulouse FC,EA Guingamp","France, United Kingdom, Spain, Italy, South Africa, Ivory Coast"
Eq-2,click for foot,Kit de parcours - mallette...,1149.0,contact@clickforfoot.com,+33 (0)4 77 43 21 90,www.clickforfoot.com,"Olympique de Marseille,Girondins de Bordeaux,Stade de Reims,Toulouse FC,EA Guingamp","France, United Kingdom, Spain, Italy, South Africa, Ivory Coast"
Eq-2,click for foot,Jalon 120 cm - Bleu,32.0,contact@clickforfoot.com,+33 (0)4 77 43 21 90,www.clickforfoot.com,"Olympique de Marseille,Girondins de Bordeaux,Stade de Reims,Toulouse FC,EA Guingamp","France, United Kingdom, Spain, Italy, South Africa, Ivory Coast"
Eq-2,click for foot,Plot de fixation en fonte,1785.0,contact@clickforfoot.com,+33 (0)4 77 43 21 90,www.clickforfoot.com,"Olympique de Marseille,Girondins de Bordeaux,Stade de Reims,Toulouse FC,EA Guingamp","France, United Kingdom, Spain, Italy, South Africa, Ivory Coast"
Eq-2,click for foot,Piquet pointe acier 90 cm -...,8.0,contact@clickforfoot.com,+33 (0)4 77 43 21 90,www.clickforfoot.com,"Olympique de Marseille,Girondins de Bordeaux,Stade de Reims,Toulouse FC,EA Guingamp","France, United Kingdom, Spain, Italy, South Africa, Ivory Coast"
Eq-2,click for foot,Chasuble ajourée simple -...,28.0,contact@clickforfoot.com,+33 (0)4 77 43 21 90,www.clickforfoot.com,"Olympique de Marseille,Girondins de Bordeaux,Stade de Reims,Toulouse FC,EA Guingamp","France, United Kingdom, Spain, Italy, South Africa, Ivory Coast"
Eq-2,click for foot,Haie réglable - 10 à 60cm,32.0,contact@clickforfoot.com,+33 (0)4 77 43 21 90,www.clickforfoot.com,"Olympique de Marseille,Girondins de Bordeaux,Stade de Reims,Toulouse FC,EA Guingamp","France, United Kingdom, Spain, Italy, South Africa, Ivory Coast"
Eq-2,click for foot,Planche à rebond pliable -...,195.0,contact@clickforfoot.com,+33 (0)4 77 43 21 90,www.clickforfoot.com,"Olympique de Marseille,Girondins de Bordeaux,Stade de Reims,Toulouse FC,EA Guingamp","France, United Kingdom, Spain, Italy, South Africa, Ivory Coast"
Eq-2,click for foot,Disque de rebond - 47 cm,279.0,contact@clickforfoot.com,+33 (0)4 77 43 21 90,www.clickforfoot.com,"Olympique de Marseille,Girondins de Bordeaux,Stade de Reims,Toulouse FC,EA Guingamp","France, United Kingdom, Spain, Italy, South Africa, Ivory Coast"
Eq-2,click for foot,Mini-but - 150 x 100 cm -...,3399.0,contact@clickforfoot.com,+33 (0)4 77 43 21 90,www.clickforfoot.com,"Olympique de Marseille,Girondins de Bordeaux,Stade de Reims,Toulouse FC,EA Guingamp","France, United Kingdom, Spain, Italy, South Africa, Ivory Coast"
Eq-2,click for foot,Cible football - 6 m x 2.10 m,2682.0,contact@clickforfoot.com,+33 (0)4 77 43 21 90,www.clickforfoot.com,"Olympique de Marseille,Girondins de Bordeaux,Stade de Reims,Toulouse FC,EA Guingamp","France, United Kingdom, Spain, Italy, South Africa, Ivory Coast"
Eq-2,click for foot,Ballon de Futnet Gala -...,585.0,contact@clickforfoot.com,+33 (0)4 77 43 21 90,www.clickforfoot.com,"Olympique de Marseille,Girondins de Bordeaux,Stade de Reims,Toulouse FC,EA Guingamp","France, United Kingdom, Spain, Italy, South Africa, Ivory Coast"
Eq-2,click for foot,Tee de rugby lesté,55.0,contact@clickforfoot.com,+33 (0)4 77 43 21 90,www.clickforfoot.com,"Olympique de Marseille,Girondins de Bordeaux,Stade de Reims,Toulouse FC,EA Guingamp","France, United Kingdom, Spain, Italy, South Africa, Ivory Coast"
Eq-2,click for foot,Ballon Select Futsal - Mimas,3516.0,contact@clickforfoot.com,+33 (0)4 77 43 21 90,www.clickforfoot.com,"Olympique de Marseille,Girondins de Bordeaux,Stade de Reims,Toulouse FC,EA Guingamp","France, United Kingdom, Spain, Italy, South Africa, Ivory Coast"
Eq-2,click for foot,Pack indispensable de...,7013.0,contact@clickforfoot.com,+33 (0)4 77 43 21 90,www.clickforfoot.com,"Olympique de Marseille,Girondins de Bordeaux,Stade de Reims,Toulouse FC,EA Guingamp","France, United Kingdom, Spain, Italy, South Africa, Ivory Coast"
Eq-2,click for foot,Cône 16 trous - 35 cm,846.0,contact@clickforfoot.com,+33 (0)4 77 43 21 90,www.clickforfoot.com,"Olympique de Marseille,Girondins de Bordeaux,Stade de Reims,Toulouse FC,EA Guingamp","France, United Kingdom, Spain, Italy, South Africa, Ivory Coast"
Eq-2,click for foot,Lot de 24 coupelles plates,4675.0,contact@clickforfoot.com,+33 (0)4 77 43 21 90,www.clickforfoot.com,"Olympique de Marseille,Girondins de Bordeaux,Stade de Reims,Toulouse FC,EA Guingamp","France, United Kingdom, Spain, Italy, South Africa, Ivory Coast"
Eq-2,click for foot,Cerceau Rond - Rouge - 50 à...,3.0,contact@clickforfoot.com,+33 (0)4 77 43 21 90,www.clickforfoot.com,"Olympique de Marseille,Girondins de Bordeaux,Stade de Reims,Toulouse FC,EA Guingamp","France, United Kingdom, Spain, Italy, South Africa, Ivory Coast"
Eq-2,click for foot,Jalon 120 cm - Vert,32.0,contact@clickforfoot.com,+33 (0)4 77 43 21 90,www.clickforfoot.com,"Olympique de Marseille,Girondins de Bordeaux,Stade de Reims,Toulouse FC,EA Guingamp","France, United Kingdom, Spain, Italy, South Africa, Ivory Coast"
Eq-2,click for foot,Piquet pointe acier 40 cm -...,8.0,contact@clickforfoot.com,+33 (0)4 77 43 21 90,www.clickforfoot.com,"Olympique de Marseille,Girondins de Bordeaux,Stade de Reims,Toulouse FC,EA Guingamp","France, United Kingdom, Spain, Italy, South Africa, Ivory Coast"
Eq-2,click for foot,Chasuble ajourée simple - Noir,28.0,contact@clickforfoot.com,+33 (0)4 77 43 21 90,www.clickforfoot.com,"Olympique de Marseille,Girondins de Bordeaux,Stade de Reims,Toulouse FC,EA Guingamp","France, United Kingdom, Spain, Italy, South Africa, Ivory Coast"
Eq-2,click for foot,Haie polypropylène - 12 à...,32.0,contact@clickforfoot.com,+33 (0)4 77 43 21 90,www.clickforfoot.com,"Olympique de Marseille,Girondins de Bordeaux,Stade de Reims,Toulouse FC,EA Guingamp","France, United Kingdom, Spain, Italy, South Africa, Ivory Coast"
Eq-2,click for foot,Planche à rebond...,80.0,contact@clickforfoot.com,+33 (0)4 77 43 21 90,www.clickforfoot.com,"Olympique de Marseille,Girondins de Bordeaux,Stade de Reims,Toulouse FC,EA Guingamp","France, United Kingdom, Spain, Italy, South Africa, Ivory Coast"
Eq-2,click for foot,Mini-but - 120 x 80 cm -...,2899.0,contact@clickforfoot.com,+33 (0)4 77 43 21 90,www.clickforfoot.com,"Olympique de Marseille,Girondins de Bordeaux,Stade de Reims,Toulouse FC,EA Guingamp","France, United Kingdom, Spain, Italy, South Africa, Ivory Coast"
Eq-2,click for foot,Cible Futsal - 3 m x 2 m,120.0,contact@clickforfoot.com,+33 (0)4 77 43 21 90,www.clickforfoot.com,"Olympique de Marseille,Girondins de Bordeaux,Stade de Reims,Toulouse FC,EA Guingamp","France, United Kingdom, Spain, Italy, South Africa, Ivory Coast"
Eq-2,click for foot,Mannequin souple avec...,56.0,contact@clickforfoot.com,+33 (0)4 77 43 21 90,www.clickforfoot.com,"Olympique de Marseille,Girondins de Bordeaux,Stade de Reims,Toulouse FC,EA Guingamp","France, United Kingdom, Spain, Italy, South Africa, Ivory Coast"
Eq-2,click for foot,Ballon Select Futsal -...,2396.0,contact@clickforfoot.com,+33 (0)4 77 43 21 90,www.clickforfoot.com,"Olympique de Marseille,Girondins de Bordeaux,Stade de Reims,Toulouse FC,EA Guingamp","France, United Kingdom, Spain, Italy, South Africa, Ivory Coast"
Eq-2,click for foot,Ballon de rugby éducatif,172.0,contact@clickforfoot.com,+33 (0)4 77 43 21 90,www.clickforfoot.com,"Olympique de Marseille,Girondins de Bordeaux,Stade de Reims,Toulouse FC,EA Guingamp","France, United Kingdom, Spain, Italy, South Africa, Ivory Coast"
Eq-2,click for foot,Pack échauffement enfant,7412.0,contact@clickforfoot.com,+33 (0)4 77 43 21 90,www.clickforfoot.com,"Olympique de Marseille,Girondins de Bordeaux,Stade de Reims,Toulouse FC,EA Guingamp","France, United Kingdom, Spain, Italy, South Africa, Ivory Coast"
Eq-2,click for foot,Maxi plot souple - 46 cm,23.0,contact@clickforfoot.com,+33 (0)4 77 43 21 90,www.clickforfoot.com,"Olympique de Marseille,Girondins de Bordeaux,Stade de Reims,Toulouse FC,EA Guingamp","France, United Kingdom, Spain, Italy, South Africa, Ivory Coast"
Eq-2,click for foot,Disques de repérage - 20 cm...,3141.0,contact@clickforfoot.com,+33 (0)4 77 43 21 90,www.clickforfoot.com,"Olympique de Marseille,Girondins de Bordeaux,Stade de Reims,Toulouse FC,EA Guingamp","France, United Kingdom, Spain, Italy, South Africa, Ivory Coast"
Eq-2,click for foot,Cerceau Rond - Bleu - 50 à...,3.0,contact@clickforfoot.com,+33 (0)4 77 43 21 90,www.clickforfoot.com,"Olympique de Marseille,Girondins de Bordeaux,Stade de Reims,Toulouse FC,EA Guingamp","France, United Kingdom, Spain, Italy, South Africa, Ivory Coast"
Eq-2,click for foot,Jalon 160 cm - Jaune,42.0,contact@clickforfoot.com,+33 (0)4 77 43 21 90,www.clickforfoot.com,"Olympique de Marseille,Girondins de Bordeaux,Stade de Reims,Toulouse FC,EA Guingamp","France, United Kingdom, Spain, Italy, South Africa, Ivory Coast"
Eq-2,click for foot,Pack de 30 piquets + sac de...,1905.0,contact@clickforfoot.com,+33 (0)4 77 43 21 90,www.clickforfoot.com,"Olympique de Marseille,Girondins de Bordeaux,Stade de Reims,Toulouse FC,EA Guingamp","France, United Kingdom, Spain, Italy, South Africa, Ivory Coast"
Eq-2,click for foot,Chasuble ajourée simple - Rose,28.0,contact@clickforfoot.com,+33 (0)4 77 43 21 90,www.clickforfoot.com,"Olympique de Marseille,Girondins de Bordeaux,Stade de Reims,Toulouse FC,EA Guingamp","France, United Kingdom, Spain, Italy, South Africa, Ivory Coast"
Eq-2,click for foot,Echelle de rythme outdoor -...,2542.0,contact@clickforfoot.com,+33 (0)4 77 43 21 90,www.clickforfoot.com,"Olympique de Marseille,Girondins de Bordeaux,Stade de Reims,Toulouse FC,EA Guingamp","France, United Kingdom, Spain, Italy, South Africa, Ivory Coast"
Eq-2,click for foot,Filet de rebond base lestée...,99.0,contact@clickforfoot.com,+33 (0)4 77 43 21 90,www.clickforfoot.com,"Olympique de Marseille,Girondins de Bordeaux,Stade de Reims,Toulouse FC,EA Guingamp","France, United Kingdom, Spain, Italy, South Africa, Ivory Coast"
Eq-2,click for foot,Mini but - SKLZ - 1.80 x...,70.0,contact@clickforfoot.com,+33 (0)4 77 43 21 90,www.clickforfoot.com,"Olympique de Marseille,Girondins de Bordeaux,Stade de Reims,Toulouse FC,EA Guingamp","France, United Kingdom, Spain, Italy, South Africa, Ivory Coast"
Eq-2,click for foot,Chariot haut pour mannequin...,5841.0,contact@clickforfoot.com,+33 (0)4 77 43 21 90,www.clickforfoot.com,"Olympique de Marseille,Girondins de Bordeaux,Stade de Reims,Toulouse FC,EA Guingamp","France, United Kingdom, Spain, Italy, South Africa, Ivory Coast"
Eq-2,click for foot,Disque volant,74.0,contact@clickforfoot.com,+33 (0)4 77 43 21 90,www.clickforfoot.com,"Olympique de Marseille,Girondins de Bordeaux,Stade de Reims,Toulouse FC,EA Guingamp","France, United Kingdom, Spain, Italy, South Africa, Ivory Coast"
Eq-2,click for foot,Ballon de football Américain,145.0,contact@clickforfoot.com,+33 (0)4 77 43 21 90,www.clickforfoot.com,"Olympique de Marseille,Girondins de Bordeaux,Stade de Reims,Toulouse FC,EA Guingamp","France, United Kingdom, Spain, Italy, South Africa, Ivory Coast"
Eq-2,click for foot,Pack échauffement adulte,7412.0,contact@clickforfoot.com,+33 (0)4 77 43 21 90,www.clickforfoot.com,"Olympique de Marseille,Girondins de Bordeaux,Stade de Reims,Toulouse FC,EA Guingamp","France, United Kingdom, Spain, Italy, South Africa, Ivory Coast"
Eq-2,click for foot,Cône multijeux 12 trous -...,92.0,contact@clickforfoot.com,+33 (0)4 77 43 21 90,www.clickforfoot.com,"Olympique de Marseille,Girondins de Bordeaux,Stade de Reims,Toulouse FC,EA Guingamp","France, United Kingdom, Spain, Italy, South Africa, Ivory Coast"
Eq-2,click for foot,Coupelle plate - Unitaire,34.0,contact@clickforfoot.com,+33 (0)4 77 43 21 90,www.clickforfoot.com,"Olympique de Marseille,Girondins de Bordeaux,Stade de Reims,Toulouse FC,EA Guingamp","France, United Kingdom, Spain, Italy, South Africa, Ivory Coast"
Eq-2,click for foot,Cerceau Rond - Rose - 50 à...,3.0,contact@clickforfoot.com,+33 (0)4 77 43 21 90,www.clickforfoot.com,"Olympique de Marseille,Girondins de Bordeaux,Stade de Reims,Toulouse FC,EA Guingamp","France, United Kingdom, Spain, Italy, South Africa, Ivory Coast"
Eq-2,click for foot,Lot de 10 bandes avec...,32.0,contact@clickforfoot.com,+33 (0)4 77 43 21 90,www.clickforfoot.com,"Olympique de Marseille,Girondins de Bordeaux,Stade de Reims,Toulouse FC,EA Guingamp","France, United Kingdom, Spain, Italy, South Africa, Ivory Coast"
Eq-2,click for foot,Jalon 160 cm - Orange,42.0,contact@clickforfoot.com,+33 (0)4 77 43 21 90,www.clickforfoot.com,"Olympique de Marseille,Girondins de Bordeaux,Stade de Reims,Toulouse FC,EA Guingamp","France, United Kingdom, Spain, Italy, South Africa, Ivory Coast"
Eq-2,click for foot,Sac à jalons ou piquets de...,35.0,contact@clickforfoot.com,+33 (0)4 77 43 21 90,www.clickforfoot.com,"Olympique de Marseille,Girondins de Bordeaux,Stade de Reims,Toulouse FC,EA Guingamp","France, United Kingdom, Spain, Italy, South Africa, Ivory Coast"
Eq-2,click for foot,Chasuble ajourée qualité -...,27.0,contact@clickforfoot.com,+33 (0)4 77 43 21 90,www.clickforfoot.com,"Olympique de Marseille,Girondins de Bordeaux,Stade de Reims,Toulouse FC,EA Guingamp","France, United Kingdom, Spain, Italy, South Africa, Ivory Coast"
Eq-2,click for foot,Haie réglable aluminium -...,48.0,contact@clickforfoot.com,+33 (0)4 77 43 21 90,www.clickforfoot.com,"Olympique de Marseille,Girondins de Bordeaux,Stade de Reims,Toulouse FC,EA Guingamp","France, United Kingdom, Spain, Italy, South Africa, Ivory Coast"
Eq-2,click for foot,Echelle mulitcolore indoor...,549.0,contact@clickforfoot.com,+33 (0)4 77 43 21 90,www.clickforfoot.com,"Olympique de Marseille,Girondins de Bordeaux,Stade de Reims,Toulouse FC,EA Guingamp","France, United Kingdom, Spain, Italy, South Africa, Ivory Coast"
Eq-2,click for foot,Mini-but - 120 x 80 cm -...,290.0,contact@clickforfoot.com,+33 (0)4 77 43 21 90,www.clickforfoot.com,"Olympique de Marseille,Girondins de Bordeaux,Stade de Reims,Toulouse FC,EA Guingamp","France, United Kingdom, Spain, Italy, South Africa, Ivory Coast"
Eq-2,click for foot,Housse pour mannequin,5535.0,contact@clickforfoot.com,+33 (0)4 77 43 21 90,www.clickforfoot.com,"Olympique de Marseille,Girondins de Bordeaux,Stade de Reims,Toulouse FC,EA Guingamp","France, United Kingdom, Spain, Italy, South Africa, Ivory Coast"
Eq-2,click for foot,Bandes de délimitation -...,199.0,contact@clickforfoot.com,+33 (0)4 77 43 21 90,www.clickforfoot.com,"Olympique de Marseille,Girondins de Bordeaux,Stade de Reims,Toulouse FC,EA Guingamp","France, United Kingdom, Spain, Italy, South Africa, Ivory Coast"
Eq-2,click for foot,Vortex - Nerf,18.0,contact@clickforfoot.com,+33 (0)4 77 43 21 90,www.clickforfoot.com,"Olympique de Marseille,Girondins de Bordeaux,Stade de Reims,Toulouse FC,EA Guingamp","France, United Kingdom, Spain, Italy, South Africa, Ivory Coast"
Eq-2,click for foot,Chasuble réversible rugby,13.0,contact@clickforfoot.com,+33 (0)4 77 43 21 90,www.clickforfoot.com,"Olympique de Marseille,Girondins de Bordeaux,Stade de Reims,Toulouse FC,EA Guingamp","France, United Kingdom, Spain, Italy, South Africa, Ivory Coast"
Eq-2,click for foot,Kit de 12 maxi coupelles -...,315.0,contact@clickforfoot.com,+33 (0)4 77 43 21 90,www.clickforfoot.com,"Olympique de Marseille,Girondins de Bordeaux,Stade de Reims,Toulouse FC,EA Guingamp","France, United Kingdom, Spain, Italy, South Africa, Ivory Coast"
Eq-2,click for foot,Délimitation jeu du toro -...,65.0,contact@clickforfoot.com,+33 (0)4 77 43 21 90,www.clickforfoot.com,"Olympique de Marseille,Girondins de Bordeaux,Stade de Reims,Toulouse FC,EA Guingamp","France, United Kingdom, Spain, Italy, South Africa, Ivory Coast"
Eq-2,click for foot,Lot de 12 cerceaux flexible...,198.0,contact@clickforfoot.com,+33 (0)4 77 43 21 90,www.clickforfoot.com,"Olympique de Marseille,Girondins de Bordeaux,Stade de Reims,Toulouse FC,EA Guingamp","France, United Kingdom, Spain, Italy, South Africa, Ivory Coast"
Eq-2,click for foot,Latte équerre de marquage,3.0,contact@clickforfoot.com,+33 (0)4 77 43 21 90,www.clickforfoot.com,"Olympique de Marseille,Girondins de Bordeaux,Stade de Reims,Toulouse FC,EA Guingamp","France, United Kingdom, Spain, Italy, South Africa, Ivory Coast"
Eq-2,click for foot,Jalon 160 cm - Bleu,42.0,contact@clickforfoot.com,+33 (0)4 77 43 21 90,www.clickforfoot.com,"Olympique de Marseille,Girondins de Bordeaux,Stade de Reims,Toulouse FC,EA Guingamp","France, United Kingdom, Spain, Italy, South Africa, Ivory Coast"
Eq-2,click for foot,Arceau de précision,10.0,contact@clickforfoot.com,+33 (0)4 77 43 21 90,www.clickforfoot.com,"Olympique de Marseille,Girondins de Bordeaux,Stade de Reims,Toulouse FC,EA Guingamp","France, United Kingdom, Spain, Italy, South Africa, Ivory Coast"
Eq-2,click for foot,Chasuble ajourée qualité -...,3.0,contact@clickforfoot.com,+33 (0)4 77 43 21 90,www.clickforfoot.com,"Olympique de Marseille,Girondins de Bordeaux,Stade de Reims,Toulouse FC,EA Guingamp","France, United Kingdom, Spain, Italy, South Africa, Ivory Coast"
Eq-2,click for foot,Grille d'agilité,279.0,contact@clickforfoot.com,+33 (0)4 77 43 21 90,www.clickforfoot.com,"Olympique de Marseille,Girondins de Bordeaux,Stade de Reims,Toulouse FC,EA Guingamp","France, United Kingdom, Spain, Italy, South Africa, Ivory Coast"
Eq-2,click for foot,Chariot pour mannequin métal,243.0,contact@clickforfoot.com,+33 (0)4 77 43 21 90,www.clickforfoot.com,"Olympique de Marseille,Girondins de Bordeaux,Stade de Reims,Toulouse FC,EA Guingamp","France, United Kingdom, Spain, Italy, South Africa, Ivory Coast"
Eq-2,click for foot,Filet de tennis ballon...,144.0,contact@clickforfoot.com,+33 (0)4 77 43 21 90,www.clickforfoot.com,"Olympique de Marseille,Girondins de Bordeaux,Stade de Reims,Toulouse FC,EA Guingamp","France, United Kingdom, Spain, Italy, South Africa, Ivory Coast"
Eq-2,click for foot,Pack préparation physique,94.0,contact@clickforfoot.com,+33 (0)4 77 43 21 90,www.clickforfoot.com,"Olympique de Marseille,Girondins de Bordeaux,Stade de Reims,Toulouse FC,EA Guingamp","France, United Kingdom, Spain, Italy, South Africa, Ivory Coast"
Eq-2,click for foot,Cône spécial à bande - 24 cm,35.0,contact@clickforfoot.com,+33 (0)4 77 43 21 90,www.clickforfoot.com,"Olympique de Marseille,Girondins de Bordeaux,Stade de Reims,Toulouse FC,EA Guingamp","France, United Kingdom, Spain, Italy, South Africa, Ivory Coast"
Eq-2,click for foot,Délimitation jeu du toro - 6 m,70.0,contact@clickforfoot.com,+33 (0)4 77 43 21 90,www.clickforfoot.com,"Olympique de Marseille,Girondins de Bordeaux,Stade de Reims,Toulouse FC,EA Guingamp","France, United Kingdom, Spain, Italy, South Africa, Ivory Coast"
Eq-2,click for foot,Kit 30 cerceaux plats - 3...,6705.0,contact@clickforfoot.com,+33 (0)4 77 43 21 90,www.clickforfoot.com,"Olympique de Marseille,Girondins de Bordeaux,Stade de Reims,Toulouse FC,EA Guingamp","France, United Kingdom, Spain, Italy, South Africa, Ivory Coast"
Eq-2,click for foot,Délimitation de surface,100.0,contact@clickforfoot.com,+33 (0)4 77 43 21 90,www.clickforfoot.com,"Olympique de Marseille,Girondins de Bordeaux,Stade de Reims,Toulouse FC,EA Guingamp","France, United Kingdom, Spain, Italy, South Africa, Ivory Coast"
Eq-2,click for foot,Jalon 160 cm - Vert,42.0,contact@clickforfoot.com,+33 (0)4 77 43 21 90,www.clickforfoot.com,"Olympique de Marseille,Girondins de Bordeaux,Stade de Reims,Toulouse FC,EA Guingamp","France, United Kingdom, Spain, Italy, South Africa, Ivory Coast"
Eq-2,click for foot,Lot de 6 arceaux de précision,54.0,contact@clickforfoot.com,+33 (0)4 77 43 21 90,www.clickforfoot.com,"Olympique de Marseille,Girondins de Bordeaux,Stade de Reims,Toulouse FC,EA Guingamp","France, United Kingdom, Spain, Italy, South Africa, Ivory Coast"
Eq-2,click for foot,Chasuble ajourée qualité -...,27.0,contact@clickforfoot.com,+33 (0)4 77 43 21 90,www.clickforfoot.com,"Olympique de Marseille,Girondins de Bordeaux,Stade de Reims,Toulouse FC,EA Guingamp","France, United Kingdom, Spain, Italy, South Africa, Ivory Coast"
Eq-2,click for foot,Chariot bas pour mannequin Pro,5031.0,contact@clickforfoot.com,+33 (0)4 77 43 21 90,www.clickforfoot.com,"Olympique de Marseille,Girondins de Bordeaux,Stade de Reims,Toulouse FC,EA Guingamp","France, United Kingdom, Spain, Italy, South Africa, Ivory Coast"
Eq-2,click for foot,Ballon Select Futsal -...,2796.0,contact@clickforfoot.com,+33 (0)4 77 43 21 90,www.clickforfoot.com,"Olympique de Marseille,Girondins de Bordeaux,Stade de Reims,Toulouse FC,EA Guingamp","France, United Kingdom, Spain, Italy, South Africa, Ivory Coast"
Eq-2,click for foot,Mini set d'arbitrage - Rugby,55.0,contact@clickforfoot.com,+33 (0)4 77 43 21 90,www.clickforfoot.com,"Olympique de Marseille,Girondins de Bordeaux,Stade de Reims,Toulouse FC,EA Guingamp","France, United Kingdom, Spain, Italy, South Africa, Ivory Coast"
Eq-2,click for foot,Lot de 5 cônes de marquage...,24.0,contact@clickforfoot.com,+33 (0)4 77 43 21 90,www.clickforfoot.com,"Olympique de Marseille,Girondins de Bordeaux,Stade de Reims,Toulouse FC,EA Guingamp","France, United Kingdom, Spain, Italy, South Africa, Ivory Coast"
Eq-2,click for foot,Disque de repérage - 20 cm,45.0,contact@clickforfoot.com,+33 (0)4 77 43 21 90,www.clickforfoot.com,"Olympique de Marseille,Girondins de Bordeaux,Stade de Reims,Toulouse FC,EA Guingamp","France, United Kingdom, Spain, Italy, South Africa, Ivory Coast"
Eq-2,click for foot,Lot de 10 - Agility Trainer...,6995.0,contact@clickforfoot.com,+33 (0)4 77 43 21 90,www.clickforfoot.com,"Olympique de Marseille,Girondins de Bordeaux,Stade de Reims,Toulouse FC,EA Guingamp","France, United Kingdom, Spain, Italy, South Africa, Ivory Coast"
Eq-2,click for foot,Chaîne de délimitation - 25 m,30.0,contact@clickforfoot.com,+33 (0)4 77 43 21 90,www.clickforfoot.com,"Olympique de Marseille,Girondins de Bordeaux,Stade de Reims,Toulouse FC,EA Guingamp","France, United Kingdom, Spain, Italy, South Africa, Ivory Coast"
Eq-2,click for foot,Piquet de slalom,175.0,contact@clickforfoot.com,+33 (0)4 77 43 21 90,www.clickforfoot.com,"Olympique de Marseille,Girondins de Bordeaux,Stade de Reims,Toulouse FC,EA Guingamp","France, United Kingdom, Spain, Italy, South Africa, Ivory Coast"
Eq-2,click for foot,Chasuble ajourée qualité -...,27.0,contact@clickforfoot.com,+33 (0)4 77 43 21 90,www.clickforfoot.com,"Olympique de Marseille,Girondins de Bordeaux,Stade de Reims,Toulouse FC,EA Guingamp","France, United Kingdom, Spain, Italy, South Africa, Ivory Coast"
Eq-2,click for foot,Haies d'athlétisme EPS -...,219.0,contact@clickforfoot.com,+33 (0)4 77 43 21 90,www.clickforfoot.com,"Olympique de Marseille,Girondins de Bordeaux,Stade de Reims,Toulouse FC,EA Guingamp","France, United Kingdom, Spain, Italy, South Africa, Ivory Coast"
Eq-2,click for foot,Mannequin souple avec...,52.0,contact@clickforfoot.com,+33 (0)4 77 43 21 90,www.clickforfoot.com,"Olympique de Marseille,Girondins de Bordeaux,Stade de Reims,Toulouse FC,EA Guingamp","France, United Kingdom, Spain, Italy, South Africa, Ivory Coast"
Eq-2,click for foot,Ballon Select Futsal -...,2396.0,contact@clickforfoot.com,+33 (0)4 77 43 21 90,www.clickforfoot.com,"Olympique de Marseille,Girondins de Bordeaux,Stade de Reims,Toulouse FC,EA Guingamp","France, United Kingdom, Spain, Italy, South Africa, Ivory Coast"
Eq-2,click for foot,Mannequin gonflable Rugby,1035.0,contact@clickforfoot.com,+33 (0)4 77 43 21 90,www.clickforfoot.com,"Olympique de Marseille,Girondins de Bordeaux,Stade de Reims,Toulouse FC,EA Guingamp","France, United Kingdom, Spain, Italy, South Africa, Ivory Coast"
Eq-2,click for foot,Plot 30 cm - numéroté de 1...,90.0,contact@clickforfoot.com,+33 (0)4 77 43 21 90,www.clickforfoot.com,"Olympique de Marseille,Girondins de Bordeaux,Stade de Reims,Toulouse FC,EA Guingamp","France, United Kingdom, Spain, Italy, South Africa, Ivory Coast"
Eq-2,click for foot,Kit de 48 coupelles -...,30.0,contact@clickforfoot.com,+33 (0)4 77 43 21 90,www.clickforfoot.com,"Olympique de Marseille,Girondins de Bordeaux,Stade de Reims,Toulouse FC,EA Guingamp","France, United Kingdom, Spain, Italy, South Africa, Ivory Coast"
Eq-2,click for foot,Echelle hexagonale - 49 cm,2499.0,contact@clickforfoot.com,+33 (0)4 77 43 21 90,www.clickforfoot.com,"Olympique de Marseille,Girondins de Bordeaux,Stade de Reims,Toulouse FC,EA Guingamp","France, United Kingdom, Spain, Italy, South Africa, Ivory Coast"
Eq-2,click for foot,Marquage en T - Jaune,26.0,contact@clickforfoot.com,+33 (0)4 77 43 21 90,www.clickforfoot.com,"Olympique de Marseille,Girondins de Bordeaux,Stade de Reims,Toulouse FC,EA Guingamp","France, United Kingdom, Spain, Italy, South Africa, Ivory Coast"
Eq-2,click for foot,Kit obstacle amovible,285.0,contact@clickforfoot.com,+33 (0)4 77 43 21 90,www.clickforfoot.com,"Olympique de Marseille,Girondins de Bordeaux,Stade de Reims,Toulouse FC,EA Guingamp","France, United Kingdom, Spain, Italy, South Africa, Ivory Coast"
Eq-2,click for foot,Chasuble ajourée qualité -...,27.0,contact@clickforfoot.com,+33 (0)4 77 43 21 90,www.clickforfoot.com,"Olympique de Marseille,Girondins de Bordeaux,Stade de Reims,Toulouse FC,EA Guingamp","France, United Kingdom, Spain, Italy, South Africa, Ivory Coast"
Eq-2,click for foot,Ballon Select Futsal -...,2396.0,contact@clickforfoot.com,+33 (0)4 77 43 21 90,www.clickforfoot.com,"Olympique de Marseille,Girondins de Bordeaux,Stade de Reims,Toulouse FC,EA Guingamp","France, United Kingdom, Spain, Italy, South Africa, Ivory Coast"
Eq-2,click for foot,Lot de 40 dômes de...,414.0,contact@clickforfoot.com,+33 (0)4 77 43 21 90,www.clickforfoot.com,"Olympique de Marseille,Girondins de Bordeaux,Stade de Reims,Toulouse FC,EA Guingamp","France, United Kingdom, Spain, Italy, South Africa, Ivory Coast"
Eq-2,click for foot,Lot de 40 coupelles extra...,335.0,contact@clickforfoot.com,+33 (0)4 77 43 21 90,www.clickforfoot.com,"Olympique de Marseille,Girondins de Bordeaux,Stade de Reims,Toulouse FC,EA Guingamp","France, United Kingdom, Spain, Italy, South Africa, Ivory Coast"
Eq-2,click for foot,Cerceau hexagonale - 56 cm...,396.0,contact@clickforfoot.com,+33 (0)4 77 43 21 90,www.clickforfoot.com,"Olympique de Marseille,Girondins de Bordeaux,Stade de Reims,Toulouse FC,EA Guingamp","France, United Kingdom, Spain, Italy, South Africa, Ivory Coast"
Eq-2,click for foot,Marquage flèche tournante -...,26.0,contact@clickforfoot.com,+33 (0)4 77 43 21 90,www.clickforfoot.com,"Olympique de Marseille,Girondins de Bordeaux,Stade de Reims,Toulouse FC,EA Guingamp","France, United Kingdom, Spain, Italy, South Africa, Ivory Coast"
Eq-2,click for foot,Paire de pince jalons,2.0,contact@clickforfoot.com,+33 (0)4 77 43 21 90,www.clickforfoot.com,"Olympique de Marseille,Girondins de Bordeaux,Stade de Reims,Toulouse FC,EA Guingamp","France, United Kingdom, Spain, Italy, South Africa, Ivory Coast"
Eq-2,click for foot,Disque pour piquet & jalon...,195.0,contact@clickforfoot.com,+33 (0)4 77 43 21 90,www.clickforfoot.com,"Olympique de Marseille,Girondins de Bordeaux,Stade de Reims,Toulouse FC,EA Guingamp","France, United Kingdom, Spain, Italy, South Africa, Ivory Coast"
Eq-2,click for foot,Chasuble ajourée qualité -...,27.0,contact@clickforfoot.com,+33 (0)4 77 43 21 90,www.clickforfoot.com,"Olympique de Marseille,Girondins de Bordeaux,Stade de Reims,Toulouse FC,EA Guingamp","France, United Kingdom, Spain, Italy, South Africa, Ivory Coast"
Eq-2,click for foot,Ballon Select Futsal -...,7196.0,contact@clickforfoot.com,+33 (0)4 77 43 21 90,www.clickforfoot.com,"Olympique de Marseille,Girondins de Bordeaux,Stade de Reims,Toulouse FC,EA Guingamp","France, United Kingdom, Spain, Italy, South Africa, Ivory Coast"
Eq-2,click for foot,Réhausse cône - Lot de 2,10.0,contact@clickforfoot.com,+33 (0)4 77 43 21 90,www.clickforfoot.com,"Olympique de Marseille,Girondins de Bordeaux,Stade de Reims,Toulouse FC,EA Guingamp","France, United Kingdom, Spain, Italy, South Africa, Ivory Coast"
Eq-2,click for foot,Enrouleur pour bande de...,25.0,contact@clickforfoot.com,+33 (0)4 77 43 21 90,www.clickforfoot.com,"Olympique de Marseille,Girondins de Bordeaux,Stade de Reims,Toulouse FC,EA Guingamp","France, United Kingdom, Spain, Italy, South Africa, Ivory Coast"
Eq-2,click for foot,Lot de 40 coupelles...,169.0,contact@clickforfoot.com,+33 (0)4 77 43 21 90,www.clickforfoot.com,"Olympique de Marseille,Girondins de Bordeaux,Stade de Reims,Toulouse FC,EA Guingamp","France, United Kingdom, Spain, Italy, South Africa, Ivory Coast"
Eq-2,click for foot,Paire d'attache cerceaux...,4.0,contact@clickforfoot.com,+33 (0)4 77 43 21 90,www.clickforfoot.com,"Olympique de Marseille,Girondins de Bordeaux,Stade de Reims,Toulouse FC,EA Guingamp","France, United Kingdom, Spain, Italy, South Africa, Ivory Coast"
Eq-2,click for foot,Bandes marquage départ-arrivée,941.0,contact@clickforfoot.com,+33 (0)4 77 43 21 90,www.clickforfoot.com,"Olympique de Marseille,Girondins de Bordeaux,Stade de Reims,Toulouse FC,EA Guingamp","France, United Kingdom, Spain, Italy, South Africa, Ivory Coast"
Eq-2,click for foot,Porte-jalons velcro,75.0,contact@clickforfoot.com,+33 (0)4 77 43 21 90,www.clickforfoot.com,"Olympique de Marseille,Girondins de Bordeaux,Stade de Reims,Toulouse FC,EA Guingamp","France, United Kingdom, Spain, Italy, South Africa, Ivory Coast"
Eq-2,click for foot,Chasuble ajourée qualité -...,27.0,contact@clickforfoot.com,+33 (0)4 77 43 21 90,www.clickforfoot.com,"Olympique de Marseille,Girondins de Bordeaux,Stade de Reims,Toulouse FC,EA Guingamp","France, United Kingdom, Spain, Italy, South Africa, Ivory Coast"
Eq-2,click for foot,Matelas de réception monobloc,410.0,contact@clickforfoot.com,+33 (0)4 77 43 21 90,www.clickforfoot.com,"Olympique de Marseille,Girondins de Bordeaux,Stade de Reims,Toulouse FC,EA Guingamp","France, United Kingdom, Spain, Italy, South Africa, Ivory Coast"
Eq-2,click for foot,Lot de 10 cônes 12 trous +...,6175.0,contact@clickforfoot.com,+33 (0)4 77 43 21 90,www.clickforfoot.com,"Olympique de Marseille,Girondins de Bordeaux,Stade de Reims,Toulouse FC,EA Guingamp","France, United Kingdom, Spain, Italy, South Africa, Ivory Coast"
Eq-2,click for foot,Porte-cerceaux,49.0,contact@clickforfoot.com,+33 (0)4 77 43 21 90,www.clickforfoot.com,"Olympique de Marseille,Girondins de Bordeaux,Stade de Reims,Toulouse FC,EA Guingamp","France, United Kingdom, Spain, Italy, South Africa, Ivory Coast"
Eq-2,click for foot,Porte-jalons,20.0,contact@clickforfoot.com,+33 (0)4 77 43 21 90,www.clickforfoot.com,"Olympique de Marseille,Girondins de Bordeaux,Stade de Reims,Toulouse FC,EA Guingamp","France, United Kingdom, Spain, Italy, South Africa, Ivory Coast"
Eq-2,click for foot,Chasuble ajourée qualité -...,27.0,contact@clickforfoot.com,+33 (0)4 77 43 21 90,www.clickforfoot.com,"Olympique de Marseille,Girondins de Bordeaux,Stade de Reims,Toulouse FC,EA Guingamp","France, United Kingdom, Spain, Italy, South Africa, Ivory Coast"
Eq-2,click for foot,Kit entrainement indispensable,5697.0,contact@clickforfoot.com,+33 (0)4 77 43 21 90,www.clickforfoot.com,"Olympique de Marseille,Girondins de Bordeaux,Stade de Reims,Toulouse FC,EA Guingamp","France, United Kingdom, Spain, Italy, South Africa, Ivory Coast"
Eq-2,click for foot,Porte-cerceaux à bras,36.0,contact@clickforfoot.com,+33 (0)4 77 43 21 90,www.clickforfoot.com,"Olympique de Marseille,Girondins de Bordeaux,Stade de Reims,Toulouse FC,EA Guingamp","France, United Kingdom, Spain, Italy, South Africa, Ivory Coast"
Eq-2,click for foot,Arceau de précision -...,14.0,contact@clickforfoot.com,+33 (0)4 77 43 21 90,www.clickforfoot.com,"Olympique de Marseille,Girondins de Bordeaux,Stade de Reims,Toulouse FC,EA Guingamp","France, United Kingdom, Spain, Italy, South Africa, Ivory Coast"
Eq-2,click for foot,Chasuble extensible - Rouge,45.0,contact@clickforfoot.com,+33 (0)4 77 43 21 90,www.clickforfoot.com,"Olympique de Marseille,Girondins de Bordeaux,Stade de Reims,Toulouse FC,EA Guingamp","France, United Kingdom, Spain, Italy, South Africa, Ivory Coast"
Eq-2,click for foot,Chasuble ajourée qualité -...,27.0,contact@clickforfoot.com,+33 (0)4 77 43 21 90,www.clickforfoot.com,"Olympique de Marseille,Girondins de Bordeaux,Stade de Reims,Toulouse FC,EA Guingamp","France, United Kingdom, Spain, Italy, South Africa, Ivory Coast"
Eq-2,click for foot,Lot de 10 Cols pour cône -...,16.0,contact@clickforfoot.com,+33 (0)4 77 43 21 90,www.clickforfoot.com,"Olympique de Marseille,Girondins de Bordeaux,Stade de Reims,Toulouse FC,EA Guingamp","France, United Kingdom, Spain, Italy, South Africa, Ivory Coast"
Eq-2,click for foot,Disques de repérage - 15 cm...,30.0,contact@clickforfoot.com,+33 (0)4 77 43 21 90,www.clickforfoot.com,"Olympique de Marseille,Girondins de Bordeaux,Stade de Reims,Toulouse FC,EA Guingamp","France, United Kingdom, Spain, Italy, South Africa, Ivory Coast"
Eq-2,click for foot,Chasuble extensible - Bleu,45.0,contact@clickforfoot.com,+33 (0)4 77 43 21 90,www.clickforfoot.com,"Olympique de Marseille,Girondins de Bordeaux,Stade de Reims,Toulouse FC,EA Guingamp","France, United Kingdom, Spain, Italy, South Africa, Ivory Coast"
Eq-2,click for foot,Kit multimarqueurs géants,437.0,contact@clickforfoot.com,+33 (0)4 77 43 21 90,www.clickforfoot.com,"Olympique de Marseille,Girondins de Bordeaux,Stade de Reims,Toulouse FC,EA Guingamp","France, United Kingdom, Spain, Italy, South Africa, Ivory Coast"
Eq-2,click for foot,Chasuble extensible - Jaune,45.0,contact@clickforfoot.com,+33 (0)4 77 43 21 90,www.clickforfoot.com,"Olympique de Marseille,Girondins de Bordeaux,Stade de Reims,Toulouse FC,EA Guingamp","France, United Kingdom, Spain, Italy, South Africa, Ivory Coast"
Eq-2,click for foot,Lot de 10 cônes 12 trous +...,6175.0,contact@clickforfoot.com,+33 (0)4 77 43 21 90,www.clickforfoot.com,"Olympique de Marseille,Girondins de Bordeaux,Stade de Reims,Toulouse FC,EA Guingamp","France, United Kingdom, Spain, Italy, South Africa, Ivory Coast"
Eq-2,click for foot,Chasuble extensible - Vert,45.0,contact@clickforfoot.com,+33 (0)4 77 43 21 90,www.clickforfoot.com,"Olympique de Marseille,Girondins de Bordeaux,Stade de Reims,Toulouse FC,EA Guingamp","France, United Kingdom, Spain, Italy, South Africa, Ivory Coast"
Eq-2,click for foot,Lot de 10 cônes 12 trous +...,6175.0,contact@clickforfoot.com,+33 (0)4 77 43 21 90,www.clickforfoot.com,"Olympique de Marseille,Girondins de Bordeaux,Stade de Reims,Toulouse FC,EA Guingamp","France, United Kingdom, Spain, Italy, South Africa, Ivory Coast"
Eq-2,click for foot,Harnais de résistance pour...,100.0,contact@clickforfoot.com,+33 (0)4 77 43 21 90,www.clickforfoot.com,"Olympique de Marseille,Girondins de Bordeaux,Stade de Reims,Toulouse FC,EA Guingamp","France, United Kingdom, Spain, Italy, South Africa, Ivory Coast"
Eq-2,click for foot,Lot de 10 cônes 12 trous +...,6175.0,contact@clickforfoot.com,+33 (0)4 77 43 21 90,www.clickforfoot.com,"Olympique de Marseille,Girondins de Bordeaux,Stade de Reims,Toulouse FC,EA Guingamp","France, United Kingdom, Spain, Italy, South Africa, Ivory Coast"
Eq-2,click for foot,Chasuble extensible - Orange,45.0,contact@clickforfoot.com,+33 (0)4 77 43 21 90,www.clickforfoot.com,"Olympique de Marseille,Girondins de Bordeaux,Stade de Reims,Toulouse FC,EA Guingamp","France, United Kingdom, Spain, Italy, South Africa, Ivory Coast"
Eq-2,click for foot,Kit de 12 maxi-cônes avec...,34.0,contact@clickforfoot.com,+33 (0)4 77 43 21 90,www.clickforfoot.com,"Olympique de Marseille,Girondins de Bordeaux,Stade de Reims,Toulouse FC,EA Guingamp","France, United Kingdom, Spain, Italy, South Africa, Ivory Coast"
Eq-2,click for foot,Chasuble numérotée - Bleu,39.0,contact@clickforfoot.com,+33 (0)4 77 43 21 90,www.clickforfoot.com,"Olympique de Marseille,Girondins de Bordeaux,Stade de Reims,Toulouse FC,EA Guingamp","France, United Kingdom, Spain, Italy, South Africa, Ivory Coast"
Eq-2,click for foot,Ballon gardien Uhlsport -...,299.0,contact@clickforfoot.com,+33 (0)4 77 43 21 90,www.clickforfoot.com,"Olympique de Marseille,Girondins de Bordeaux,Stade de Reims,Toulouse FC,EA Guingamp","France, United Kingdom, Spain, Italy, South Africa, Ivory Coast"
Eq-2,click for foot,Lot de 20 balises géantes -...,414.0,contact@clickforfoot.com,+33 (0)4 77 43 21 90,www.clickforfoot.com,"Olympique de Marseille,Girondins de Bordeaux,Stade de Reims,Toulouse FC,EA Guingamp","France, United Kingdom, Spain, Italy, South Africa, Ivory Coast"
Eq-2,click for foot,Lot de 5 cônes de marquage...,26.0,contact@clickforfoot.com,+33 (0)4 77 43 21 90,www.clickforfoot.com,"Olympique de Marseille,Girondins de Bordeaux,Stade de Reims,Toulouse FC,EA Guingamp","France, United Kingdom, Spain, Italy, South Africa, Ivory Coast"
Eq-2,click for foot,Chasuble numérotée - Jaune,39.0,contact@clickforfoot.com,+33 (0)4 77 43 21 90,www.clickforfoot.com,"Olympique de Marseille,Girondins de Bordeaux,Stade de Reims,Toulouse FC,EA Guingamp","France, United Kingdom, Spain, Italy, South Africa, Ivory Coast"
Eq-2,click for foot,Lot de 6 cônes extra souple...,21.0,contact@clickforfoot.com,+33 (0)4 77 43 21 90,www.clickforfoot.com,"Olympique de Marseille,Girondins de Bordeaux,Stade de Reims,Toulouse FC,EA Guingamp","France, United Kingdom, Spain, Italy, South Africa, Ivory Coast"
Eq-2,click for foot,Chasuble numérotée - Orange,39.0,contact@clickforfoot.com,+33 (0)4 77 43 21 90,www.clickforfoot.com,"Olympique de Marseille,Girondins de Bordeaux,Stade de Reims,Toulouse FC,EA Guingamp","France, United Kingdom, Spain, Italy, South Africa, Ivory Coast"
Eq-2,click for foot,Ballon gardien - 1kg,389.0,contact@clickforfoot.com,+33 (0)4 77 43 21 90,www.clickforfoot.com,"Olympique de Marseille,Girondins de Bordeaux,Stade de Reims,Toulouse FC,EA Guingamp","France, United Kingdom, Spain, Italy, South Africa, Ivory Coast"
Eq-2,click for foot,Chasuble numérotée - Vert,39.0,contact@clickforfoot.com,+33 (0)4 77 43 21 90,www.clickforfoot.com,"Olympique de Marseille,Girondins de Bordeaux,Stade de Reims,Toulouse FC,EA Guingamp","France, United Kingdom, Spain, Italy, South Africa, Ivory Coast"
Eq-2,click for foot,Ballon de gardien - Reflex...,25.0,contact@clickforfoot.com,+33 (0)4 77 43 21 90,www.clickforfoot.com,"Olympique de Marseille,Girondins de Bordeaux,Stade de Reims,Toulouse FC,EA Guingamp","France, United Kingdom, Spain, Italy, South Africa, Ivory Coast"
Eq-2,click for foot,Mini cônes souples - 9 cm,2.0,contact@clickforfoot.com,+33 (0)4 77 43 21 90,www.clickforfoot.com,"Olympique de Marseille,Girondins de Bordeaux,Stade de Reims,Toulouse FC,EA Guingamp","France, United Kingdom, Spain, Italy, South Africa, Ivory Coast"
Eq-2,click for foot,Chasuble ajourée réversible...,648.0,contact@clickforfoot.com,+33 (0)4 77 43 21 90,www.clickforfoot.com,"Olympique de Marseille,Girondins de Bordeaux,Stade de Reims,Toulouse FC,EA Guingamp","France, United Kingdom, Spain, Italy, South Africa, Ivory Coast"
Eq-2,click for foot,Chasuble ajourée réversible...,648.0,contact@clickforfoot.com,+33 (0)4 77 43 21 90,www.clickforfoot.com,"Olympique de Marseille,Girondins de Bordeaux,Stade de Reims,Toulouse FC,EA Guingamp","France, United Kingdom, Spain, Italy, South Africa, Ivory Coast"
Eq-2,click for foot,Chasuble ajourée réversible...,648.0,contact@clickforfoot.com,+33 (0)4 77 43 21 90,www.clickforfoot.com,"Olympique de Marseille,Girondins de Bordeaux,Stade de Reims,Toulouse FC,EA Guingamp","France, United Kingdom, Spain, Italy, South Africa, Ivory Coast"
Eq-2,click for foot,Chasuble ajourée réversible...,648.0,contact@clickforfoot.com,+33 (0)4 77 43 21 90,www.clickforfoot.com,"Olympique de Marseille,Girondins de Bordeaux,Stade de Reims,Toulouse FC,EA Guingamp","France, United Kingdom, Spain, Italy, South Africa, Ivory Coast"
Eq-2,click for foot,Rack porte-chasubles et...,1881.0,contact@clickforfoot.com,+33 (0)4 77 43 21 90,www.clickforfoot.com,"Olympique de Marseille,Girondins de Bordeaux,Stade de Reims,Toulouse FC,EA Guingamp","France, United Kingdom, Spain, Italy, South Africa, Ivory Coast"
Eq-2,click for foot,Chasuble nylon avec velcro,465.0,contact@clickforfoot.com,+33 (0)4 77 43 21 90,www.clickforfoot.com,"Olympique de Marseille,Girondins de Bordeaux,Stade de Reims,Toulouse FC,EA Guingamp","France, United Kingdom, Spain, Italy, South Africa, Ivory Coast"
Eq-2,click for foot,Porte-chasuble mural,225.0,contact@clickforfoot.com,+33 (0)4 77 43 21 90,www.clickforfoot.com,"Olympique de Marseille,Girondins de Bordeaux,Stade de Reims,Toulouse FC,EA Guingamp","France, United Kingdom, Spain, Italy, South Africa, Ivory Coast"
Eq-2,click for foot,Foulard de jeu,25.0,contact@clickforfoot.com,+33 (0)4 77 43 21 90,www.clickforfoot.com,"Olympique de Marseille,Girondins de Bordeaux,Stade de Reims,Toulouse FC,EA Guingamp","France, United Kingdom, Spain, Italy, South Africa, Ivory Coast"
Eq-2,click for foot,Médecine ball avec poignée...,4499.0,contact@clickforfoot.com,+33 (0)4 77 43 21 90,www.clickforfoot.com,"Olympique de Marseille,Girondins de Bordeaux,Stade de Reims,Toulouse FC,EA Guingamp","France, United Kingdom, Spain, Italy, South Africa, Ivory Coast"
Eq-2,click for foot,Anneau porte chasuble,25.0,contact@clickforfoot.com,+33 (0)4 77 43 21 90,www.clickforfoot.com,"Olympique de Marseille,Girondins de Bordeaux,Stade de Reims,Toulouse FC,EA Guingamp","France, United Kingdom, Spain, Italy, South Africa, Ivory Coast"
Eq-2,click for foot,"Médecine ball 4kg, bleu",3799.0,contact@clickforfoot.com,+33 (0)4 77 43 21 90,www.clickforfoot.com,"Olympique de Marseille,Girondins de Bordeaux,Stade de Reims,Toulouse FC,EA Guingamp","France, United Kingdom, Spain, Italy, South Africa, Ivory Coast"
Eq-2,click for foot,Anneau de rangement pour...,7.0,contact@clickforfoot.com,+33 (0)4 77 43 21 90,www.clickforfoot.com,"Olympique de Marseille,Girondins de Bordeaux,Stade de Reims,Toulouse FC,EA Guingamp","France, United Kingdom, Spain, Italy, South Africa, Ivory Coast"
Eq-2,click for foot,Médecine ball souple...,189.0,contact@clickforfoot.com,+33 (0)4 77 43 21 90,www.clickforfoot.com,"Olympique de Marseille,Girondins de Bordeaux,Stade de Reims,Toulouse FC,EA Guingamp","France, United Kingdom, Spain, Italy, South Africa, Ivory Coast"
Eq-2,click for foot,Balle à rebond irrégulier,998.0,contact@clickforfoot.com,+33 (0)4 77 43 21 90,www.clickforfoot.com,"Olympique de Marseille,Girondins de Bordeaux,Stade de Reims,Toulouse FC,EA Guingamp","France, United Kingdom, Spain, Italy, South Africa, Ivory Coast"
Eq-2,click for foot,Echarpe de jeu ajustable -...,315.0,contact@clickforfoot.com,+33 (0)4 77 43 21 90,www.clickforfoot.com,"Olympique de Marseille,Girondins de Bordeaux,Stade de Reims,Toulouse FC,EA Guingamp","France, United Kingdom, Spain, Italy, South Africa, Ivory Coast"
Eq-2,click for foot,Pack d'initiation motricité...,13797.0,contact@clickforfoot.com,+33 (0)4 77 43 21 90,www.clickforfoot.com,"Olympique de Marseille,Girondins de Bordeaux,Stade de Reims,Toulouse FC,EA Guingamp","France, United Kingdom, Spain, Italy, South Africa, Ivory Coast"
Eq-2,click for foot,Pack de coordination football,18065.0,contact@clickforfoot.com,+33 (0)4 77 43 21 90,www.clickforfoot.com,"Olympique de Marseille,Girondins de Bordeaux,Stade de Reims,Toulouse FC,EA Guingamp","France, United Kingdom, Spain, Italy, South Africa, Ivory Coast"
Eq-2,click for foot,Kit vitesse et coordination,85.0,contact@clickforfoot.com,+33 (0)4 77 43 21 90,www.clickforfoot.com,"Olympique de Marseille,Girondins de Bordeaux,Stade de Reims,Toulouse FC,EA Guingamp","France, United Kingdom, Spain, Italy, South Africa, Ivory Coast"
Eq-2,click for foot,Kit vitesse et résistance,90.0,contact@clickforfoot.com,+33 (0)4 77 43 21 90,www.clickforfoot.com,"Olympique de Marseille,Girondins de Bordeaux,Stade de Reims,Toulouse FC,EA Guingamp","France, United Kingdom, Spain, Italy, South Africa, Ivory Coast"
Eq-2,click for foot,Elastique de saut - 25 m,199.0,contact@clickforfoot.com,+33 (0)4 77 43 21 90,www.clickforfoot.com,"Olympique de Marseille,Girondins de Bordeaux,Stade de Reims,Toulouse FC,EA Guingamp","France, United Kingdom, Spain, Italy, South Africa, Ivory Coast"
Eq-2,click for foot,Mur de protection foot,175.0,contact@clickforfoot.com,+33 (0)4 77 43 21 90,www.clickforfoot.com,"Olympique de Marseille,Girondins de Bordeaux,Stade de Reims,Toulouse FC,EA Guingamp","France, United Kingdom, Spain, Italy, South Africa, Ivory Coast"
Eq-2,click for foot,Mini but réversible...,20.0,contact@clickforfoot.com,+33 (0)4 77 43 21 90,www.clickforfoot.com,"Olympique de Marseille,Girondins de Bordeaux,Stade de Reims,Toulouse FC,EA Guingamp","France, United Kingdom, Spain, Italy, South Africa, Ivory Coast"
Eq-2,click for foot,Juggle Football,144.0,contact@clickforfoot.com,+33 (0)4 77 43 21 90,www.clickforfoot.com,"Olympique de Marseille,Girondins de Bordeaux,Stade de Reims,Toulouse FC,EA Guingamp","France, United Kingdom, Spain, Italy, South Africa, Ivory Coast"
Eq-2,click for foot,Kit d'entrainement complet,179.0,contact@clickforfoot.com,+33 (0)4 77 43 21 90,www.clickforfoot.com,"Olympique de Marseille,Girondins de Bordeaux,Stade de Reims,Toulouse FC,EA Guingamp","France, United Kingdom, Spain, Italy, South Africa, Ivory Coast"
Eq-2,click for foot,Kit vélocité de 12 haies,5848.0,contact@clickforfoot.com,+33 (0)4 77 43 21 90,www.clickforfoot.com,"Olympique de Marseille,Girondins de Bordeaux,Stade de Reims,Toulouse FC,EA Guingamp","France, United Kingdom, Spain, Italy, South Africa, Ivory Coast"
Eq-2,click for foot,Pack d'entrainement ludique...,67.0,contact@clickforfoot.com,+33 (0)4 77 43 21 90,www.clickforfoot.com,"Olympique de Marseille,Girondins de Bordeaux,Stade de Reims,Toulouse FC,EA Guingamp","France, United Kingdom, Spain, Italy, South Africa, Ivory Coast"
Eq-2,click for foot,Pack explosivité et agilité,8145.0,contact@clickforfoot.com,+33 (0)4 77 43 21 90,www.clickforfoot.com,"Olympique de Marseille,Girondins de Bordeaux,Stade de Reims,Toulouse FC,EA Guingamp","France, United Kingdom, Spain, Italy, South Africa, Ivory Coast"
Eq-2,click for foot,Kit vitesse et réactivité,38.0,contact@clickforfoot.com,+33 (0)4 77 43 21 90,www.clickforfoot.com,"Olympique de Marseille,Girondins de Bordeaux,Stade de Reims,Toulouse FC,EA Guingamp","France, United Kingdom, Spain, Italy, South Africa, Ivory Coast"
Eq-2,click for foot,Pack entraînement de foot,873.0,contact@clickforfoot.com,+33 (0)4 77 43 21 90,www.clickforfoot.com,"Olympique de Marseille,Girondins de Bordeaux,Stade de Reims,Toulouse FC,EA Guingamp","France, United Kingdom, Spain, Italy, South Africa, Ivory Coast"
Eq-2,click for foot,Ballon Adidas Tiro Club - T3,1995.0,contact@clickforfoot.com,+33 (0)4 77 43 21 90,www.clickforfoot.com,"Olympique de Marseille,Girondins de Bordeaux,Stade de Reims,Toulouse FC,EA Guingamp","France, United Kingdom, Spain, Italy, South Africa, Ivory Coast"
Eq-2,click for foot,Ballon Uhlsport T5 - Elite...,399.0,contact@clickforfoot.com,+33 (0)4 77 43 21 90,www.clickforfoot.com,"Olympique de Marseille,Girondins de Bordeaux,Stade de Reims,Toulouse FC,EA Guingamp","France, United Kingdom, Spain, Italy, South Africa, Ivory Coast"
Eq-3,ForzaGoal,FORZA Trapezoid Rings [10 Pack],1746.16881918819,cs@networldsports.com,1-866-861-9095,www.forzagoal.com,"Red Star FC,Chamois Niortais FC,Paris Saint-Germain Féminin ,Olympique Lyonnais Féminin","United Kingdom, France, Germany, Spain, Italy, South Africa, Nigeria, Ivory Coast"
Eq-3,ForzaGoal,FORZA Pro Multisport Practice Net Return Wall [2 Sizes],1746.16881918819,cs@networldsports.com,1-866-861-9095,www.forzagoal.com,"Red Star FC,Chamois Niortais FC,Paris Saint-Germain Féminin ,Olympique Lyonnais Féminin","United Kingdom, France, Germany, Spain, Italy, South Africa, Nigeria, Ivory Coast"
Eq-3,ForzaGoal,FORZA Multi-Sport Reaction Ramp [Adjustable Height],1746.16881918819,cs@networldsports.com,1-866-861-9095,www.forzagoal.com,"Red Star FC,Chamois Niortais FC,Paris Saint-Germain Féminin ,Olympique Lyonnais Féminin","United Kingdom, France, Germany, Spain, Italy, South Africa, Nigeria, Ivory Coast"
Eq-3,ForzaGoal,FORZA Inflatable Soccer Field [7x Sizes],1746.16881918819,cs@networldsports.com,1-866-861-9095,www.forzagoal.com,"Red Star FC,Chamois Niortais FC,Paris Saint-Germain Féminin ,Olympique Lyonnais Féminin","United Kingdom, France, Germany, Spain, Italy, South Africa, Nigeria, Ivory Coast"
Eq-3,ForzaGoal,FORZA Stopwatch 300,1746.16881918819,cs@networldsports.com,1-866-861-9095,www.forzagoal.com,"Red Star FC,Chamois Niortais FC,Paris Saint-Germain Féminin ,Olympique Lyonnais Féminin","United Kingdom, France, Germany, Spain, Italy, South Africa, Nigeria, Ivory Coast"
Eq-3,ForzaGoal,FORZA Stopwatch [5x Colours],1746.16881918819,cs@networldsports.com,1-866-861-9095,www.forzagoal.com,"Red Star FC,Chamois Niortais FC,Paris Saint-Germain Féminin ,Olympique Lyonnais Féminin","United Kingdom, France, Germany, Spain, Italy, South Africa, Nigeria, Ivory Coast"
Eq-3,ForzaGoal,FORZA Pro Soccer Training Pinnies [5 - 15 Packs],1746.16881918819,cs@networldsports.com,1-866-861-9095,www.forzagoal.com,"Red Star FC,Chamois Niortais FC,Paris Saint-Germain Féminin ,Olympique Lyonnais Féminin","United Kingdom, France, Germany, Spain, Italy, South Africa, Nigeria, Ivory Coast"
Eq-3,ForzaGoal,FORZA Soccer Training Bib/Vest Carry Bag,1746.16881918819,cs@networldsports.com,1-866-861-9095,www.forzagoal.com,"Red Star FC,Chamois Niortais FC,Paris Saint-Germain Féminin ,Olympique Lyonnais Féminin","United Kingdom, France, Germany, Spain, Italy, South Africa, Nigeria, Ivory Coast"
Eq-3,ForzaGoal,FORZA Throwdown Pitch Line Markers [Pack of 10],1746.16881918819,cs@networldsports.com,1-866-861-9095,www.forzagoal.com,"Red Star FC,Chamois Niortais FC,Paris Saint-Germain Féminin ,Olympique Lyonnais Féminin","United Kingdom, France, Germany, Spain, Italy, South Africa, Nigeria, Ivory Coast"
Eq-3,ForzaGoal,FORZA Pitch Line Marker Corners [Pack of 4],1746.16881918819,cs@networldsports.com,1-866-861-9095,www.forzagoal.com,"Red Star FC,Chamois Niortais FC,Paris Saint-Germain Féminin ,Olympique Lyonnais Féminin","United Kingdom, France, Germany, Spain, Italy, South Africa, Nigeria, Ivory Coast"
Eq-3,ForzaGoal,FORZA Jumbo Tri Marker Cones [20 Pack],1746.16881918819,cs@networldsports.com,1-866-861-9095,www.forzagoal.com,"Red Star FC,Chamois Niortais FC,Paris Saint-Germain Féminin ,Olympique Lyonnais Féminin","United Kingdom, France, Germany, Spain, Italy, South Africa, Nigeria, Ivory Coast"
Eq-3,ForzaGoal,FORZA Mini Training Marker Cones [Pack of 50/1000],1746.16881918819,cs@networldsports.com,1-866-861-9095,www.forzagoal.com,"Red Star FC,Chamois Niortais FC,Paris Saint-Germain Féminin ,Olympique Lyonnais Féminin","United Kingdom, France, Germany, Spain, Italy, South Africa, Nigeria, Ivory Coast"
Eq-3,ForzaGoal,FORZA Pro Tri Marker Soccer Cones [Pack of 4/8],1746.16881918819,cs@networldsports.com,1-866-861-9095,www.forzagoal.com,"Red Star FC,Chamois Niortais FC,Paris Saint-Germain Féminin ,Olympique Lyonnais Féminin","United Kingdom, France, Germany, Spain, Italy, South Africa, Nigeria, Ivory Coast"
Eq-3,ForzaGoal,FORZA Mini Tri Cones [40 Pack],1746.16881918819,cs@networldsports.com,1-866-861-9095,www.forzagoal.com,"Red Star FC,Chamois Niortais FC,Paris Saint-Germain Féminin ,Olympique Lyonnais Féminin","United Kingdom, France, Germany, Spain, Italy, South Africa, Nigeria, Ivory Coast"
Eq-3,ForzaGoal,FORZA Flexible Training Cones [Pack of 6],1746.16881918819,cs@networldsports.com,1-866-861-9095,www.forzagoal.com,"Red Star FC,Chamois Niortais FC,Paris Saint-Germain Féminin ,Olympique Lyonnais Féminin","United Kingdom, France, Germany, Spain, Italy, South Africa, Nigeria, Ivory Coast"
Eq-3,ForzaGoal,FORZA Flexi Cones [Pack of 10],1746.16881918819,cs@networldsports.com,1-866-861-9095,www.forzagoal.com,"Red Star FC,Chamois Niortais FC,Paris Saint-Germain Féminin ,Olympique Lyonnais Féminin","United Kingdom, France, Germany, Spain, Italy, South Africa, Nigeria, Ivory Coast"
Eq-3,ForzaGoal,FORZA Training Cone Collector [Cone Champ],1746.16881918819,cs@networldsports.com,1-866-861-9095,www.forzagoal.com,"Red Star FC,Chamois Niortais FC,Paris Saint-Germain Féminin ,Olympique Lyonnais Féminin","United Kingdom, France, Germany, Spain, Italy, South Africa, Nigeria, Ivory Coast"
Eq-3,ForzaGoal,FORZA Flat Disc Markers [Pack of 10],1746.16881918819,cs@networldsports.com,1-866-861-9095,www.forzagoal.com,"Red Star FC,Chamois Niortais FC,Paris Saint-Germain Féminin ,Olympique Lyonnais Féminin","United Kingdom, France, Germany, Spain, Italy, South Africa, Nigeria, Ivory Coast"
Eq-3,ForzaGoal,FORZA Mini Flat Disc Markers [Pack of 20],1746.16881918819,cs@networldsports.com,1-866-861-9095,www.forzagoal.com,"Red Star FC,Chamois Niortais FC,Paris Saint-Germain Féminin ,Olympique Lyonnais Féminin","United Kingdom, France, Germany, Spain, Italy, South Africa, Nigeria, Ivory Coast"
Eq-3,ForzaGoal,FORZA Agility Training Octa Rings [6 Pack],1746.16881918819,cs@networldsports.com,1-866-861-9095,www.forzagoal.com,"Red Star FC,Chamois Niortais FC,Paris Saint-Germain Féminin ,Olympique Lyonnais Féminin","United Kingdom, France, Germany, Spain, Italy, South Africa, Nigeria, Ivory Coast"
Eq-3,ForzaGoal,FORZA Agility Rings [12 Pack],1746.16881918819,cs@networldsports.com,1-866-861-9095,www.forzagoal.com,"Red Star FC,Chamois Niortais FC,Paris Saint-Germain Féminin ,Olympique Lyonnais Féminin","United Kingdom, France, Germany, Spain, Italy, South Africa, Nigeria, Ivory Coast"
Eq-3,ForzaGoal,FORZA Carry Bag for Flat Disc Markers,1746.16881918819,cs@networldsports.com,1-866-861-9095,www.forzagoal.com,"Red Star FC,Chamois Niortais FC,Paris Saint-Germain Féminin ,Olympique Lyonnais Féminin","United Kingdom, France, Germany, Spain, Italy, South Africa, Nigeria, Ivory Coast"
Eq-3,ForzaGoal,FORZA Pro Tri Cone Hurdles [Pack of 8],1746.16881918819,cs@networldsports.com,1-866-861-9095,www.forzagoal.com,"Red Star FC,Chamois Niortais FC,Paris Saint-Germain Féminin ,Olympique Lyonnais Féminin","United Kingdom, France, Germany, Spain, Italy, South Africa, Nigeria, Ivory Coast"
Eq-3,ForzaGoal,FORZA Tri SuperCone Hurdles [10 QTY],1746.16881918819,cs@networldsports.com,1-866-861-9095,www.forzagoal.com,"Red Star FC,Chamois Niortais FC,Paris Saint-Germain Féminin ,Olympique Lyonnais Féminin","United Kingdom, France, Germany, Spain, Italy, South Africa, Nigeria, Ivory Coast"
Eq-3,ForzaGoal,FORZA SuperCone Soccer Hurdles [Pack of 20],1746.16881918819,cs@networldsports.com,1-866-861-9095,www.forzagoal.com,"Red Star FC,Chamois Niortais FC,Paris Saint-Germain Féminin ,Olympique Lyonnais Féminin","United Kingdom, France, Germany, Spain, Italy, South Africa, Nigeria, Ivory Coast"
Eq-3,ForzaGoal,FORZA Adjustable Training Hurdles [4ft/5ft],1746.16881918819,cs@networldsports.com,1-866-861-9095,www.forzagoal.com,"Red Star FC,Chamois Niortais FC,Paris Saint-Germain Féminin ,Olympique Lyonnais Féminin","United Kingdom, France, Germany, Spain, Italy, South Africa, Nigeria, Ivory Coast"
Eq-3,ForzaGoal,FORZA Hurdle/Agility Poles & Clips,1746.16881918819,cs@networldsports.com,1-866-861-9095,www.forzagoal.com,"Red Star FC,Chamois Niortais FC,Paris Saint-Germain Féminin ,Olympique Lyonnais Féminin","United Kingdom, France, Germany, Spain, Italy, South Africa, Nigeria, Ivory Coast"
Eq-3,ForzaGoal,FORZA Winter Thermal Soccer Gloves [Sizes 4-11],1746.16881918819,cs@networldsports.com,1-866-861-9095,www.forzagoal.com,"Red Star FC,Chamois Niortais FC,Paris Saint-Germain Féminin ,Olympique Lyonnais Féminin","United Kingdom, France, Germany, Spain, Italy, South Africa, Nigeria, Ivory Coast"
Eq-3,ForzaGoal,FORZA Solo Soccer Return Trainer,1746.16881918819,cs@networldsports.com,1-866-861-9095,www.forzagoal.com,"Red Star FC,Chamois Niortais FC,Paris Saint-Germain Féminin ,Olympique Lyonnais Féminin","United Kingdom, France, Germany, Spain, Italy, South Africa, Nigeria, Ivory Coast"
Eq-3,ForzaGoal,FORZA Solo Soccer Kick Trainer,1746.16881918819,cs@networldsports.com,1-866-861-9095,www.forzagoal.com,"Red Star FC,Chamois Niortais FC,Paris Saint-Germain Féminin ,Olympique Lyonnais Féminin","United Kingdom, France, Germany, Spain, Italy, South Africa, Nigeria, Ivory Coast"
Eq-3,ForzaGoal,FORZA Worlds Smallest Target Goal,1746.16881918819,cs@networldsports.com,1-866-861-9095,www.forzagoal.com,"Red Star FC,Chamois Niortais FC,Paris Saint-Germain Féminin ,Olympique Lyonnais Féminin","United Kingdom, France, Germany, Spain, Italy, South Africa, Nigeria, Ivory Coast"
Eq-3,ForzaGoal,FORZA Speed Training Hurdles [6 Pack],1746.16881918819,cs@networldsports.com,1-866-861-9095,www.forzagoal.com,"Red Star FC,Chamois Niortais FC,Paris Saint-Germain Féminin ,Olympique Lyonnais Féminin","United Kingdom, France, Germany, Spain, Italy, South Africa, Nigeria, Ivory Coast"
Eq-3,ForzaGoal,FORZA Smart Training Hurdles [Pack of 5],1746.16881918819,cs@networldsports.com,1-866-861-9095,www.forzagoal.com,"Red Star FC,Chamois Niortais FC,Paris Saint-Germain Féminin ,Olympique Lyonnais Féminin","United Kingdom, France, Germany, Spain, Italy, South Africa, Nigeria, Ivory Coast"
Eq-3,ForzaGoal,FORZA Lite Strapless Goalkeeper Gloves [SIZES 4-11],1746.16881918819,cs@networldsports.com,1-866-861-9095,www.forzagoal.com,"Red Star FC,Chamois Niortais FC,Paris Saint-Germain Féminin ,Olympique Lyonnais Féminin","United Kingdom, France, Germany, Spain, Italy, South Africa, Nigeria, Ivory Coast"
Eq-3,ForzaGoal,FORZA Soccer Free Kick Mannequins [3 Sizes],1746.16881918819,cs@networldsports.com,1-866-861-9095,www.forzagoal.com,"Red Star FC,Chamois Niortais FC,Paris Saint-Germain Féminin ,Olympique Lyonnais Féminin","United Kingdom, France, Germany, Spain, Italy, South Africa, Nigeria, Ivory Coast"
Eq-3,ForzaGoal,FORZA 6ft Airflow Soccer Mannequins,1746.16881918819,cs@networldsports.com,1-866-861-9095,www.forzagoal.com,"Red Star FC,Chamois Niortais FC,Paris Saint-Germain Féminin ,Olympique Lyonnais Féminin","United Kingdom, France, Germany, Spain, Italy, South Africa, Nigeria, Ivory Coast"
Eq-3,ForzaGoal,FORZA 6ft Elite HD Soccer Mannequins [1 Pack / 3 Pack],1746.16881918819,cs@networldsports.com,1-866-861-9095,www.forzagoal.com,"Red Star FC,Chamois Niortais FC,Paris Saint-Germain Féminin ,Olympique Lyonnais Féminin","United Kingdom, France, Germany, Spain, Italy, South Africa, Nigeria, Ivory Coast"
Eq-3,ForzaGoal,FORZA ASTRO Soccer Mannequins [Includes Bases],1746.16881918819,cs@networldsports.com,1-866-861-9095,www.forzagoal.com,"Red Star FC,Chamois Niortais FC,Paris Saint-Germain Féminin ,Olympique Lyonnais Féminin","United Kingdom, France, Germany, Spain, Italy, South Africa, Nigeria, Ivory Coast"
Eq-3,ForzaGoal,FORZA Pro Soccer Air Mannequins,1746.16881918819,cs@networldsports.com,1-866-861-9095,www.forzagoal.com,"Red Star FC,Chamois Niortais FC,Paris Saint-Germain Féminin ,Olympique Lyonnais Féminin","United Kingdom, France, Germany, Spain, Italy, South Africa, Nigeria, Ivory Coast"
Eq-3,ForzaGoal,Pop-Up Soccer Free Kick Mannequins [3 Pack],1746.16881918819,cs@networldsports.com,1-866-861-9095,www.forzagoal.com,"Red Star FC,Chamois Niortais FC,Paris Saint-Germain Féminin ,Olympique Lyonnais Féminin","United Kingdom, France, Germany, Spain, Italy, South Africa, Nigeria, Ivory Coast"
Eq-3,ForzaGoal,FORZA Rubber Base for Free Kick Mannequins [30lbs],1746.16881918819,cs@networldsports.com,1-866-861-9095,www.forzagoal.com,"Red Star FC,Chamois Niortais FC,Paris Saint-Germain Féminin ,Olympique Lyonnais Féminin","United Kingdom, France, Germany, Spain, Italy, South Africa, Nigeria, Ivory Coast"
Eq-3,ForzaGoal,FORZA 5ft Spring Loaded Slalom Training Poles [1in],1746.16881918819,cs@networldsports.com,1-866-861-9095,www.forzagoal.com,"Red Star FC,Chamois Niortais FC,Paris Saint-Germain Féminin ,Olympique Lyonnais Féminin","United Kingdom, France, Germany, Spain, Italy, South Africa, Nigeria, Ivory Coast"
Eq-3,ForzaGoal,"FORZA 6ft Spring Loaded Slalom Training Poles [1.5""]",1746.16881918819,cs@networldsports.com,1-866-861-9095,www.forzagoal.com,"Red Star FC,Chamois Niortais FC,Paris Saint-Germain Féminin ,Olympique Lyonnais Féminin","United Kingdom, France, Germany, Spain, Italy, South Africa, Nigeria, Ivory Coast"
Eq-3,ForzaGoal,FORZA 3ft/6ft Slalom Training Poles [1.5 inch] - 8x Colors,1746.16881918819,cs@networldsports.com,1-866-861-9095,www.forzagoal.com,"Red Star FC,Chamois Niortais FC,Paris Saint-Germain Féminin ,Olympique Lyonnais Féminin","United Kingdom, France, Germany, Spain, Italy, South Africa, Nigeria, Ivory Coast"
Eq-3,ForzaGoal,Jumbo Soccer Rebounder Net (9ft x 7ft),1746.16881918819,cs@networldsports.com,1-866-861-9095,www.forzagoal.com,"Red Star FC,Chamois Niortais FC,Paris Saint-Germain Féminin ,Olympique Lyonnais Féminin","United Kingdom, France, Germany, Spain, Italy, South Africa, Nigeria, Ivory Coast"
Eq-3,ForzaGoal,FORZA 1.5ft Mini Slalom Poles - 4x Colors [25mm/34mm] - Pack Of 8,1746.16881918819,cs@networldsports.com,1-866-861-9095,www.forzagoal.com,"Red Star FC,Chamois Niortais FC,Paris Saint-Germain Féminin ,Olympique Lyonnais Féminin","United Kingdom, France, Germany, Spain, Italy, South Africa, Nigeria, Ivory Coast"
Eq-3,ForzaGoal,FORZA ASTRO Slalom Poles With Bases [1.5ft / 5ft / 6ft High],1746.16881918819,cs@networldsports.com,1-866-861-9095,www.forzagoal.com,"Red Star FC,Chamois Niortais FC,Paris Saint-Germain Féminin ,Olympique Lyonnais Féminin","United Kingdom, France, Germany, Spain, Italy, South Africa, Nigeria, Ivory Coast"
Eq-3,ForzaGoal,Soccer Net Carry Bag,1746.16881918819,cs@networldsports.com,1-866-861-9095,www.forzagoal.com,"Red Star FC,Chamois Niortais FC,Paris Saint-Germain Féminin ,Olympique Lyonnais Féminin","United Kingdom, France, Germany, Spain, Italy, South Africa, Nigeria, Ivory Coast"
Eq-3,ForzaGoal,FORZA 4.5ft Boundary Poles [Pack of 4],1746.16881918819,cs@networldsports.com,1-866-861-9095,www.forzagoal.com,"Red Star FC,Chamois Niortais FC,Paris Saint-Germain Féminin ,Olympique Lyonnais Féminin","United Kingdom, France, Germany, Spain, Italy, South Africa, Nigeria, Ivory Coast"
Eq-3,ForzaGoal,Soccer Evasion Training Belt,1746.16881918819,cs@networldsports.com,1-866-861-9095,www.forzagoal.com,"Red Star FC,Chamois Niortais FC,Paris Saint-Germain Féminin ,Olympique Lyonnais Féminin","United Kingdom, France, Germany, Spain, Italy, South Africa, Nigeria, Ivory Coast"
Eq-3,ForzaGoal,METIS Reaction Training Lights [3x Pack Sizes],1746.16881918819,cs@networldsports.com,1-866-861-9095,www.forzagoal.com,"Red Star FC,Chamois Niortais FC,Paris Saint-Germain Féminin ,Olympique Lyonnais Féminin","United Kingdom, France, Germany, Spain, Italy, South Africa, Nigeria, Ivory Coast"
Eq-3,ForzaGoal,Sports Field Tape Measure,1746.16881918819,cs@networldsports.com,1-866-861-9095,www.forzagoal.com,"Red Star FC,Chamois Niortais FC,Paris Saint-Germain Féminin ,Olympique Lyonnais Féminin","United Kingdom, France, Germany, Spain, Italy, South Africa, Nigeria, Ivory Coast"
Eq-3,ForzaGoal,FORZA Multi-Use Training & Fitness Resistance Bands [4x Sizes],1746.16881918819,cs@networldsports.com,1-866-861-9095,www.forzagoal.com,"Red Star FC,Chamois Niortais FC,Paris Saint-Germain Féminin ,Olympique Lyonnais Féminin","United Kingdom, France, Germany, Spain, Italy, South Africa, Nigeria, Ivory Coast"
Eq-3,ForzaGoal,FORZA Soccer Tennis Cross X-Net,1746.16881918819,cs@networldsports.com,1-866-861-9095,www.forzagoal.com,"Red Star FC,Chamois Niortais FC,Paris Saint-Germain Féminin ,Olympique Lyonnais Féminin","United Kingdom, France, Germany, Spain, Italy, South Africa, Nigeria, Ivory Coast"
Eq-3,ForzaGoal,Vermont ProCourt Mini Soccer-Tennis Training Net,1746.16881918819,cs@networldsports.com,1-866-861-9095,www.forzagoal.com,"Red Star FC,Chamois Niortais FC,Paris Saint-Germain Féminin ,Olympique Lyonnais Féminin","United Kingdom, France, Germany, Spain, Italy, South Africa, Nigeria, Ivory Coast"
Eq-3,ForzaGoal,FORZA Pro Portable Soccer Tennis Net [Adjustable Height],1746.16881918819,cs@networldsports.com,1-866-861-9095,www.forzagoal.com,"Red Star FC,Chamois Niortais FC,Paris Saint-Germain Féminin ,Olympique Lyonnais Féminin","United Kingdom, France, Germany, Spain, Italy, South Africa, Nigeria, Ivory Coast"
Eq-3,ForzaGoal,FORZA Soccer Water Bottle Carrier,1746.16881918819,cs@networldsports.com,1-866-861-9095,www.forzagoal.com,"Red Star FC,Chamois Niortais FC,Paris Saint-Germain Féminin ,Olympique Lyonnais Féminin","United Kingdom, France, Germany, Spain, Italy, South Africa, Nigeria, Ivory Coast"
Eq-3,ForzaGoal,METIS X FORZA Interactive Soccer Rebound Boards,1746.16881918819,cs@networldsports.com,1-866-861-9095,www.forzagoal.com,"Red Star FC,Chamois Niortais FC,Paris Saint-Germain Féminin ,Olympique Lyonnais Féminin","United Kingdom, France, Germany, Spain, Italy, South Africa, Nigeria, Ivory Coast"
Eq-3,ForzaGoal,FORZA Slalom Training Pole Carry Bag,1746.16881918819,cs@networldsports.com,1-866-861-9095,www.forzagoal.com,"Red Star FC,Chamois Niortais FC,Paris Saint-Germain Féminin ,Olympique Lyonnais Féminin","United Kingdom, France, Germany, Spain, Italy, South Africa, Nigeria, Ivory Coast"
Eq-3,ForzaGoal,FORZA A4 Magnetic Soccer Coaches Tactics Folder,1746.16881918819,cs@networldsports.com,1-866-861-9095,www.forzagoal.com,"Red Star FC,Chamois Niortais FC,Paris Saint-Germain Féminin ,Olympique Lyonnais Féminin","United Kingdom, France, Germany, Spain, Italy, South Africa, Nigeria, Ivory Coast"
Eq-3,ForzaGoal,FORZA Resistance Speed Chute,1746.16881918819,cs@networldsports.com,1-866-861-9095,www.forzagoal.com,"Red Star FC,Chamois Niortais FC,Paris Saint-Germain Féminin ,Olympique Lyonnais Féminin","United Kingdom, France, Germany, Spain, Italy, South Africa, Nigeria, Ivory Coast"
Eq-3,ForzaGoal,FORZA Goal Carry Bag,1746.16881918819,cs@networldsports.com,1-866-861-9095,www.forzagoal.com,"Red Star FC,Chamois Niortais FC,Paris Saint-Germain Féminin ,Olympique Lyonnais Féminin","United Kingdom, France, Germany, Spain, Italy, South Africa, Nigeria, Ivory Coast"
Eq-3,ForzaGoal,FORZA Slalom Pole Rubber Base [2.3kg],1746.16881918819,cs@networldsports.com,1-866-861-9095,www.forzagoal.com,"Red Star FC,Chamois Niortais FC,Paris Saint-Germain Féminin ,Olympique Lyonnais Féminin","United Kingdom, France, Germany, Spain, Italy, South Africa, Nigeria, Ivory Coast"
Eq-3,ForzaGoal,Stop That Ball - Ball Stop Net & Post System,1746.16881918819,cs@networldsports.com,1-866-861-9095,www.forzagoal.com,"Red Star FC,Chamois Niortais FC,Paris Saint-Germain Féminin ,Olympique Lyonnais Féminin","United Kingdom, France, Germany, Spain, Italy, South Africa, Nigeria, Ivory Coast"
Eq-3,ForzaGoal,FORZA Pro Soccer Goal Target Sheets,1746.16881918819,cs@networldsports.com,1-866-861-9095,www.forzagoal.com,"Red Star FC,Chamois Niortais FC,Paris Saint-Germain Féminin ,Olympique Lyonnais Féminin","United Kingdom, France, Germany, Spain, Italy, South Africa, Nigeria, Ivory Coast"
Eq-3,ForzaGoal,FORZA Soccer Goal Target Sheets,1746.16881918819,cs@networldsports.com,1-866-861-9095,www.forzagoal.com,"Red Star FC,Chamois Niortais FC,Paris Saint-Germain Féminin ,Olympique Lyonnais Féminin","United Kingdom, France, Germany, Spain, Italy, South Africa, Nigeria, Ivory Coast"
Eq-3,ForzaGoal,FORZA Soccer Training Passing Arcs,1746.16881918819,cs@networldsports.com,1-866-861-9095,www.forzagoal.com,"Red Star FC,Chamois Niortais FC,Paris Saint-Germain Féminin ,Olympique Lyonnais Féminin","United Kingdom, France, Germany, Spain, Italy, South Africa, Nigeria, Ivory Coast"
Eq-3,ForzaGoal,FORZA POD Soccer Goal Target Sheet [3 Sizes],1746.16881918819,cs@networldsports.com,1-866-861-9095,www.forzagoal.com,"Red Star FC,Chamois Niortais FC,Paris Saint-Germain Féminin ,Olympique Lyonnais Féminin","United Kingdom, France, Germany, Spain, Italy, South Africa, Nigeria, Ivory Coast"
Eq-3,ForzaGoal,FORZA Touch Control Soccer Ball [Size 3 | 16oz],1746.16881918819,cs@networldsports.com,1-866-861-9095,www.forzagoal.com,"Red Star FC,Chamois Niortais FC,Paris Saint-Germain Féminin ,Olympique Lyonnais Féminin","United Kingdom, France, Germany, Spain, Italy, South Africa, Nigeria, Ivory Coast"
Eq-3,ForzaGoal,FORZA World's Smallest Top Bins - Soccer Goal Corner Target,1746.16881918819,cs@networldsports.com,1-866-861-9095,www.forzagoal.com,"Red Star FC,Chamois Niortais FC,Paris Saint-Germain Féminin ,Olympique Lyonnais Féminin","United Kingdom, France, Germany, Spain, Italy, South Africa, Nigeria, Ivory Coast"
Eq-3,ForzaGoal,FORZA POD Goal Lite - Compact ALU40 Folding Soccer Goal,1746.16881918819,cs@networldsports.com,1-866-861-9095,www.forzagoal.com,"Red Star FC,Chamois Niortais FC,Paris Saint-Germain Féminin ,Olympique Lyonnais Féminin","United Kingdom, France, Germany, Spain, Italy, South Africa, Nigeria, Ivory Coast"
Eq-3,ForzaGoal,FORZA Training Soccer Balls [5x Colors],1746.16881918819,cs@networldsports.com,1-866-861-9095,www.forzagoal.com,"Red Star FC,Chamois Niortais FC,Paris Saint-Germain Féminin ,Olympique Lyonnais Féminin","United Kingdom, France, Germany, Spain, Italy, South Africa, Nigeria, Ivory Coast"
Eq-3,ForzaGoal,FORZA Mesh Ball Bag Backpack,1746.16881918819,cs@networldsports.com,1-866-861-9095,www.forzagoal.com,"Red Star FC,Chamois Niortais FC,Paris Saint-Germain Féminin ,Olympique Lyonnais Féminin","United Kingdom, France, Germany, Spain, Italy, South Africa, Nigeria, Ivory Coast"
Eq-3,ForzaGoal,Sports Drink Water Bottles (750ml),1746.16881918819,cs@networldsports.com,1-866-861-9095,www.forzagoal.com,"Red Star FC,Chamois Niortais FC,Paris Saint-Germain Féminin ,Olympique Lyonnais Féminin","United Kingdom, France, Germany, Spain, Italy, South Africa, Nigeria, Ivory Coast"
Eq-3,ForzaGoal,FORZA Drawstring Bag [2x Styles],1746.16881918819,cs@networldsports.com,1-866-861-9095,www.forzagoal.com,"Red Star FC,Chamois Niortais FC,Paris Saint-Germain Féminin ,Olympique Lyonnais Féminin","United Kingdom, France, Germany, Spain, Italy, South Africa, Nigeria, Ivory Coast"
Eq-3,ForzaGoal,FORZA 20in Cones [4x Colors],1746.16881918819,cs@networldsports.com,1-866-861-9095,www.forzagoal.com,"Red Star FC,Chamois Niortais FC,Paris Saint-Germain Féminin ,Olympique Lyonnais Féminin","United Kingdom, France, Germany, Spain, Italy, South Africa, Nigeria, Ivory Coast"
Eq-3,ForzaGoal,FORZA Pro Alu Rebounder,1746.16881918819,cs@networldsports.com,1-866-861-9095,www.forzagoal.com,"Red Star FC,Chamois Niortais FC,Paris Saint-Germain Féminin ,Olympique Lyonnais Féminin","United Kingdom, France, Germany, Spain, Italy, South Africa, Nigeria, Ivory Coast"
Eq-3,ForzaGoal,FORZA Premium Numbered Bibs [4x Pack Sizes],1746.16881918819,cs@networldsports.com,1-866-861-9095,www.forzagoal.com,"Red Star FC,Chamois Niortais FC,Paris Saint-Germain Féminin ,Olympique Lyonnais Féminin","United Kingdom, France, Germany, Spain, Italy, South Africa, Nigeria, Ivory Coast"
Eq-3,ForzaGoal,FORZA Premium Reversible Pinnies [Pack of 5],1746.16881918819,cs@networldsports.com,1-866-861-9095,www.forzagoal.com,"Red Star FC,Chamois Niortais FC,Paris Saint-Germain Féminin ,Olympique Lyonnais Féminin","United Kingdom, France, Germany, Spain, Italy, South Africa, Nigeria, Ivory Coast"
Eq-3,ForzaGoal,FORZA Pro Indoor Soccer Balls [3 Sizes],1746.16881918819,cs@networldsports.com,1-866-861-9095,www.forzagoal.com,"Red Star FC,Chamois Niortais FC,Paris Saint-Germain Féminin ,Olympique Lyonnais Féminin","United Kingdom, France, Germany, Spain, Italy, South Africa, Nigeria, Ivory Coast"
Eq-3,ForzaGoal,StadiumMax Grass Marking Tufts/Carrots [Pack Of 25],1746.16881918819,cs@networldsports.com,1-866-861-9095,www.forzagoal.com,"Red Star FC,Chamois Niortais FC,Paris Saint-Germain Féminin ,Olympique Lyonnais Féminin","United Kingdom, France, Germany, Spain, Italy, South Africa, Nigeria, Ivory Coast"
Eq-3,ForzaGoal,FORZA 328ft Pitch Line Marking Tape [White/Yellow/Blue],1746.16881918819,cs@networldsports.com,1-866-861-9095,www.forzagoal.com,"Red Star FC,Chamois Niortais FC,Paris Saint-Germain Féminin ,Olympique Lyonnais Féminin","United Kingdom, France, Germany, Spain, Italy, South Africa, Nigeria, Ivory Coast"
Eq-3,ForzaGoal,Speed & Agility Soccer Training Ladder,1746.16881918819,cs@networldsports.com,1-866-861-9095,www.forzagoal.com,"Red Star FC,Chamois Niortais FC,Paris Saint-Germain Féminin ,Olympique Lyonnais Féminin","United Kingdom, France, Germany, Spain, Italy, South Africa, Nigeria, Ivory Coast"
Eq-3,ForzaGoal,FORZA Near Flat Training Marker Cones [Pack of 50],1746.16881918819,cs@networldsports.com,1-866-861-9095,www.forzagoal.com,"Red Star FC,Chamois Niortais FC,Paris Saint-Germain Féminin ,Olympique Lyonnais Féminin","United Kingdom, France, Germany, Spain, Italy, South Africa, Nigeria, Ivory Coast"
Eq-3,ForzaGoal,FORZA Sicuro Goalkeeper Gloves,1746.16881918819,cs@networldsports.com,1-866-861-9095,www.forzagoal.com,"Red Star FC,Chamois Niortais FC,Paris Saint-Germain Féminin ,Olympique Lyonnais Féminin","United Kingdom, France, Germany, Spain, Italy, South Africa, Nigeria, Ivory Coast"
Eq-3,ForzaGoal,FORZA Centro Goalkeeper Gloves,1746.16881918819,cs@networldsports.com,1-866-861-9095,www.forzagoal.com,"Red Star FC,Chamois Niortais FC,Paris Saint-Germain Féminin ,Olympique Lyonnais Féminin","United Kingdom, France, Germany, Spain, Italy, South Africa, Nigeria, Ivory Coast"
Eq-3,ForzaGoal,Soccer Captains Armband,1746.16881918819,cs@networldsports.com,1-866-861-9095,www.forzagoal.com,"Red Star FC,Chamois Niortais FC,Paris Saint-Germain Féminin ,Olympique Lyonnais Féminin","United Kingdom, France, Germany, Spain, Italy, South Africa, Nigeria, Ivory Coast"
Eq-3,ForzaGoal,FORZA FLASH Pop-Up Soccer Goals,1746.16881918819,cs@networldsports.com,1-866-861-9095,www.forzagoal.com,"Red Star FC,Chamois Niortais FC,Paris Saint-Germain Féminin ,Olympique Lyonnais Féminin","United Kingdom, France, Germany, Spain, Italy, South Africa, Nigeria, Ivory Coast"
Eq-3,ForzaGoal,Black Armband (Mourning/Memorial),1746.16881918819,cs@networldsports.com,1-866-861-9095,www.forzagoal.com,"Red Star FC,Chamois Niortais FC,Paris Saint-Germain Féminin ,Olympique Lyonnais Féminin","United Kingdom, France, Germany, Spain, Italy, South Africa, Nigeria, Ivory Coast"
Eq-3,ForzaGoal,Brass Referee Whistle & Lanyard,1746.16881918819,cs@networldsports.com,1-866-861-9095,www.forzagoal.com,"Red Star FC,Chamois Niortais FC,Paris Saint-Germain Féminin ,Olympique Lyonnais Féminin","United Kingdom, France, Germany, Spain, Italy, South Africa, Nigeria, Ivory Coast"
Eq-3,ForzaGoal,FORZA Soccer Ball Carry Bag,1746.16881918819,cs@networldsports.com,1-866-861-9095,www.forzagoal.com,"Red Star FC,Chamois Niortais FC,Paris Saint-Germain Féminin ,Olympique Lyonnais Féminin","United Kingdom, France, Germany, Spain, Italy, South Africa, Nigeria, Ivory Coast"
Eq-3,ForzaGoal,FORZA Mini Target Goal [3ft x 2.5ft],1746.16881918819,cs@networldsports.com,1-866-861-9095,www.forzagoal.com,"Red Star FC,Chamois Niortais FC,Paris Saint-Germain Féminin ,Olympique Lyonnais Féminin","United Kingdom, France, Germany, Spain, Italy, South Africa, Nigeria, Ivory Coast"
Eq-3,ForzaGoal,44lbs Sandbag Goal Weight,1746.16881918819,cs@networldsports.com,1-866-861-9095,www.forzagoal.com,"Red Star FC,Chamois Niortais FC,Paris Saint-Germain Féminin ,Olympique Lyonnais Féminin","United Kingdom, France, Germany, Spain, Italy, South Africa, Nigeria, Ivory Coast"
Eq-3,ForzaGoal,FORZA Soccer Rebound Wall,1746.16881918819,cs@networldsports.com,1-866-861-9095,www.forzagoal.com,"Red Star FC,Chamois Niortais FC,Paris Saint-Germain Féminin ,Olympique Lyonnais Féminin","United Kingdom, France, Germany, Spain, Italy, South Africa, Nigeria, Ivory Coast"
Eq-3,ForzaGoal,Socketed STOP THAT BALL - Ball Stop Net & Posts [12ft High],1746.16881918819,cs@networldsports.com,1-866-861-9095,www.forzagoal.com,"Red Star FC,Chamois Niortais FC,Paris Saint-Germain Féminin ,Olympique Lyonnais Féminin","United Kingdom, France, Germany, Spain, Italy, South Africa, Nigeria, Ivory Coast"
Eq-3,ForzaGoal,Team Hygiene Water Bottle (34fl oz),1746.16881918819,cs@networldsports.com,1-866-861-9095,www.forzagoal.com,"Red Star FC,Chamois Niortais FC,Paris Saint-Germain Féminin ,Olympique Lyonnais Féminin","United Kingdom, France, Germany, Spain, Italy, South Africa, Nigeria, Ivory Coast"
Eq-3,ForzaGoal,10 Water Bottles (750ml) & Foldable Bottle Carrier,1746.16881918819,cs@networldsports.com,1-866-861-9095,www.forzagoal.com,"Red Star FC,Chamois Niortais FC,Paris Saint-Germain Féminin ,Olympique Lyonnais Féminin","United Kingdom, France, Germany, Spain, Italy, South Africa, Nigeria, Ivory Coast"
Eq-3,ForzaGoal,FORZA 10 Hygiene Bottles (34fl oz) & Foldable Bottle Carrier,1746.16881918819,cs@networldsports.com,1-866-861-9095,www.forzagoal.com,"Red Star FC,Chamois Niortais FC,Paris Saint-Germain Féminin ,Olympique Lyonnais Féminin","United Kingdom, France, Germany, Spain, Italy, South Africa, Nigeria, Ivory Coast"
Eq-3,ForzaGoal,Soccer Kit Bags [7x Sizes],1746.16881918819,cs@networldsports.com,1-866-861-9095,www.forzagoal.com,"Red Star FC,Chamois Niortais FC,Paris Saint-Germain Féminin ,Olympique Lyonnais Féminin","United Kingdom, France, Germany, Spain, Italy, South Africa, Nigeria, Ivory Coast"
Eq-3,ForzaGoal,FORZA Soccer Tactics/Coaching Board Carry Bags,1746.16881918819,cs@networldsports.com,1-866-861-9095,www.forzagoal.com,"Red Star FC,Chamois Niortais FC,Paris Saint-Germain Féminin ,Olympique Lyonnais Féminin","United Kingdom, France, Germany, Spain, Italy, South Africa, Nigeria, Ivory Coast"
Eq-3,ForzaGoal,RapidFire Mega X Soccer Rebounder,1746.16881918819,cs@networldsports.com,1-866-861-9095,www.forzagoal.com,"Red Star FC,Chamois Niortais FC,Paris Saint-Germain Féminin ,Olympique Lyonnais Féminin","United Kingdom, France, Germany, Spain, Italy, South Africa, Nigeria, Ivory Coast"
Eq-3,ForzaGoal,RapidFire Mega Soccer Rebounder,1746.16881918819,cs@networldsports.com,1-866-861-9095,www.forzagoal.com,"Red Star FC,Chamois Niortais FC,Paris Saint-Germain Féminin ,Olympique Lyonnais Féminin","United Kingdom, France, Germany, Spain, Italy, South Africa, Nigeria, Ivory Coast"
Eq-3,ForzaGoal,FORZA Handheld Soccer Rebounder,1746.16881918819,cs@networldsports.com,1-866-861-9095,www.forzagoal.com,"Red Star FC,Chamois Niortais FC,Paris Saint-Germain Féminin ,Olympique Lyonnais Féminin","United Kingdom, France, Germany, Spain, Italy, South Africa, Nigeria, Ivory Coast"
Eq-3,ForzaGoal,FORZA Soccer Coaching Clipboard,1746.16881918819,cs@networldsports.com,1-866-861-9095,www.forzagoal.com,"Red Star FC,Chamois Niortais FC,Paris Saint-Germain Féminin ,Olympique Lyonnais Féminin","United Kingdom, France, Germany, Spain, Italy, South Africa, Nigeria, Ivory Coast"
Eq-3,ForzaGoal,FORZA 18in x 12in Double-Sided Soccer Coaching Tactics Boards,1746.16881918819,cs@networldsports.com,1-866-861-9095,www.forzagoal.com,"Red Star FC,Chamois Niortais FC,Paris Saint-Germain Féminin ,Olympique Lyonnais Féminin","United Kingdom, France, Germany, Spain, Italy, South Africa, Nigeria, Ivory Coast"
Eq-3,ForzaGoal,FORZA Pro A4 Soccer Coaching Folder,1746.16881918819,cs@networldsports.com,1-866-861-9095,www.forzagoal.com,"Red Star FC,Chamois Niortais FC,Paris Saint-Germain Féminin ,Olympique Lyonnais Féminin","United Kingdom, France, Germany, Spain, Italy, South Africa, Nigeria, Ivory Coast"
Eq-3,ForzaGoal,FORZA 60in x 47in Wheeled Soccer Coaching Whiteboard,1746.16881918819,cs@networldsports.com,1-866-861-9095,www.forzagoal.com,"Red Star FC,Chamois Niortais FC,Paris Saint-Germain Féminin ,Olympique Lyonnais Féminin","United Kingdom, France, Germany, Spain, Italy, South Africa, Nigeria, Ivory Coast"
Eq-3,ForzaGoal,FORZA 35in x 24in Double-Sided Soccer Coaching Board,1746.16881918819,cs@networldsports.com,1-866-861-9095,www.forzagoal.com,"Red Star FC,Chamois Niortais FC,Paris Saint-Germain Féminin ,Olympique Lyonnais Féminin","United Kingdom, France, Germany, Spain, Italy, South Africa, Nigeria, Ivory Coast"
Eq-3,ForzaGoal,FORZA Icon+ Official Match Soccer Balls [FIFA Quality Pro],1746.16881918819,cs@networldsports.com,1-866-861-9095,www.forzagoal.com,"Red Star FC,Chamois Niortais FC,Paris Saint-Germain Féminin ,Olympique Lyonnais Féminin","United Kingdom, France, Germany, Spain, Italy, South Africa, Nigeria, Ivory Coast"
Eq-3,ForzaGoal,FORZA Icon Soccer Balls [FIFA Quality],1746.16881918819,cs@networldsports.com,1-866-861-9095,www.forzagoal.com,"Red Star FC,Chamois Niortais FC,Paris Saint-Germain Féminin ,Olympique Lyonnais Féminin","United Kingdom, France, Germany, Spain, Italy, South Africa, Nigeria, Ivory Coast"
Eq-3,ForzaGoal,FORZA Club Soccer Balls [FIFA Basic],1746.16881918819,cs@networldsports.com,1-866-861-9095,www.forzagoal.com,"Red Star FC,Chamois Niortais FC,Paris Saint-Germain Féminin ,Olympique Lyonnais Féminin","United Kingdom, France, Germany, Spain, Italy, South Africa, Nigeria, Ivory Coast"
Eq-3,ForzaGoal,FORZA Touch Control Soccer Ball [Size 3 | 16oz],1746.16881918819,cs@networldsports.com,1-866-861-9095,www.forzagoal.com,"Red Star FC,Chamois Niortais FC,Paris Saint-Germain Féminin ,Olympique Lyonnais Féminin","United Kingdom, France, Germany, Spain, Italy, South Africa, Nigeria, Ivory Coast"
Eq-3,ForzaGoal,FORZA Academy Soccer Balls [FIFA Basic],1746.16881918819,cs@networldsports.com,1-866-861-9095,www.forzagoal.com,"Red Star FC,Chamois Niortais FC,Paris Saint-Germain Féminin ,Olympique Lyonnais Féminin","United Kingdom, France, Germany, Spain, Italy, South Africa, Nigeria, Ivory Coast"
Eq-3,ForzaGoal,FORZA Mini Skills Soccer Ball [Size 1],1746.16881918819,cs@networldsports.com,1-866-861-9095,www.forzagoal.com,"Red Star FC,Chamois Niortais FC,Paris Saint-Germain Féminin ,Olympique Lyonnais Féminin","United Kingdom, France, Germany, Spain, Italy, South Africa, Nigeria, Ivory Coast"
Eq-3,ForzaGoal,FORZA Training Soccer Balls [5x Colors],1746.16881918819,cs@networldsports.com,1-866-861-9095,www.forzagoal.com,"Red Star FC,Chamois Niortais FC,Paris Saint-Germain Féminin ,Olympique Lyonnais Féminin","United Kingdom, France, Germany, Spain, Italy, South Africa, Nigeria, Ivory Coast"
Eq-3,ForzaGoal,FORZA Backyard Soccer Balls,1746.16881918819,cs@networldsports.com,1-866-861-9095,www.forzagoal.com,"Red Star FC,Chamois Niortais FC,Paris Saint-Germain Féminin ,Olympique Lyonnais Féminin","United Kingdom, France, Germany, Spain, Italy, South Africa, Nigeria, Ivory Coast"
Eq-3,ForzaGoal,FORZA Pro Futsal Soccer Balls [FIFA Quality],1746.16881918819,cs@networldsports.com,1-866-861-9095,www.forzagoal.com,"Red Star FC,Chamois Niortais FC,Paris Saint-Germain Féminin ,Olympique Lyonnais Féminin","United Kingdom, France, Germany, Spain, Italy, South Africa, Nigeria, Ivory Coast"
Eq-3,ForzaGoal,FORZA Futsal Soccer Balls,1746.16881918819,cs@networldsports.com,1-866-861-9095,www.forzagoal.com,"Red Star FC,Chamois Niortais FC,Paris Saint-Germain Féminin ,Olympique Lyonnais Féminin","United Kingdom, France, Germany, Spain, Italy, South Africa, Nigeria, Ivory Coast"
Eq-3,ForzaGoal,FORZA Lightweight Heading Soccer Balls [Size 3/4/5],1746.16881918819,cs@networldsports.com,1-866-861-9095,www.forzagoal.com,"Red Star FC,Chamois Niortais FC,Paris Saint-Germain Féminin ,Olympique Lyonnais Féminin","United Kingdom, France, Germany, Spain, Italy, South Africa, Nigeria, Ivory Coast"
Eq-3,ForzaGoal,FORZA Size 5 Indoor Soccer Balls,1746.16881918819,cs@networldsports.com,1-866-861-9095,www.forzagoal.com,"Red Star FC,Chamois Niortais FC,Paris Saint-Germain Féminin ,Olympique Lyonnais Féminin","United Kingdom, France, Germany, Spain, Italy, South Africa, Nigeria, Ivory Coast"
Eq-3,ForzaGoal,FORZA Indoor Soccer Balls [3 Sizes],1746.16881918819,cs@networldsports.com,1-866-861-9095,www.forzagoal.com,"Red Star FC,Chamois Niortais FC,Paris Saint-Germain Féminin ,Olympique Lyonnais Féminin","United Kingdom, France, Germany, Spain, Italy, South Africa, Nigeria, Ivory Coast"
Eq-3,ForzaGoal,Custom FORZA Soccer Balls [Choose Colors & Add Logos],1746.16881918819,cs@networldsports.com,1-866-861-9095,www.forzagoal.com,"Red Star FC,Chamois Niortais FC,Paris Saint-Germain Féminin ,Olympique Lyonnais Féminin","United Kingdom, France, Germany, Spain, Italy, South Africa, Nigeria, Ivory Coast"
Eq-3,ForzaGoal,FORZA Pro Indoor Soccer Balls [3 Sizes],1746.16881918819,cs@networldsports.com,1-866-861-9095,www.forzagoal.com,"Red Star FC,Chamois Niortais FC,Paris Saint-Germain Féminin ,Olympique Lyonnais Féminin","United Kingdom, France, Germany, Spain, Italy, South Africa, Nigeria, Ivory Coast"
Eq-3,ForzaGoal,FORZA Beach Soccer ball [3 Sizes],1746.16881918819,cs@networldsports.com,1-866-861-9095,www.forzagoal.com,"Red Star FC,Chamois Niortais FC,Paris Saint-Germain Féminin ,Olympique Lyonnais Féminin","United Kingdom, France, Germany, Spain, Italy, South Africa, Nigeria, Ivory Coast"
Eq-3,ForzaGoal,FORZA Infinity Freestyle Footballs,1746.16881918819,cs@networldsports.com,1-866-861-9095,www.forzagoal.com,"Red Star FC,Chamois Niortais FC,Paris Saint-Germain Féminin ,Olympique Lyonnais Féminin","United Kingdom, France, Germany, Spain, Italy, South Africa, Nigeria, Ivory Coast"
Eq-3,ForzaGoal,FORZA Freestyle Denim Soccer Ball,1746.16881918819,cs@networldsports.com,1-866-861-9095,www.forzagoal.com,"Red Star FC,Chamois Niortais FC,Paris Saint-Germain Féminin ,Olympique Lyonnais Féminin","United Kingdom, France, Germany, Spain, Italy, South Africa, Nigeria, Ivory Coast"
Eq-3,ForzaGoal,FORZA GK Pro Weighted Soccer Balls,1746.16881918819,cs@networldsports.com,1-866-861-9095,www.forzagoal.com,"Red Star FC,Chamois Niortais FC,Paris Saint-Germain Féminin ,Olympique Lyonnais Féminin","United Kingdom, France, Germany, Spain, Italy, South Africa, Nigeria, Ivory Coast"
Eq-3,ForzaGoal,FORZA Pro GK React Soccer Balls (Irregular Bounce),1746.16881918819,cs@networldsports.com,1-866-861-9095,www.forzagoal.com,"Red Star FC,Chamois Niortais FC,Paris Saint-Germain Féminin ,Olympique Lyonnais Féminin","United Kingdom, France, Germany, Spain, Italy, South Africa, Nigeria, Ivory Coast"
Eq-3,ForzaGoal,FORZA GK Reflex Soccer Balls,1746.16881918819,cs@networldsports.com,1-866-861-9095,www.forzagoal.com,"Red Star FC,Chamois Niortais FC,Paris Saint-Germain Féminin ,Olympique Lyonnais Féminin","United Kingdom, France, Germany, Spain, Italy, South Africa, Nigeria, Ivory Coast"
Eq-3,ForzaGoal,FORZA Icon Beach Soccer Balls [FIFA Quality Pro],1746.16881918819,cs@networldsports.com,1-866-861-9095,www.forzagoal.com,"Red Star FC,Chamois Niortais FC,Paris Saint-Germain Féminin ,Olympique Lyonnais Féminin","United Kingdom, France, Germany, Spain, Italy, South Africa, Nigeria, Ivory Coast"
Eq-3,ForzaGoal,FORZA Digital Ball Pump,1746.16881918819,cs@networldsports.com,1-866-861-9095,www.forzagoal.com,"Red Star FC,Chamois Niortais FC,Paris Saint-Germain Féminin ,Olympique Lyonnais Féminin","United Kingdom, France, Germany, Spain, Italy, South Africa, Nigeria, Ivory Coast"
Eq-3,ForzaGoal,FORZA Electric Ball Pump [120v],1746.16881918819,cs@networldsports.com,1-866-861-9095,www.forzagoal.com,"Red Star FC,Chamois Niortais FC,Paris Saint-Germain Féminin ,Olympique Lyonnais Féminin","United Kingdom, France, Germany, Spain, Italy, South Africa, Nigeria, Ivory Coast"
Eq-3,ForzaGoal,FORZA Solo Soccer Kick Trainer,1746.16881918819,cs@networldsports.com,1-866-861-9095,www.forzagoal.com,"Red Star FC,Chamois Niortais FC,Paris Saint-Germain Féminin ,Olympique Lyonnais Féminin","United Kingdom, France, Germany, Spain, Italy, South Africa, Nigeria, Ivory Coast"
Eq-3,ForzaGoal,FORZA Solo Soccer Return Trainer,1746.16881918819,cs@networldsports.com,1-866-861-9095,www.forzagoal.com,"Red Star FC,Chamois Niortais FC,Paris Saint-Germain Féminin ,Olympique Lyonnais Féminin","United Kingdom, France, Germany, Spain, Italy, South Africa, Nigeria, Ivory Coast"
Eq-3,ForzaGoal,FORZA Soccer Balls & Carry Bag [12 Pack + Bag],1746.16881918819,cs@networldsports.com,1-866-861-9095,www.forzagoal.com,"Red Star FC,Chamois Niortais FC,Paris Saint-Germain Féminin ,Olympique Lyonnais Féminin","United Kingdom, France, Germany, Spain, Italy, South Africa, Nigeria, Ivory Coast"
Eq-3,ForzaGoal,FORZA Premier Ball Carry Bag,1746.16881918819,cs@networldsports.com,1-866-861-9095,www.forzagoal.com,"Red Star FC,Chamois Niortais FC,Paris Saint-Germain Féminin ,Olympique Lyonnais Féminin","United Kingdom, France, Germany, Spain, Italy, South Africa, Nigeria, Ivory Coast"
Eq-3,ForzaGoal,FORZA Mesh Ball Bag Backpack,1746.16881918819,cs@networldsports.com,1-866-861-9095,www.forzagoal.com,"Red Star FC,Chamois Niortais FC,Paris Saint-Germain Féminin ,Olympique Lyonnais Féminin","United Kingdom, France, Germany, Spain, Italy, South Africa, Nigeria, Ivory Coast"
Eq-3,ForzaGoal,FORZA Soccer Ball Stirrup Pump,1746.16881918819,cs@networldsports.com,1-866-861-9095,www.forzagoal.com,"Red Star FC,Chamois Niortais FC,Paris Saint-Germain Féminin ,Olympique Lyonnais Féminin","United Kingdom, France, Germany, Spain, Italy, South Africa, Nigeria, Ivory Coast"
Eq-3,ForzaGoal,Ball Pressure Gauge,1746.16881918819,cs@networldsports.com,1-866-861-9095,www.forzagoal.com,"Red Star FC,Chamois Niortais FC,Paris Saint-Germain Féminin ,Olympique Lyonnais Féminin","United Kingdom, France, Germany, Spain, Italy, South Africa, Nigeria, Ivory Coast"
Eq-3,ForzaGoal,FORZA Double Action Hand Air Pump,1746.16881918819,cs@networldsports.com,1-866-861-9095,www.forzagoal.com,"Red Star FC,Chamois Niortais FC,Paris Saint-Germain Féminin ,Olympique Lyonnais Féminin","United Kingdom, France, Germany, Spain, Italy, South Africa, Nigeria, Ivory Coast"
Eq-3,ForzaGoal,FORZA Soccer Ball Carry Bag,1746.16881918819,cs@networldsports.com,1-866-861-9095,www.forzagoal.com,"Red Star FC,Chamois Niortais FC,Paris Saint-Germain Féminin ,Olympique Lyonnais Féminin","United Kingdom, France, Germany, Spain, Italy, South Africa, Nigeria, Ivory Coast"
Eq-3,ForzaGoal,FORZA Drawstring Bag [2x Styles],1746.16881918819,cs@networldsports.com,1-866-861-9095,www.forzagoal.com,"Red Star FC,Chamois Niortais FC,Paris Saint-Germain Féminin ,Olympique Lyonnais Féminin","United Kingdom, France, Germany, Spain, Italy, South Africa, Nigeria, Ivory Coast"
Eq-3,ForzaGoal,FORZA Jumbo Ball Bag [20+ Ball Storage],1746.16881918819,cs@networldsports.com,1-866-861-9095,www.forzagoal.com,"Red Star FC,Chamois Niortais FC,Paris Saint-Germain Féminin ,Olympique Lyonnais Féminin","United Kingdom, France, Germany, Spain, Italy, South Africa, Nigeria, Ivory Coast"
Eq-3,ForzaGoal,Soccer Ball Pump And Needle - FORZA Pump That Ball,1746.16881918819,cs@networldsports.com,1-866-861-9095,www.forzagoal.com,"Red Star FC,Chamois Niortais FC,Paris Saint-Germain Féminin ,Olympique Lyonnais Féminin","United Kingdom, France, Germany, Spain, Italy, South Africa, Nigeria, Ivory Coast"
Eq-3,ForzaGoal,FORZA Tube Ball Bag [5x Ball Capacity],1746.16881918819,cs@networldsports.com,1-866-861-9095,www.forzagoal.com,"Red Star FC,Chamois Niortais FC,Paris Saint-Germain Féminin ,Olympique Lyonnais Féminin","United Kingdom, France, Germany, Spain, Italy, South Africa, Nigeria, Ivory Coast"
Eq-3,ForzaGoal,Soccer Ball Pump Needles (Pack of 5),1746.16881918819,cs@networldsports.com,1-866-861-9095,www.forzagoal.com,"Red Star FC,Chamois Niortais FC,Paris Saint-Germain Féminin ,Olympique Lyonnais Féminin","United Kingdom, France, Germany, Spain, Italy, South Africa, Nigeria, Ivory Coast"
Eq-3,ForzaGoal,FORZA XL Sports Equipment Storage Cabinet & Cart,1746.16881918819,cs@networldsports.com,1-866-861-9095,www.forzagoal.com,"Red Star FC,Chamois Niortais FC,Paris Saint-Germain Féminin ,Olympique Lyonnais Féminin","United Kingdom, France, Germany, Spain, Italy, South Africa, Nigeria, Ivory Coast"
Eq-3,ForzaGoal,FORZA Sports & PE Storage Trolley with Drawers,1746.16881918819,cs@networldsports.com,1-866-861-9095,www.forzagoal.com,"Red Star FC,Chamois Niortais FC,Paris Saint-Germain Féminin ,Olympique Lyonnais Féminin","United Kingdom, France, Germany, Spain, Italy, South Africa, Nigeria, Ivory Coast"
Eq-3,ForzaGoal,FORZA FLASH Pop-Up Soccer Goals,1746.16881918819,cs@networldsports.com,1-866-861-9095,www.forzagoal.com,"Red Star FC,Chamois Niortais FC,Paris Saint-Germain Féminin ,Olympique Lyonnais Féminin","United Kingdom, France, Germany, Spain, Italy, South Africa, Nigeria, Ivory Coast"
Eq-3,ForzaGoal,FORZA Flash Square Pop-Up Soccer Goals [4ft x 3ft],1746.16881918819,cs@networldsports.com,1-866-861-9095,www.forzagoal.com,"Red Star FC,Chamois Niortais FC,Paris Saint-Germain Féminin ,Olympique Lyonnais Féminin","United Kingdom, France, Germany, Spain, Italy, South Africa, Nigeria, Ivory Coast"
Eq-3,ForzaGoal,FORZA Worlds Smallest Target Goal,1746.16881918819,cs@networldsports.com,1-866-861-9095,www.forzagoal.com,"Red Star FC,Chamois Niortais FC,Paris Saint-Germain Féminin ,Olympique Lyonnais Féminin","United Kingdom, France, Germany, Spain, Italy, South Africa, Nigeria, Ivory Coast"
Eq-3,ForzaGoal,FORZA Mini Target Goal [3ft x 2.5ft],1746.16881918819,cs@networldsports.com,1-866-861-9095,www.forzagoal.com,"Red Star FC,Chamois Niortais FC,Paris Saint-Germain Féminin ,Olympique Lyonnais Féminin","United Kingdom, France, Germany, Spain, Italy, South Africa, Nigeria, Ivory Coast"
Eq-3,ForzaGoal,6 x 4 FORZA Soccer Goal Post,1746.16881918819,cs@networldsports.com,1-866-861-9095,www.forzagoal.com,"Red Star FC,Chamois Niortais FC,Paris Saint-Germain Féminin ,Olympique Lyonnais Féminin","United Kingdom, France, Germany, Spain, Italy, South Africa, Nigeria, Ivory Coast"
Eq-3,ForzaGoal,8 x 4 FORZA Soccer Goal Post,1746.16881918819,cs@networldsports.com,1-866-861-9095,www.forzagoal.com,"Red Star FC,Chamois Niortais FC,Paris Saint-Germain Féminin ,Olympique Lyonnais Féminin","United Kingdom, France, Germany, Spain, Italy, South Africa, Nigeria, Ivory Coast"
Eq-3,ForzaGoal,8 x 6 FORZA Soccer Goal Posts,1746.16881918819,cs@networldsports.com,1-866-861-9095,www.forzagoal.com,"Red Star FC,Chamois Niortais FC,Paris Saint-Germain Féminin ,Olympique Lyonnais Féminin","United Kingdom, France, Germany, Spain, Italy, South Africa, Nigeria, Ivory Coast"
Eq-3,ForzaGoal,12 x 6 FORZA Soccer Goal Post,1746.16881918819,cs@networldsports.com,1-866-861-9095,www.forzagoal.com,"Red Star FC,Chamois Niortais FC,Paris Saint-Germain Féminin ,Olympique Lyonnais Féminin","United Kingdom, France, Germany, Spain, Italy, South Africa, Nigeria, Ivory Coast"
Eq-3,ForzaGoal,10 x 6.5 FORZA Futsal Soccer Goal Post,1746.16881918819,cs@networldsports.com,1-866-861-9095,www.forzagoal.com,"Red Star FC,Chamois Niortais FC,Paris Saint-Germain Féminin ,Olympique Lyonnais Féminin","United Kingdom, France, Germany, Spain, Italy, South Africa, Nigeria, Ivory Coast"
Eq-3,ForzaGoal,5 x 4 FORZA Match Soccer Goal Post,1746.16881918819,cs@networldsports.com,1-866-861-9095,www.forzagoal.com,"Red Star FC,Chamois Niortais FC,Paris Saint-Germain Féminin ,Olympique Lyonnais Féminin","United Kingdom, France, Germany, Spain, Italy, South Africa, Nigeria, Ivory Coast"
Eq-3,ForzaGoal,8 x 4 FORZA Match Soccer Goal Post,1746.16881918819,cs@networldsports.com,1-866-861-9095,www.forzagoal.com,"Red Star FC,Chamois Niortais FC,Paris Saint-Germain Féminin ,Olympique Lyonnais Féminin","United Kingdom, France, Germany, Spain, Italy, South Africa, Nigeria, Ivory Coast"
Eq-3,ForzaGoal,8 x 6 FORZA Match Soccer Goal Post,1746.16881918819,cs@networldsports.com,1-866-861-9095,www.forzagoal.com,"Red Star FC,Chamois Niortais FC,Paris Saint-Germain Féminin ,Olympique Lyonnais Féminin","United Kingdom, France, Germany, Spain, Italy, South Africa, Nigeria, Ivory Coast"
Eq-3,ForzaGoal,8 x 5 FORZA Combi Rugby & Soccer Goal Posts,1746.16881918819,cs@networldsports.com,1-866-861-9095,www.forzagoal.com,"Red Star FC,Chamois Niortais FC,Paris Saint-Germain Féminin ,Olympique Lyonnais Féminin","United Kingdom, France, Germany, Spain, Italy, South Africa, Nigeria, Ivory Coast"
Eq-3,ForzaGoal,10 x 6 FORZA Combi Rugby Posts & Soccer Goal,1746.16881918819,cs@networldsports.com,1-866-861-9095,www.forzagoal.com,"Red Star FC,Chamois Niortais FC,Paris Saint-Germain Féminin ,Olympique Lyonnais Féminin","United Kingdom, France, Germany, Spain, Italy, South Africa, Nigeria, Ivory Coast"
Eq-3,ForzaGoal,12 x 6 FORZA Combi Rugby Posts & Soccer Goal,1746.16881918819,cs@networldsports.com,1-866-861-9095,www.forzagoal.com,"Red Star FC,Chamois Niortais FC,Paris Saint-Germain Féminin ,Olympique Lyonnais Féminin","United Kingdom, France, Germany, Spain, Italy, South Africa, Nigeria, Ivory Coast"
Eq-3,ForzaGoal,10 x 6 FORZA Match Futsal (3m x 2m) Goal Post,1746.16881918819,cs@networldsports.com,1-866-861-9095,www.forzagoal.com,"Red Star FC,Chamois Niortais FC,Paris Saint-Germain Féminin ,Olympique Lyonnais Féminin","United Kingdom, France, Germany, Spain, Italy, South Africa, Nigeria, Ivory Coast"
Eq-3,ForzaGoal,12 x 6 FORZA Match Soccer Goal Post,1746.16881918819,cs@networldsports.com,1-866-861-9095,www.forzagoal.com,"Red Star FC,Chamois Niortais FC,Paris Saint-Germain Féminin ,Olympique Lyonnais Féminin","United Kingdom, France, Germany, Spain, Italy, South Africa, Nigeria, Ivory Coast"
Eq-3,ForzaGoal,16 x 7 FORZA Match Soccer Goal Post,1746.16881918819,cs@networldsports.com,1-866-861-9095,www.forzagoal.com,"Red Star FC,Chamois Niortais FC,Paris Saint-Germain Féminin ,Olympique Lyonnais Féminin","United Kingdom, France, Germany, Spain, Italy, South Africa, Nigeria, Ivory Coast"
Eq-3,ForzaGoal,8 x 6 FORZA Steel42 Soccer Goal,1746.16881918819,cs@networldsports.com,1-866-861-9095,www.forzagoal.com,"Red Star FC,Chamois Niortais FC,Paris Saint-Germain Féminin ,Olympique Lyonnais Féminin","United Kingdom, France, Germany, Spain, Italy, South Africa, Nigeria, Ivory Coast"
Eq-3,ForzaGoal,12 x 6 FORZA Steel42 Soccer Goal,1746.16881918819,cs@networldsports.com,1-866-861-9095,www.forzagoal.com,"Red Star FC,Chamois Niortais FC,Paris Saint-Germain Féminin ,Olympique Lyonnais Féminin","United Kingdom, France, Germany, Spain, Italy, South Africa, Nigeria, Ivory Coast"
Eq-3,ForzaGoal,FORZA 3m x 2m Steel42 Futsal Soccer Goal Post,1746.16881918819,cs@networldsports.com,1-866-861-9095,www.forzagoal.com,"Red Star FC,Chamois Niortais FC,Paris Saint-Germain Féminin ,Olympique Lyonnais Féminin","United Kingdom, France, Germany, Spain, Italy, South Africa, Nigeria, Ivory Coast"
Eq-3,ForzaGoal,16 x 7 FORZA Steel42 Soccer Goal,1746.16881918819,cs@networldsports.com,1-866-861-9095,www.forzagoal.com,"Red Star FC,Chamois Niortais FC,Paris Saint-Germain Féminin ,Olympique Lyonnais Féminin","United Kingdom, France, Germany, Spain, Italy, South Africa, Nigeria, Ivory Coast"
Eq-3,ForzaGoal,8 x 5 FORZA Steel42 Combination Soccer & Football Goal Posts,1746.16881918819,cs@networldsports.com,1-866-861-9095,www.forzagoal.com,"Red Star FC,Chamois Niortais FC,Paris Saint-Germain Féminin ,Olympique Lyonnais Féminin","United Kingdom, France, Germany, Spain, Italy, South Africa, Nigeria, Ivory Coast"
Eq-3,ForzaGoal,10 x 6 FORZA Steel42 Combination Soccer & Football Goal Posts,1746.16881918819,cs@networldsports.com,1-866-861-9095,www.forzagoal.com,"Red Star FC,Chamois Niortais FC,Paris Saint-Germain Féminin ,Olympique Lyonnais Féminin","United Kingdom, France, Germany, Spain, Italy, South Africa, Nigeria, Ivory Coast"
Eq-3,ForzaGoal,15 x 7 FORZA Steel42 Combination Soccer & Football Goal Posts,1746.16881918819,cs@networldsports.com,1-866-861-9095,www.forzagoal.com,"Red Star FC,Chamois Niortais FC,Paris Saint-Germain Féminin ,Olympique Lyonnais Féminin","United Kingdom, France, Germany, Spain, Italy, South Africa, Nigeria, Ivory Coast"
Eq-3,ForzaGoal,6 x 4 FORZA ProFlex Pop Up Soccer Goal,1746.16881918819,cs@networldsports.com,1-866-861-9095,www.forzagoal.com,"Red Star FC,Chamois Niortais FC,Paris Saint-Germain Féminin ,Olympique Lyonnais Féminin","United Kingdom, France, Germany, Spain, Italy, South Africa, Nigeria, Ivory Coast"
Eq-3,ForzaGoal,8 x 5 FORZA ProFlex Pop Up Soccer Goal,1746.16881918819,cs@networldsports.com,1-866-861-9095,www.forzagoal.com,"Red Star FC,Chamois Niortais FC,Paris Saint-Germain Féminin ,Olympique Lyonnais Féminin","United Kingdom, France, Germany, Spain, Italy, South Africa, Nigeria, Ivory Coast"
Eq-3,ForzaGoal,12 x 4 FORZA ProFlex Pop Up Soccer Goal,1746.16881918819,cs@networldsports.com,1-866-861-9095,www.forzagoal.com,"Red Star FC,Chamois Niortais FC,Paris Saint-Germain Féminin ,Olympique Lyonnais Féminin","United Kingdom, France, Germany, Spain, Italy, South Africa, Nigeria, Ivory Coast"
Eq-3,ForzaGoal,10 x 6.5 FORZA ProFlex Pop Up Futsal Soccer Goal,1746.16881918819,cs@networldsports.com,1-866-861-9095,www.forzagoal.com,"Red Star FC,Chamois Niortais FC,Paris Saint-Germain Féminin ,Olympique Lyonnais Féminin","United Kingdom, France, Germany, Spain, Italy, South Africa, Nigeria, Ivory Coast"
Eq-3,ForzaGoal,12 x 6 FORZA ProFlex Pop Up Soccer Goals,1746.16881918819,cs@networldsports.com,1-866-861-9095,www.forzagoal.com,"Red Star FC,Chamois Niortais FC,Paris Saint-Germain Féminin ,Olympique Lyonnais Féminin","United Kingdom, France, Germany, Spain, Italy, South Africa, Nigeria, Ivory Coast"
Eq-3,ForzaGoal,16 x 7 FORZA ProFlex Pop Up Soccer Goal,1746.16881918819,cs@networldsports.com,1-866-861-9095,www.forzagoal.com,"Red Star FC,Chamois Niortais FC,Paris Saint-Germain Féminin ,Olympique Lyonnais Féminin","United Kingdom, France, Germany, Spain, Italy, South Africa, Nigeria, Ivory Coast"
Eq-3,ForzaGoal,21 x 7 FORZA ProFlex Pop Up Soccer Goal,1746.16881918819,cs@networldsports.com,1-866-861-9095,www.forzagoal.com,"Red Star FC,Chamois Niortais FC,Paris Saint-Germain Féminin ,Olympique Lyonnais Féminin","United Kingdom, France, Germany, Spain, Italy, South Africa, Nigeria, Ivory Coast"
Eq-3,ForzaGoal,24 x 8 FORZA ProFlex Pop Up Soccer Goal,1746.16881918819,cs@networldsports.com,1-866-861-9095,www.forzagoal.com,"Red Star FC,Chamois Niortais FC,Paris Saint-Germain Féminin ,Olympique Lyonnais Féminin","United Kingdom, France, Germany, Spain, Italy, South Africa, Nigeria, Ivory Coast"
Eq-3,ForzaGoal,FORZA Alu80 Pro Soccer Target Goals,1746.16881918819,cs@networldsports.com,1-866-861-9095,www.forzagoal.com,"Red Star FC,Chamois Niortais FC,Paris Saint-Germain Féminin ,Olympique Lyonnais Féminin","United Kingdom, France, Germany, Spain, Italy, South Africa, Nigeria, Ivory Coast"
Eq-3,ForzaGoal,FORZA Alu Mini Target Soccer Goal,1746.16881918819,cs@networldsports.com,1-866-861-9095,www.forzagoal.com,"Red Star FC,Chamois Niortais FC,Paris Saint-Germain Féminin ,Olympique Lyonnais Féminin","United Kingdom, France, Germany, Spain, Italy, South Africa, Nigeria, Ivory Coast"
Eq-3,ForzaGoal,FORZA POD Goal Lite - Compact ALU40 Folding Soccer Goal,1746.16881918819,cs@networldsports.com,1-866-861-9095,www.forzagoal.com,"Red Star FC,Chamois Niortais FC,Paris Saint-Germain Féminin ,Olympique Lyonnais Féminin","United Kingdom, France, Germany, Spain, Italy, South Africa, Nigeria, Ivory Coast"
Eq-3,ForzaGoal,FORZA POD GOAL  PRO ALU50 Folding Soccer Goal [3x Sizes],1746.16881918819,cs@networldsports.com,1-866-861-9095,www.forzagoal.com,"Red Star FC,Chamois Niortais FC,Paris Saint-Germain Féminin ,Olympique Lyonnais Féminin","United Kingdom, France, Germany, Spain, Italy, South Africa, Nigeria, Ivory Coast"
Eq-3,ForzaGoal,FORZA ProFlex Beach Soccer Goal [18ft x 7.3ft],1746.16881918819,cs@networldsports.com,1-866-861-9095,www.forzagoal.com,"Red Star FC,Chamois Niortais FC,Paris Saint-Germain Féminin ,Olympique Lyonnais Féminin","United Kingdom, France, Germany, Spain, Italy, South Africa, Nigeria, Ivory Coast"
Eq-3,ForzaGoal,FORZA Beach POD Soccer Goal,1746.16881918819,cs@networldsports.com,1-866-861-9095,www.forzagoal.com,"Red Star FC,Chamois Niortais FC,Paris Saint-Germain Féminin ,Olympique Lyonnais Féminin","United Kingdom, France, Germany, Spain, Italy, South Africa, Nigeria, Ivory Coast"
Eq-3,ForzaGoal,6 x 4 FORZA Alu60 Soccer Goal,1746.16881918819,cs@networldsports.com,1-866-861-9095,www.forzagoal.com,"Red Star FC,Chamois Niortais FC,Paris Saint-Germain Féminin ,Olympique Lyonnais Féminin","United Kingdom, France, Germany, Spain, Italy, South Africa, Nigeria, Ivory Coast"
Eq-3,ForzaGoal,8 x 4 FORZA Alu60 Soccer Goal,1746.16881918819,cs@networldsports.com,1-866-861-9095,www.forzagoal.com,"Red Star FC,Chamois Niortais FC,Paris Saint-Germain Féminin ,Olympique Lyonnais Féminin","United Kingdom, France, Germany, Spain, Italy, South Africa, Nigeria, Ivory Coast"
Eq-3,ForzaGoal,12 x 4 FORZA Alu60 Soccer Goal,1746.16881918819,cs@networldsports.com,1-866-861-9095,www.forzagoal.com,"Red Star FC,Chamois Niortais FC,Paris Saint-Germain Féminin ,Olympique Lyonnais Féminin","United Kingdom, France, Germany, Spain, Italy, South Africa, Nigeria, Ivory Coast"
Eq-3,ForzaGoal,10 x 6.5 FORZA Alu60 (3m x 2m) Futsal Soccer Goal,1746.16881918819,cs@networldsports.com,1-866-861-9095,www.forzagoal.com,"Red Star FC,Chamois Niortais FC,Paris Saint-Germain Féminin ,Olympique Lyonnais Féminin","United Kingdom, France, Germany, Spain, Italy, South Africa, Nigeria, Ivory Coast"
Eq-3,ForzaGoal,12 x 6 FORZA Alu60 Soccer Goal,1746.16881918819,cs@networldsports.com,1-866-861-9095,www.forzagoal.com,"Red Star FC,Chamois Niortais FC,Paris Saint-Germain Féminin ,Olympique Lyonnais Féminin","United Kingdom, France, Germany, Spain, Italy, South Africa, Nigeria, Ivory Coast"
Eq-3,ForzaGoal,16 x 4 FORZA Alu60 Soccer Goal,1746.16881918819,cs@networldsports.com,1-866-861-9095,www.forzagoal.com,"Red Star FC,Chamois Niortais FC,Paris Saint-Germain Féminin ,Olympique Lyonnais Féminin","United Kingdom, France, Germany, Spain, Italy, South Africa, Nigeria, Ivory Coast"
Eq-3,ForzaGoal,16 x 7 FORZA Alu60 Soccer Goal,1746.16881918819,cs@networldsports.com,1-866-861-9095,www.forzagoal.com,"Red Star FC,Chamois Niortais FC,Paris Saint-Germain Féminin ,Olympique Lyonnais Féminin","United Kingdom, France, Germany, Spain, Italy, South Africa, Nigeria, Ivory Coast"
Eq-3,ForzaGoal,18.5 x 6.5 FORZA Alu60 Soccer Goal,1746.16881918819,cs@networldsports.com,1-866-861-9095,www.forzagoal.com,"Red Star FC,Chamois Niortais FC,Paris Saint-Germain Féminin ,Olympique Lyonnais Féminin","United Kingdom, France, Germany, Spain, Italy, South Africa, Nigeria, Ivory Coast"
Eq-3,ForzaGoal,21 x 7 FORZA Alu60 Soccer Goal,1746.16881918819,cs@networldsports.com,1-866-861-9095,www.forzagoal.com,"Red Star FC,Chamois Niortais FC,Paris Saint-Germain Féminin ,Olympique Lyonnais Féminin","United Kingdom, France, Germany, Spain, Italy, South Africa, Nigeria, Ivory Coast"
Eq-3,ForzaGoal,24 x 8 FORZA Alu60 Soccer Goal,1746.16881918819,cs@networldsports.com,1-866-861-9095,www.forzagoal.com,"Red Star FC,Chamois Niortais FC,Paris Saint-Germain Féminin ,Olympique Lyonnais Féminin","United Kingdom, France, Germany, Spain, Italy, South Africa, Nigeria, Ivory Coast"
Eq-3,ForzaGoal,8 x 5 FORZA Alu60 Combi Soccer/Football Goal,1746.16881918819,cs@networldsports.com,1-866-861-9095,www.forzagoal.com,"Red Star FC,Chamois Niortais FC,Paris Saint-Germain Féminin ,Olympique Lyonnais Féminin","United Kingdom, France, Germany, Spain, Italy, South Africa, Nigeria, Ivory Coast"
Eq-3,ForzaGoal,10 x 6 FORZA Alu60 Combi Soccer/Football Goal,1746.16881918819,cs@networldsports.com,1-866-861-9095,www.forzagoal.com,"Red Star FC,Chamois Niortais FC,Paris Saint-Germain Féminin ,Olympique Lyonnais Féminin","United Kingdom, France, Germany, Spain, Italy, South Africa, Nigeria, Ivory Coast"
Eq-3,ForzaGoal,12 x 6 FORZA Alu60 Combi Soccer/Football Goal,1746.16881918819,cs@networldsports.com,1-866-861-9095,www.forzagoal.com,"Red Star FC,Chamois Niortais FC,Paris Saint-Germain Féminin ,Olympique Lyonnais Féminin","United Kingdom, France, Germany, Spain, Italy, South Africa, Nigeria, Ivory Coast"
Eq-3,ForzaGoal,15 x 7 FORZA Alu60 Combi Soccer/Football Goal,1746.16881918819,cs@networldsports.com,1-866-861-9095,www.forzagoal.com,"Red Star FC,Chamois Niortais FC,Paris Saint-Germain Féminin ,Olympique Lyonnais Féminin","United Kingdom, France, Germany, Spain, Italy, South Africa, Nigeria, Ivory Coast"
Eq-3,ForzaGoal,21 x 8 FORZA Alu60 Combi Soccer/Football Goal,1746.16881918819,cs@networldsports.com,1-866-861-9095,www.forzagoal.com,"Red Star FC,Chamois Niortais FC,Paris Saint-Germain Féminin ,Olympique Lyonnais Féminin","United Kingdom, France, Germany, Spain, Italy, South Africa, Nigeria, Ivory Coast"
Eq-3,ForzaGoal,8 x 5 FORZA Alu60 Combi Rugby/Soccer Goal Posts,1746.16881918819,cs@networldsports.com,1-866-861-9095,www.forzagoal.com,"Red Star FC,Chamois Niortais FC,Paris Saint-Germain Féminin ,Olympique Lyonnais Féminin","United Kingdom, France, Germany, Spain, Italy, South Africa, Nigeria, Ivory Coast"
Eq-3,ForzaGoal,12 x 4 FORZA Alu110 Freestanding Soccer Goal,1746.16881918819,cs@networldsports.com,1-866-861-9095,www.forzagoal.com,"Red Star FC,Chamois Niortais FC,Paris Saint-Germain Féminin ,Olympique Lyonnais Féminin","United Kingdom, France, Germany, Spain, Italy, South Africa, Nigeria, Ivory Coast"
Eq-3,ForzaGoal,10 x 6 FORZA Alu60 Combi Rugby/Soccer Goal Posts,1746.16881918819,cs@networldsports.com,1-866-861-9095,www.forzagoal.com,"Red Star FC,Chamois Niortais FC,Paris Saint-Germain Féminin ,Olympique Lyonnais Féminin","United Kingdom, France, Germany, Spain, Italy, South Africa, Nigeria, Ivory Coast"
Eq-3,ForzaGoal,12 x 6 FORZA Alu60 Combi Rugby/Soccer Goal Posts,1746.16881918819,cs@networldsports.com,1-866-861-9095,www.forzagoal.com,"Red Star FC,Chamois Niortais FC,Paris Saint-Germain Féminin ,Olympique Lyonnais Féminin","United Kingdom, France, Germany, Spain, Italy, South Africa, Nigeria, Ivory Coast"
Eq-3,ForzaGoal,15 x 7 FORZA Alu60 Combi Rugby/Soccer Goal Posts,1746.16881918819,cs@networldsports.com,1-866-861-9095,www.forzagoal.com,"Red Star FC,Chamois Niortais FC,Paris Saint-Germain Féminin ,Olympique Lyonnais Féminin","United Kingdom, France, Germany, Spain, Italy, South Africa, Nigeria, Ivory Coast"
Eq-3,ForzaGoal,21 x 8 FORZA Alu60 Combi Rugby/Soccer Goal Posts,1746.16881918819,cs@networldsports.com,1-866-861-9095,www.forzagoal.com,"Red Star FC,Chamois Niortais FC,Paris Saint-Germain Féminin ,Olympique Lyonnais Féminin","United Kingdom, France, Germany, Spain, Italy, South Africa, Nigeria, Ivory Coast"
Eq-3,ForzaGoal,12 x 6 FORZA Alu110 Freestanding Soccer Goal,1746.16881918819,cs@networldsports.com,1-866-861-9095,www.forzagoal.com,"Red Star FC,Chamois Niortais FC,Paris Saint-Germain Féminin ,Olympique Lyonnais Féminin","United Kingdom, France, Germany, Spain, Italy, South Africa, Nigeria, Ivory Coast"
Eq-3,ForzaGoal,10 x 6.5 FORZA Alu110 Freestanding Futsal Soccer Goal,1746.16881918819,cs@networldsports.com,1-866-861-9095,www.forzagoal.com,"Red Star FC,Chamois Niortais FC,Paris Saint-Germain Féminin ,Olympique Lyonnais Féminin","United Kingdom, France, Germany, Spain, Italy, South Africa, Nigeria, Ivory Coast"
Eq-3,ForzaGoal,16 x 4 FORZA Alu110 Freestanding Soccer Goal,1746.16881918819,cs@networldsports.com,1-866-861-9095,www.forzagoal.com,"Red Star FC,Chamois Niortais FC,Paris Saint-Germain Féminin ,Olympique Lyonnais Féminin","United Kingdom, France, Germany, Spain, Italy, South Africa, Nigeria, Ivory Coast"
Eq-3,ForzaGoal,16 x 7 FORZA Alu110 Freestanding Soccer Goal,1746.16881918819,cs@networldsports.com,1-866-861-9095,www.forzagoal.com,"Red Star FC,Chamois Niortais FC,Paris Saint-Germain Féminin ,Olympique Lyonnais Féminin","United Kingdom, France, Germany, Spain, Italy, South Africa, Nigeria, Ivory Coast"
Eq-3,ForzaGoal,18.5 x 6.5 FORZA Alu110 Freestanding Soccer Goal,1746.16881918819,cs@networldsports.com,1-866-861-9095,www.forzagoal.com,"Red Star FC,Chamois Niortais FC,Paris Saint-Germain Féminin ,Olympique Lyonnais Féminin","United Kingdom, France, Germany, Spain, Italy, South Africa, Nigeria, Ivory Coast"
Eq-3,ForzaGoal,21 x 7 FORZA Alu110 Freestanding Soccer Goal,1746.16881918819,cs@networldsports.com,1-866-861-9095,www.forzagoal.com,"Red Star FC,Chamois Niortais FC,Paris Saint-Germain Féminin ,Olympique Lyonnais Féminin","United Kingdom, France, Germany, Spain, Italy, South Africa, Nigeria, Ivory Coast"
Eq-3,ForzaGoal,24 x 8 FORZA Alu110 Freestanding Soccer Goal,1746.16881918819,cs@networldsports.com,1-866-861-9095,www.forzagoal.com,"Red Star FC,Chamois Niortais FC,Paris Saint-Germain Féminin ,Olympique Lyonnais Féminin","United Kingdom, France, Germany, Spain, Italy, South Africa, Nigeria, Ivory Coast"
Eq-3,ForzaGoal,12 x 6 FORZA Alu110 Freestanding Stadium Box Soccer Goal,1746.16881918819,cs@networldsports.com,1-866-861-9095,www.forzagoal.com,"Red Star FC,Chamois Niortais FC,Paris Saint-Germain Féminin ,Olympique Lyonnais Féminin","United Kingdom, France, Germany, Spain, Italy, South Africa, Nigeria, Ivory Coast"
Eq-3,ForzaGoal,16 x 7 FORZA Alu110 Freestanding Stadium Box Soccer Goal,1746.16881918819,cs@networldsports.com,1-866-861-9095,www.forzagoal.com,"Red Star FC,Chamois Niortais FC,Paris Saint-Germain Féminin ,Olympique Lyonnais Féminin","United Kingdom, France, Germany, Spain, Italy, South Africa, Nigeria, Ivory Coast"
Eq-3,ForzaGoal,18.5 x 6.5 FORZA Alu110 Freestanding Stadium Box Soccer Goal,1746.16881918819,cs@networldsports.com,1-866-861-9095,www.forzagoal.com,"Red Star FC,Chamois Niortais FC,Paris Saint-Germain Féminin ,Olympique Lyonnais Féminin","United Kingdom, France, Germany, Spain, Italy, South Africa, Nigeria, Ivory Coast"
Eq-3,ForzaGoal,21 x 7 FORZA Alu110 Freestanding Stadium Box Soccer Goal,1746.16881918819,cs@networldsports.com,1-866-861-9095,www.forzagoal.com,"Red Star FC,Chamois Niortais FC,Paris Saint-Germain Féminin ,Olympique Lyonnais Féminin","United Kingdom, France, Germany, Spain, Italy, South Africa, Nigeria, Ivory Coast"
Eq-3,ForzaGoal,24 x 8 FORZA Alu110 Freestanding Stadium Box Soccer Goal,1746.16881918819,cs@networldsports.com,1-866-861-9095,www.forzagoal.com,"Red Star FC,Chamois Niortais FC,Paris Saint-Germain Féminin ,Olympique Lyonnais Féminin","United Kingdom, France, Germany, Spain, Italy, South Africa, Nigeria, Ivory Coast"
Eq-3,ForzaGoal,10 x 6.5 FORZA Alu110 Socketed Futsal (3m x 2m) Soccer Goal,1746.16881918819,cs@networldsports.com,1-866-861-9095,www.forzagoal.com,"Red Star FC,Chamois Niortais FC,Paris Saint-Germain Féminin ,Olympique Lyonnais Féminin","United Kingdom, France, Germany, Spain, Italy, South Africa, Nigeria, Ivory Coast"
Eq-3,ForzaGoal,12 x 6 FORZA Alu110 Socketed Soccer Goal,1746.16881918819,cs@networldsports.com,1-866-861-9095,www.forzagoal.com,"Red Star FC,Chamois Niortais FC,Paris Saint-Germain Féminin ,Olympique Lyonnais Féminin","United Kingdom, France, Germany, Spain, Italy, South Africa, Nigeria, Ivory Coast"
Eq-3,ForzaGoal,16 x 7 FORZA Alu110 Socketed Soccer Goal,1746.16881918819,cs@networldsports.com,1-866-861-9095,www.forzagoal.com,"Red Star FC,Chamois Niortais FC,Paris Saint-Germain Féminin ,Olympique Lyonnais Féminin","United Kingdom, France, Germany, Spain, Italy, South Africa, Nigeria, Ivory Coast"
Eq-3,ForzaGoal,18.5 x 6.5 FORZA Alu110 Socketed Soccer Goal,1746.16881918819,cs@networldsports.com,1-866-861-9095,www.forzagoal.com,"Red Star FC,Chamois Niortais FC,Paris Saint-Germain Féminin ,Olympique Lyonnais Féminin","United Kingdom, France, Germany, Spain, Italy, South Africa, Nigeria, Ivory Coast"
Eq-3,ForzaGoal,21 x 7 FORZA Alu110 Socketed Soccer Goal,1746.16881918819,cs@networldsports.com,1-866-861-9095,www.forzagoal.com,"Red Star FC,Chamois Niortais FC,Paris Saint-Germain Féminin ,Olympique Lyonnais Féminin","United Kingdom, France, Germany, Spain, Italy, South Africa, Nigeria, Ivory Coast"
Eq-3,ForzaGoal,24 x 8 FORZA Alu110 Socketed Soccer Goal,1746.16881918819,cs@networldsports.com,1-866-861-9095,www.forzagoal.com,"Red Star FC,Chamois Niortais FC,Paris Saint-Germain Féminin ,Olympique Lyonnais Féminin","United Kingdom, France, Germany, Spain, Italy, South Africa, Nigeria, Ivory Coast"
Eq-3,ForzaGoal,10 x 6.5 FORZA Alu80 Futsal Goals (Foldaway),1746.16881918819,cs@networldsports.com,1-866-861-9095,www.forzagoal.com,"Red Star FC,Chamois Niortais FC,Paris Saint-Germain Féminin ,Olympique Lyonnais Féminin","United Kingdom, France, Germany, Spain, Italy, South Africa, Nigeria, Ivory Coast"
Eq-3,ForzaGoal,12ft x 6ft FORZA Alu60 Folding Beach Soccer Goal,1746.16881918819,cs@networldsports.com,1-866-861-9095,www.forzagoal.com,"Red Star FC,Chamois Niortais FC,Paris Saint-Germain Féminin ,Olympique Lyonnais Féminin","United Kingdom, France, Germany, Spain, Italy, South Africa, Nigeria, Ivory Coast"
Eq-3,ForzaGoal,18ft x 7.3ft FORZA Alu60 Beach Soccer Goal,1746.16881918819,cs@networldsports.com,1-866-861-9095,www.forzagoal.com,"Red Star FC,Chamois Niortais FC,Paris Saint-Germain Féminin ,Olympique Lyonnais Féminin","United Kingdom, France, Germany, Spain, Italy, South Africa, Nigeria, Ivory Coast"
Eq-3,ForzaGoal,18ft x 7.3ft FORZA Freestanding Alu110 Beach Soccer Goal,1746.16881918819,cs@networldsports.com,1-866-861-9095,www.forzagoal.com,"Red Star FC,Chamois Niortais FC,Paris Saint-Germain Féminin ,Olympique Lyonnais Féminin","United Kingdom, France, Germany, Spain, Italy, South Africa, Nigeria, Ivory Coast"
Eq-3,ForzaGoal,FORZA Alu110 Quick Release Socketed Soccer Goal [5x Sizes],1746.16881918819,cs@networldsports.com,1-866-861-9095,www.forzagoal.com,"Red Star FC,Chamois Niortais FC,Paris Saint-Germain Féminin ,Olympique Lyonnais Féminin","United Kingdom, France, Germany, Spain, Italy, South Africa, Nigeria, Ivory Coast"
Eq-3,ForzaGoal,12 x 6 FORZA Steel76 Socketed Soccer Goal,1746.16881918819,cs@networldsports.com,1-866-861-9095,www.forzagoal.com,"Red Star FC,Chamois Niortais FC,Paris Saint-Germain Féminin ,Olympique Lyonnais Féminin","United Kingdom, France, Germany, Spain, Italy, South Africa, Nigeria, Ivory Coast"
Eq-3,ForzaGoal,16 x 7 FORZA Steel76 Socketed Soccer Goal,1746.16881918819,cs@networldsports.com,1-866-861-9095,www.forzagoal.com,"Red Star FC,Chamois Niortais FC,Paris Saint-Germain Féminin ,Olympique Lyonnais Féminin","United Kingdom, France, Germany, Spain, Italy, South Africa, Nigeria, Ivory Coast"
Eq-3,ForzaGoal,18.5 x 6.5 FORZA Steel76 Socketed Soccer Goal,1746.16881918819,cs@networldsports.com,1-866-861-9095,www.forzagoal.com,"Red Star FC,Chamois Niortais FC,Paris Saint-Germain Féminin ,Olympique Lyonnais Féminin","United Kingdom, France, Germany, Spain, Italy, South Africa, Nigeria, Ivory Coast"
Eq-3,ForzaGoal,21 x 7 FORZA Steel76 Socketed Soccer Goal,1746.16881918819,cs@networldsports.com,1-866-861-9095,www.forzagoal.com,"Red Star FC,Chamois Niortais FC,Paris Saint-Germain Féminin ,Olympique Lyonnais Féminin","United Kingdom, France, Germany, Spain, Italy, South Africa, Nigeria, Ivory Coast"
Eq-3,ForzaGoal,24 x 8 FORZA Steel76 Socketed Soccer Goal,1746.16881918819,cs@networldsports.com,1-866-861-9095,www.forzagoal.com,"Red Star FC,Chamois Niortais FC,Paris Saint-Germain Féminin ,Olympique Lyonnais Féminin","United Kingdom, France, Germany, Spain, Italy, South Africa, Nigeria, Ivory Coast"
Eq-3,ForzaGoal,FORZA Club Stadium Soccer Goal Package [UEFA Standard],1746.16881918819,cs@networldsports.com,1-866-861-9095,www.forzagoal.com,"Red Star FC,Chamois Niortais FC,Paris Saint-Germain Féminin ,Olympique Lyonnais Féminin","United Kingdom, France, Germany, Spain, Italy, South Africa, Nigeria, Ivory Coast"
Eq-3,ForzaGoal,FORZA Stadium Soccer Goal Package [UEFA Elite],1746.16881918819,cs@networldsports.com,1-866-861-9095,www.forzagoal.com,"Red Star FC,Chamois Niortais FC,Paris Saint-Germain Féminin ,Olympique Lyonnais Féminin","United Kingdom, France, Germany, Spain, Italy, South Africa, Nigeria, Ivory Coast"
Eq-3,ForzaGoal,24 x 8 FORZA Half Folding Stadium Warm Up Box Goal,1746.16881918819,cs@networldsports.com,1-866-861-9095,www.forzagoal.com,"Red Star FC,Chamois Niortais FC,Paris Saint-Germain Féminin ,Olympique Lyonnais Féminin","United Kingdom, France, Germany, Spain, Italy, South Africa, Nigeria, Ivory Coast"
Eq-3,ForzaGoal,FORZA Soccer Goal Target Sheets,1746.16881918819,cs@networldsports.com,1-866-861-9095,www.forzagoal.com,"Red Star FC,Chamois Niortais FC,Paris Saint-Germain Féminin ,Olympique Lyonnais Féminin","United Kingdom, France, Germany, Spain, Italy, South Africa, Nigeria, Ivory Coast"
Eq-3,ForzaGoal,FORZA Pro Soccer Goal Target Sheets,1746.16881918819,cs@networldsports.com,1-866-861-9095,www.forzagoal.com,"Red Star FC,Chamois Niortais FC,Paris Saint-Germain Féminin ,Olympique Lyonnais Féminin","United Kingdom, France, Germany, Spain, Italy, South Africa, Nigeria, Ivory Coast"
Eq-3,ForzaGoal,FORZA POD Soccer Goal Target Sheet [3 Sizes],1746.16881918819,cs@networldsports.com,1-866-861-9095,www.forzagoal.com,"Red Star FC,Chamois Niortais FC,Paris Saint-Germain Féminin ,Olympique Lyonnais Féminin","United Kingdom, France, Germany, Spain, Italy, South Africa, Nigeria, Ivory Coast"
Eq-3,ForzaGoal,FORZA CHALLENGE SOCCER GOAL TARGET SHEETS,1746.16881918819,cs@networldsports.com,1-866-861-9095,www.forzagoal.com,"Red Star FC,Chamois Niortais FC,Paris Saint-Germain Féminin ,Olympique Lyonnais Féminin","United Kingdom, France, Germany, Spain, Italy, South Africa, Nigeria, Ivory Coast"
Eq-3,ForzaGoal,FORZA Alu110 Soccer Goal Wheels (Lever And 360° Wheels),1746.16881918819,cs@networldsports.com,1-866-861-9095,www.forzagoal.com,"Red Star FC,Chamois Niortais FC,Paris Saint-Germain Féminin ,Olympique Lyonnais Féminin","United Kingdom, France, Germany, Spain, Italy, South Africa, Nigeria, Ivory Coast"
Eq-3,ForzaGoal,FORZA Alu110 360° Soccer Goal Wheels,1746.16881918819,cs@networldsports.com,1-866-861-9095,www.forzagoal.com,"Red Star FC,Chamois Niortais FC,Paris Saint-Germain Féminin ,Olympique Lyonnais Féminin","United Kingdom, France, Germany, Spain, Italy, South Africa, Nigeria, Ivory Coast"
Eq-3,ForzaGoal,FORZA Goal Trolley [Goals & Shelters],1746.16881918819,cs@networldsports.com,1-866-861-9095,www.forzagoal.com,"Red Star FC,Chamois Niortais FC,Paris Saint-Germain Féminin ,Olympique Lyonnais Féminin","United Kingdom, France, Germany, Spain, Italy, South Africa, Nigeria, Ivory Coast"
Eq-3,ForzaGoal,Nuts And Bolts Packs For FORZA Alu60 Goals (All Sizes),1746.16881918819,cs@networldsports.com,1-866-861-9095,www.forzagoal.com,"Red Star FC,Chamois Niortais FC,Paris Saint-Germain Féminin ,Olympique Lyonnais Féminin","United Kingdom, France, Germany, Spain, Italy, South Africa, Nigeria, Ivory Coast"
Eq-3,ForzaGoal,Nuts And Bolts Packs For FORZA Alu110 Freestanding Goals (All Sizes),1746.16881918819,cs@networldsports.com,1-866-861-9095,www.forzagoal.com,"Red Star FC,Chamois Niortais FC,Paris Saint-Germain Féminin ,Olympique Lyonnais Féminin","United Kingdom, France, Germany, Spain, Italy, South Africa, Nigeria, Ivory Coast"
Eq-3,ForzaGoal,Nuts And Bolts Packs For FORZA Alu110 Socketed Goals (All Sizes),1746.16881918819,cs@networldsports.com,1-866-861-9095,www.forzagoal.com,"Red Star FC,Chamois Niortais FC,Paris Saint-Germain Féminin ,Olympique Lyonnais Féminin","United Kingdom, France, Germany, Spain, Italy, South Africa, Nigeria, Ivory Coast"
Eq-3,ForzaGoal,FORZA Transportation Trolley [Goals & Shelters],1746.16881918819,cs@networldsports.com,1-866-861-9095,www.forzagoal.com,"Red Star FC,Chamois Niortais FC,Paris Saint-Germain Féminin ,Olympique Lyonnais Féminin","United Kingdom, France, Germany, Spain, Italy, South Africa, Nigeria, Ivory Coast"
Eq-3,ForzaGoal,FORZA Number Stickers (For Goal Post Identification),1746.16881918819,cs@networldsports.com,1-866-861-9095,www.forzagoal.com,"Red Star FC,Chamois Niortais FC,Paris Saint-Germain Féminin ,Olympique Lyonnais Féminin","United Kingdom, France, Germany, Spain, Italy, South Africa, Nigeria, Ivory Coast"
Eq-3,ForzaGoal,"ProFlex STOP THAT BALL - Soccer, Baseball, Golf Net",1746.16881918819,cs@networldsports.com,1-866-861-9095,www.forzagoal.com,"Red Star FC,Chamois Niortais FC,Paris Saint-Germain Féminin ,Olympique Lyonnais Féminin","United Kingdom, France, Germany, Spain, Italy, South Africa, Nigeria, Ivory Coast"
Eq-3,ForzaGoal,Steel 18in U-Peg Goal Anchors [Pack of 2 / 4],1746.16881918819,cs@networldsports.com,1-866-861-9095,www.forzagoal.com,"Red Star FC,Chamois Niortais FC,Paris Saint-Germain Féminin ,Olympique Lyonnais Féminin","United Kingdom, France, Germany, Spain, Italy, South Africa, Nigeria, Ivory Coast"
Eq-3,ForzaGoal,6 x 4 FORZA Steel42 Soccer Goal,1746.16881918819,cs@networldsports.com,1-866-861-9095,www.forzagoal.com,"Red Star FC,Chamois Niortais FC,Paris Saint-Germain Féminin ,Olympique Lyonnais Féminin","United Kingdom, France, Germany, Spain, Italy, South Africa, Nigeria, Ivory Coast"
Eq-3,ForzaGoal,8 x 4 FORZA Steel42 Soccer Goal,1746.16881918819,cs@networldsports.com,1-866-861-9095,www.forzagoal.com,"Red Star FC,Chamois Niortais FC,Paris Saint-Germain Féminin ,Olympique Lyonnais Féminin","United Kingdom, France, Germany, Spain, Italy, South Africa, Nigeria, Ivory Coast"
Eq-3,ForzaGoal,16 x 4 Replacement Soccer Goal Nets,1746.16881918819,cs@networldsports.com,1-866-861-9095,www.forzagoal.com,"Red Star FC,Chamois Niortais FC,Paris Saint-Germain Féminin ,Olympique Lyonnais Féminin","United Kingdom, France, Germany, Spain, Italy, South Africa, Nigeria, Ivory Coast"
Eq-3,ForzaGoal,FORZA Rubber Base for Free Kick Mannequins [30lbs],1746.16881918819,cs@networldsports.com,1-866-861-9095,www.forzagoal.com,"Red Star FC,Chamois Niortais FC,Paris Saint-Germain Féminin ,Olympique Lyonnais Féminin","United Kingdom, France, Germany, Spain, Italy, South Africa, Nigeria, Ivory Coast"
Eq-3,ForzaGoal,FORZA Flat Disc Ring Markers [Pack of 10],1746.16881918819,cs@networldsports.com,1-866-861-9095,www.forzagoal.com,"Red Star FC,Chamois Niortais FC,Paris Saint-Germain Féminin ,Olympique Lyonnais Féminin","United Kingdom, France, Germany, Spain, Italy, South Africa, Nigeria, Ivory Coast"
Eq-3,ForzaGoal,FORZA Jumbo Tri Marker Cones [20 Pack],1746.16881918819,cs@networldsports.com,1-866-861-9095,www.forzagoal.com,"Red Star FC,Chamois Niortais FC,Paris Saint-Germain Féminin ,Olympique Lyonnais Féminin","United Kingdom, France, Germany, Spain, Italy, South Africa, Nigeria, Ivory Coast"
Eq-3,ForzaGoal,FORZA Pro Tri Marker Soccer Cones [Pack of 4/8],1746.16881918819,cs@networldsports.com,1-866-861-9095,www.forzagoal.com,"Red Star FC,Chamois Niortais FC,Paris Saint-Germain Féminin ,Olympique Lyonnais Féminin","United Kingdom, France, Germany, Spain, Italy, South Africa, Nigeria, Ivory Coast"
Eq-3,ForzaGoal,FORZA Stopwatch [5x Colours],1746.16881918819,cs@networldsports.com,1-866-861-9095,www.forzagoal.com,"Red Star FC,Chamois Niortais FC,Paris Saint-Germain Féminin ,Olympique Lyonnais Féminin","United Kingdom, France, Germany, Spain, Italy, South Africa, Nigeria, Ivory Coast"
Eq-3,ForzaGoal,FORZA Stopwatch 300,1746.16881918819,cs@networldsports.com,1-866-861-9095,www.forzagoal.com,"Red Star FC,Chamois Niortais FC,Paris Saint-Germain Féminin ,Olympique Lyonnais Féminin","United Kingdom, France, Germany, Spain, Italy, South Africa, Nigeria, Ivory Coast"
Eq-3,ForzaGoal,FORZA Agility Rings [12 Pack],1746.16881918819,cs@networldsports.com,1-866-861-9095,www.forzagoal.com,"Red Star FC,Chamois Niortais FC,Paris Saint-Germain Féminin ,Olympique Lyonnais Féminin","United Kingdom, France, Germany, Spain, Italy, South Africa, Nigeria, Ivory Coast"
Eq-3,ForzaGoal,FORZA 20in Cones [4x Colors],1746.16881918819,cs@networldsports.com,1-866-861-9095,www.forzagoal.com,"Red Star FC,Chamois Niortais FC,Paris Saint-Germain Féminin ,Olympique Lyonnais Féminin","United Kingdom, France, Germany, Spain, Italy, South Africa, Nigeria, Ivory Coast"
Eq-3,ForzaGoal,FORZA Training Cone Collector [Cone Champ],1746.16881918819,cs@networldsports.com,1-866-861-9095,www.forzagoal.com,"Red Star FC,Chamois Niortais FC,Paris Saint-Germain Féminin ,Olympique Lyonnais Féminin","United Kingdom, France, Germany, Spain, Italy, South Africa, Nigeria, Ivory Coast"
Eq-3,ForzaGoal,FORZA Mini Flat Disc Markers [Pack of 20],1746.16881918819,cs@networldsports.com,1-866-861-9095,www.forzagoal.com,"Red Star FC,Chamois Niortais FC,Paris Saint-Germain Féminin ,Olympique Lyonnais Féminin","United Kingdom, France, Germany, Spain, Italy, South Africa, Nigeria, Ivory Coast"
Eq-3,ForzaGoal,FORZA Pro Training Passing Arcs [4 Pack | 9 Colours],1746.16881918819,cs@networldsports.com,1-866-861-9095,www.forzagoal.com,"Red Star FC,Chamois Niortais FC,Paris Saint-Germain Féminin ,Olympique Lyonnais Féminin","United Kingdom, France, Germany, Spain, Italy, South Africa, Nigeria, Ivory Coast"
Eq-3,ForzaGoal,FORZA Flat Disc Markers [Pack of 10],1746.16881918819,cs@networldsports.com,1-866-861-9095,www.forzagoal.com,"Red Star FC,Chamois Niortais FC,Paris Saint-Germain Féminin ,Olympique Lyonnais Féminin","United Kingdom, France, Germany, Spain, Italy, South Africa, Nigeria, Ivory Coast"
Eq-3,ForzaGoal,FORZA Carry Bag for Flat Disc Markers,1746.16881918819,cs@networldsports.com,1-866-861-9095,www.forzagoal.com,"Red Star FC,Chamois Niortais FC,Paris Saint-Germain Féminin ,Olympique Lyonnais Féminin","United Kingdom, France, Germany, Spain, Italy, South Africa, Nigeria, Ivory Coast"
Eq-3,ForzaGoal,FORZA Pro Tri Cone Hurdles [Pack of 8],1746.16881918819,cs@networldsports.com,1-866-861-9095,www.forzagoal.com,"Red Star FC,Chamois Niortais FC,Paris Saint-Germain Féminin ,Olympique Lyonnais Féminin","United Kingdom, France, Germany, Spain, Italy, South Africa, Nigeria, Ivory Coast"
Eq-3,ForzaGoal,FORZA Speed Training Hurdles [6 Pack],1746.16881918819,cs@networldsports.com,1-866-861-9095,www.forzagoal.com,"Red Star FC,Chamois Niortais FC,Paris Saint-Germain Féminin ,Olympique Lyonnais Féminin","United Kingdom, France, Germany, Spain, Italy, South Africa, Nigeria, Ivory Coast"
Eq-3,ForzaGoal,Soccer Evasion Training Belt,1746.16881918819,cs@networldsports.com,1-866-861-9095,www.forzagoal.com,"Red Star FC,Chamois Niortais FC,Paris Saint-Germain Féminin ,Olympique Lyonnais Féminin","United Kingdom, France, Germany, Spain, Italy, South Africa, Nigeria, Ivory Coast"
Eq-3,ForzaGoal,FORZA Resistance Speed Chute,1746.16881918819,cs@networldsports.com,1-866-861-9095,www.forzagoal.com,"Red Star FC,Chamois Niortais FC,Paris Saint-Germain Féminin ,Olympique Lyonnais Féminin","United Kingdom, France, Germany, Spain, Italy, South Africa, Nigeria, Ivory Coast"
Eq-3,ForzaGoal,FORZA 1.5ft Mini Slalom Poles - 4x Colors [25mm/34mm] - Pack Of 8,1746.16881918819,cs@networldsports.com,1-866-861-9095,www.forzagoal.com,"Red Star FC,Chamois Niortais FC,Paris Saint-Germain Féminin ,Olympique Lyonnais Féminin","United Kingdom, France, Germany, Spain, Italy, South Africa, Nigeria, Ivory Coast"
Eq-3,ForzaGoal,FORZA 5ft Spring Loaded Slalom Training Poles [1in],1746.16881918819,cs@networldsports.com,1-866-861-9095,www.forzagoal.com,"Red Star FC,Chamois Niortais FC,Paris Saint-Germain Féminin ,Olympique Lyonnais Féminin","United Kingdom, France, Germany, Spain, Italy, South Africa, Nigeria, Ivory Coast"
Eq-3,ForzaGoal,FORZA 3ft/6ft Slalom Training Poles [1.5 inch] - 8x Colors,1746.16881918819,cs@networldsports.com,1-866-861-9095,www.forzagoal.com,"Red Star FC,Chamois Niortais FC,Paris Saint-Germain Féminin ,Olympique Lyonnais Féminin","United Kingdom, France, Germany, Spain, Italy, South Africa, Nigeria, Ivory Coast"
Eq-3,ForzaGoal,"FORZA 6ft Spring Loaded Slalom Training Poles [1.5""]",1746.16881918819,cs@networldsports.com,1-866-861-9095,www.forzagoal.com,"Red Star FC,Chamois Niortais FC,Paris Saint-Germain Féminin ,Olympique Lyonnais Féminin","United Kingdom, France, Germany, Spain, Italy, South Africa, Nigeria, Ivory Coast"
Eq-3,ForzaGoal,FORZA ASTRO Slalom Poles With Bases [1.5ft / 5ft / 6ft High],1746.16881918819,cs@networldsports.com,1-866-861-9095,www.forzagoal.com,"Red Star FC,Chamois Niortais FC,Paris Saint-Germain Féminin ,Olympique Lyonnais Féminin","United Kingdom, France, Germany, Spain, Italy, South Africa, Nigeria, Ivory Coast"
Eq-3,ForzaGoal,FORZA Slalom Training Pole Carry Bag,1746.16881918819,cs@networldsports.com,1-866-861-9095,www.forzagoal.com,"Red Star FC,Chamois Niortais FC,Paris Saint-Germain Féminin ,Olympique Lyonnais Féminin","United Kingdom, France, Germany, Spain, Italy, South Africa, Nigeria, Ivory Coast"
Eq-3,ForzaGoal,Pop-Up Soccer Free Kick Mannequins [3 Pack],1746.16881918819,cs@networldsports.com,1-866-861-9095,www.forzagoal.com,"Red Star FC,Chamois Niortais FC,Paris Saint-Germain Féminin ,Olympique Lyonnais Féminin","United Kingdom, France, Germany, Spain, Italy, South Africa, Nigeria, Ivory Coast"
Eq-3,ForzaGoal,FORZA 6ft Airflow Soccer Mannequins,1746.16881918819,cs@networldsports.com,1-866-861-9095,www.forzagoal.com,"Red Star FC,Chamois Niortais FC,Paris Saint-Germain Féminin ,Olympique Lyonnais Féminin","United Kingdom, France, Germany, Spain, Italy, South Africa, Nigeria, Ivory Coast"
Eq-3,ForzaGoal,FORZA Soccer Free Kick Mannequins [3 Sizes],1746.16881918819,cs@networldsports.com,1-866-861-9095,www.forzagoal.com,"Red Star FC,Chamois Niortais FC,Paris Saint-Germain Féminin ,Olympique Lyonnais Féminin","United Kingdom, France, Germany, Spain, Italy, South Africa, Nigeria, Ivory Coast"
Eq-3,ForzaGoal,FORZA ASTRO Soccer Mannequins [Includes Bases],1746.16881918819,cs@networldsports.com,1-866-861-9095,www.forzagoal.com,"Red Star FC,Chamois Niortais FC,Paris Saint-Germain Féminin ,Olympique Lyonnais Féminin","United Kingdom, France, Germany, Spain, Italy, South Africa, Nigeria, Ivory Coast"
Eq-3,ForzaGoal,FORZA Free Kick Mannequin Trolley,1746.16881918819,cs@networldsports.com,1-866-861-9095,www.forzagoal.com,"Red Star FC,Chamois Niortais FC,Paris Saint-Germain Féminin ,Olympique Lyonnais Féminin","United Kingdom, France, Germany, Spain, Italy, South Africa, Nigeria, Ivory Coast"
Eq-3,ForzaGoal,METIS X FORZA Interactive Soccer Rebound Boards,1746.16881918819,cs@networldsports.com,1-866-861-9095,www.forzagoal.com,"Red Star FC,Chamois Niortais FC,Paris Saint-Germain Féminin ,Olympique Lyonnais Féminin","United Kingdom, France, Germany, Spain, Italy, South Africa, Nigeria, Ivory Coast"
Eq-4,TotalSport,SAC A DOS UHLSPORT ESSENTIAL BACKPACK NOIR-ROUGE,299.0,contact@totalsport.fr,04.94.32.70.28,www.totalsport.fr,"RC Lens ,AS Saint-Étienne,Football Club de Nantes Academy",France
Eq-4,TotalSport,SAC DE SPORT UHLSPORT ESSENTIAL BACKPACK NOIR-JAUNE,299.0,contact@totalsport.fr,04.94.32.70.28,www.totalsport.fr,"RC Lens ,AS Saint-Étienne,Football Club de Nantes Academy",France
Eq-4,TotalSport,SAC A DOS UHLSPORT CAPE BAG,399.0,contact@totalsport.fr,04.94.32.70.28,www.totalsport.fr,"RC Lens ,AS Saint-Étienne,Football Club de Nantes Academy",France
Eq-4,TotalSport,SAC A DOS UHLSPORT CAPE BAG NOIR,399.0,contact@totalsport.fr,04.94.32.70.28,www.totalsport.fr,"RC Lens ,AS Saint-Étienne,Football Club de Nantes Academy",France
Eq-4,TotalSport,SAC A BALLONS UHLSPORT (16 BALLONS),299.0,contact@totalsport.fr,04.94.32.70.28,www.totalsport.fr,"RC Lens ,AS Saint-Étienne,Football Club de Nantes Academy",France
Eq-4,TotalSport,SAC A BALLONS UHLSPORT (12 BALLONS),249.0,contact@totalsport.fr,04.94.32.70.28,www.totalsport.fr,"RC Lens ,AS Saint-Étienne,Football Club de Nantes Academy",France
Eq-4,TotalSport,SAC A BALLONS UHLSPORT JAUNE (12 BALLONS),249.0,contact@totalsport.fr,04.94.32.70.28,www.totalsport.fr,"RC Lens ,AS Saint-Étienne,Football Club de Nantes Academy",France
Eq-4,TotalSport,SANDALES DE BAIN UHLSPORT,199.0,contact@totalsport.fr,04.94.32.70.28,www.totalsport.fr,"RC Lens ,AS Saint-Étienne,Football Club de Nantes Academy",France
Eq-4,TotalSport,VESTE UHLSPORT SCORE CLASSIC NOIRE,339.0,contact@totalsport.fr,04.94.32.70.28,www.totalsport.fr,"RC Lens ,AS Saint-Étienne,Football Club de Nantes Academy",France
Eq-4,TotalSport,T-shirt Uhlsport Promo Tee noir,13.0,contact@totalsport.fr,04.94.32.70.28,www.totalsport.fr,"RC Lens ,AS Saint-Étienne,Football Club de Nantes Academy",France
Eq-4,TotalSport,T-shirt Uhlsport Promo Tee bleu,13.0,contact@totalsport.fr,04.94.32.70.28,www.totalsport.fr,"RC Lens ,AS Saint-Étienne,Football Club de Nantes Academy",France
Eq-4,TotalSport,T-shirt Uhlsport Promo Tee vert,13.0,contact@totalsport.fr,04.94.32.70.28,www.totalsport.fr,"RC Lens ,AS Saint-Étienne,Football Club de Nantes Academy",France
Eq-4,TotalSport,T-shirt Uhlsport Promo Tee jaune,13.0,contact@totalsport.fr,04.94.32.70.28,www.totalsport.fr,"RC Lens ,AS Saint-Étienne,Football Club de Nantes Academy",France
Eq-4,TotalSport,T-shirt Uhlsport Promo Tee rouge,13.0,contact@totalsport.fr,04.94.32.70.28,www.totalsport.fr,"RC Lens ,AS Saint-Étienne,Football Club de Nantes Academy",France
Eq-4,TotalSport,T-shirt Uhlsport Promo Tee blanc,13.0,contact@totalsport.fr,04.94.32.70.28,www.totalsport.fr,"RC Lens ,AS Saint-Étienne,Football Club de Nantes Academy",France
Eq-4,TotalSport,Veste Uhlsport Softshell noire,89.0,contact@totalsport.fr,04.94.32.70.28,www.totalsport.fr,"RC Lens ,AS Saint-Étienne,Football Club de Nantes Academy",France
Eq-4,TotalSport,Veste Uhlsport Softshell rouge,89.0,contact@totalsport.fr,04.94.32.70.28,www.totalsport.fr,"RC Lens ,AS Saint-Étienne,Football Club de Nantes Academy",France
Eq-4,TotalSport,Coupe-vent Uhlsport Essenstial bleu,389.0,contact@totalsport.fr,04.94.32.70.28,www.totalsport.fr,"RC Lens ,AS Saint-Étienne,Football Club de Nantes Academy",France
Eq-4,TotalSport,Veste Uhlsport Essential Homme noire,749.0,contact@totalsport.fr,04.94.32.70.28,www.totalsport.fr,"RC Lens ,AS Saint-Étienne,Football Club de Nantes Academy",France
Eq-4,TotalSport,Sac de sport Uhlsport Essential sport 2.0 noir,249.0,contact@totalsport.fr,04.94.32.70.28,www.totalsport.fr,"RC Lens ,AS Saint-Étienne,Football Club de Nantes Academy",France
Eq-4,TotalSport,Blouson Uhlsport Essential Ultra Lite noir,30.0,contact@totalsport.fr,04.94.32.70.28,www.totalsport.fr,"RC Lens ,AS Saint-Étienne,Football Club de Nantes Academy",France
Eq-4,TotalSport,Blouson Uhlsport Essential Ultra Lite Marine,749.0,contact@totalsport.fr,04.94.32.70.28,www.totalsport.fr,"RC Lens ,AS Saint-Étienne,Football Club de Nantes Academy",France
Eq-4,TotalSport,Doudoune sans manche Uhlsport Ultra Lite noire,49.0,contact@totalsport.fr,04.94.32.70.28,www.totalsport.fr,"RC Lens ,AS Saint-Étienne,Football Club de Nantes Academy",France
Eq-4,TotalSport,Doudoune sans mache Uhlsport Ultra Lite Marine,49.0,contact@totalsport.fr,04.94.32.70.28,www.totalsport.fr,"RC Lens ,AS Saint-Étienne,Football Club de Nantes Academy",France
Eq-4,TotalSport,Pantalon de gardien Uhlsport Standard GK noir,349.0,contact@totalsport.fr,04.94.32.70.28,www.totalsport.fr,"RC Lens ,AS Saint-Étienne,Football Club de Nantes Academy",France
Eq-4,TotalSport,Pantalon de gardien Uhlsport Anatomic Kevlar noir,59.0,contact@totalsport.fr,04.94.32.70.28,www.totalsport.fr,"RC Lens ,AS Saint-Étienne,Football Club de Nantes Academy",France
Eq-4,TotalSport,TABLEAU MAGNÉTIQUE FOOTBALL EFFAÇABLE AVEC MARQUAGE TERRAIN,120.0,contact@totalsport.fr,04.94.32.70.28,www.totalsport.fr,"RC Lens ,AS Saint-Étienne,Football Club de Nantes Academy",France
Eq-4,TotalSport,POCHETTE TACTIQUE DE COACH DE FOOTBALL,32.0,contact@totalsport.fr,04.94.32.70.28,www.totalsport.fr,"RC Lens ,AS Saint-Étienne,Football Club de Nantes Academy",France
Eq-4,TotalSport,TABLEAU MAGNÉTIQUE FOOT AVEC PROTECTION IMPERMÉABLE,45.0,contact@totalsport.fr,04.94.32.70.28,www.totalsport.fr,"RC Lens ,AS Saint-Étienne,Football Club de Nantes Academy",France
Eq-4,TotalSport,"CAGE DE FOOT POWERSHOT PRO 2,4 X 1,2 M AVEC SYSTÈME CLIC",150.0,contact@totalsport.fr,04.94.32.70.28,www.totalsport.fr,"RC Lens ,AS Saint-Étienne,Football Club de Nantes Academy",France
Eq-4,TotalSport,"BUT DE FOOT POWERSHOT 3,7 X 2 M ""PRO"" AVEC SYSTÈME CLIC NEUF",220.0,contact@totalsport.fr,04.94.32.70.28,www.totalsport.fr,"RC Lens ,AS Saint-Étienne,Football Club de Nantes Academy",France
Eq-4,TotalSport,"CAGE DE FOOT POWERSHOT ""PRO"" 1,5 X 1,2 M - AVEC SYSTÈME CLIC",100.0,contact@totalsport.fr,04.94.32.70.28,www.totalsport.fr,"RC Lens ,AS Saint-Étienne,Football Club de Nantes Academy",France
Eq-4,TotalSport,"SAC DE TRANSPORT POUR BUT POWERSHOT 1,5 X 1,2M ET 2,4 X 1,2M",12.0,contact@totalsport.fr,04.94.32.70.28,www.totalsport.fr,"RC Lens ,AS Saint-Étienne,Football Club de Nantes Academy",France
Eq-4,TotalSport,"BUT DE FOOT POWERSHOT MODULABLE 4 X 1,5 M",220.0,contact@totalsport.fr,04.94.32.70.28,www.totalsport.fr,"RC Lens ,AS Saint-Étienne,Football Club de Nantes Academy",France
Eq-4,TotalSport,FILET DE FOOT - POWERSHOT 1.5M X 1.2M,25.0,contact@totalsport.fr,04.94.32.70.28,www.totalsport.fr,"RC Lens ,AS Saint-Étienne,Football Club de Nantes Academy",France
Eq-4,TotalSport,"FILET DE FOOT - POWERSHOT 3,7M X 2M",40.0,contact@totalsport.fr,04.94.32.70.28,www.totalsport.fr,"RC Lens ,AS Saint-Étienne,Football Club de Nantes Academy",France
Eq-4,TotalSport,FILET DE FOOT - POWERSHOT 4M X 1.5M,45.0,contact@totalsport.fr,04.94.32.70.28,www.totalsport.fr,"RC Lens ,AS Saint-Étienne,Football Club de Nantes Academy",France
Eq-4,TotalSport,FILET DE FOOT - POWERSHOT 2.4M X 1.2M,34.0,contact@totalsport.fr,04.94.32.70.28,www.totalsport.fr,"RC Lens ,AS Saint-Étienne,Football Club de Nantes Academy",France
Eq-4,TotalSport,FILET DE FOOT 5 X 2 X 1 X 1M - DIAMÈTRE: 3 MM,46.0,contact@totalsport.fr,04.94.32.70.28,www.totalsport.fr,"RC Lens ,AS Saint-Étienne,Football Club de Nantes Academy",France
Eq-4,TotalSport,FILET DE FOOT DE STADES 2 COULEURS 4MM - BLANC / BLEU,100.0,contact@totalsport.fr,04.94.32.70.28,www.totalsport.fr,"RC Lens ,AS Saint-Étienne,Football Club de Nantes Academy",France
Eq-4,TotalSport,FILET DE FOOT DE STADES 2 COULEURS 4MM - BLANC / VERT,100.0,contact@totalsport.fr,04.94.32.70.28,www.totalsport.fr,"RC Lens ,AS Saint-Étienne,Football Club de Nantes Academy",France
Eq-4,TotalSport,FILET DE FOOT DE STADES 2 COULEURS 4MM - NOIR / ROUGE,100.0,contact@totalsport.fr,04.94.32.70.28,www.totalsport.fr,"RC Lens ,AS Saint-Étienne,Football Club de Nantes Academy",France
Eq-4,TotalSport,FILET DE FOOT DE STADES 2 COULEURS 4MM - NOIR / BLANC,95.0,contact@totalsport.fr,04.94.32.70.28,www.totalsport.fr,"RC Lens ,AS Saint-Étienne,Football Club de Nantes Academy",France
Eq-4,TotalSport,FILET DE FOOT DE STADES 2 COULEURS 4MM - NOIR / JAUNE,95.0,contact@totalsport.fr,04.94.32.70.28,www.totalsport.fr,"RC Lens ,AS Saint-Étienne,Football Club de Nantes Academy",France
Eq-4,TotalSport,FILET DE FOOT STADE COULEUR (BOX) 4MM - BLANC / BLEU,110.0,contact@totalsport.fr,04.94.32.70.28,www.totalsport.fr,"RC Lens ,AS Saint-Étienne,Football Club de Nantes Academy",France
Eq-4,TotalSport,FILET DE FOOT 4 X 2 M - DIAMÈTRE 2 MM,45.0,contact@totalsport.fr,04.94.32.70.28,www.totalsport.fr,"RC Lens ,AS Saint-Étienne,Football Club de Nantes Academy",France
Eq-4,TotalSport,FILET DE FOOT 3X2 STANDARD 3MM,376.0,contact@totalsport.fr,04.94.32.70.28,www.totalsport.fr,"RC Lens ,AS Saint-Étienne,Football Club de Nantes Academy",France
Eq-4,TotalSport,FILET DE FOOT EUROPÉEN MAILLE HEXAGONALE 4MM - BLANC,110.0,contact@totalsport.fr,04.94.32.70.28,www.totalsport.fr,"RC Lens ,AS Saint-Étienne,Football Club de Nantes Academy",France
Eq-4,TotalSport,"FILET DE FOOT 6 X 2,1 M - DIAMÈTRE: 3 MM - COLORIS: NOIR",60.0,contact@totalsport.fr,04.94.32.70.28,www.totalsport.fr,"RC Lens ,AS Saint-Étienne,Football Club de Nantes Academy",France
Eq-4,TotalSport,"FILET DE FOOT DE 2 COULEURS (7,32X2,44M) BLANC / BLEU",85.0,contact@totalsport.fr,04.94.32.70.28,www.totalsport.fr,"RC Lens ,AS Saint-Étienne,Football Club de Nantes Academy",France
Eq-4,TotalSport,FILET DE FOOT CLUBS 7.32 X 2.44 X 0.8 X 2M - 4MM,85.0,contact@totalsport.fr,04.94.32.70.28,www.totalsport.fr,"RC Lens ,AS Saint-Étienne,Football Club de Nantes Academy",France
Eq-4,TotalSport,"FILET DE FOOT DE 2 COULEURS (7,32X2,44X0,8X2M) BLANC / ROUGE",89.0,contact@totalsport.fr,04.94.32.70.28,www.totalsport.fr,"RC Lens ,AS Saint-Étienne,Football Club de Nantes Academy",France
Eq-4,TotalSport,FILET DE FOOT 7.32 X 2.44 X 0.8 X 2M - 2MM - BLANC,46.0,contact@totalsport.fr,04.94.32.70.28,www.totalsport.fr,"RC Lens ,AS Saint-Étienne,Football Club de Nantes Academy",France
Eq-4,TotalSport,FILET DE FOOT CLUBS 7.32 X 2.44 X 0.8 X 1.5 M - 4MM,85.0,contact@totalsport.fr,04.94.32.70.28,www.totalsport.fr,"RC Lens ,AS Saint-Étienne,Football Club de Nantes Academy",France
Eq-4,TotalSport,FILET DE FOOT CLUBS 7.32 X 2.44 X 0.8 X 2M en 4MM,85.0,contact@totalsport.fr,04.94.32.70.28,www.totalsport.fr,"RC Lens ,AS Saint-Étienne,Football Club de Nantes Academy",France
Eq-4,TotalSport,"FILET DE FOOT DE 2 COULEURS (7,32X2,44M) BLANC / NOIR",95.0,contact@totalsport.fr,04.94.32.70.28,www.totalsport.fr,"RC Lens ,AS Saint-Étienne,Football Club de Nantes Academy",France
Eq-4,TotalSport,FILET DE FOOT 7.32 X 2.44 X 0.8 X 1.5 - 2MM - BLANC,42.0,contact@totalsport.fr,04.94.32.70.28,www.totalsport.fr,"RC Lens ,AS Saint-Étienne,Football Club de Nantes Academy",France
Eq-4,TotalSport,FILET DE FOOT DE STADES 4MM - COULEUR BLEU,75.0,contact@totalsport.fr,04.94.32.70.28,www.totalsport.fr,"RC Lens ,AS Saint-Étienne,Football Club de Nantes Academy",France
Eq-4,TotalSport,FILET DE FOOT DE STADES 4MM - COULEUR BLANC,60.0,contact@totalsport.fr,04.94.32.70.28,www.totalsport.fr,"RC Lens ,AS Saint-Étienne,Football Club de Nantes Academy",France
Eq-4,TotalSport,FILET DE FOOT DE STADES 3MM,80.0,contact@totalsport.fr,04.94.32.70.28,www.totalsport.fr,"RC Lens ,AS Saint-Étienne,Football Club de Nantes Academy",France
Eq-4,TotalSport,SPORT BEEPER PRO,665.0,contact@totalsport.fr,04.94.32.70.28,www.totalsport.fr,"RC Lens ,AS Saint-Étienne,Football Club de Nantes Academy",France
Eq-4,TotalSport,Kit de 12 maxi-cônes avec support,299.0,contact@totalsport.fr,04.94.32.70.28,www.totalsport.fr,"RC Lens ,AS Saint-Étienne,Football Club de Nantes Academy",France
Eq-4,TotalSport,Tiki Taka Ring - Jeu du Toro - Diamètre : 6 mètres,62.0,contact@totalsport.fr,04.94.32.70.28,www.totalsport.fr,"RC Lens ,AS Saint-Étienne,Football Club de Nantes Academy",France
Eq-4,TotalSport,Mannequin avec socle - Senior,49.0,contact@totalsport.fr,04.94.32.70.28,www.totalsport.fr,"RC Lens ,AS Saint-Étienne,Football Club de Nantes Academy",France
Eq-4,TotalSport,Mannequin de football avec pointe acier - Junior,40.0,contact@totalsport.fr,04.94.32.70.28,www.totalsport.fr,"RC Lens ,AS Saint-Étienne,Football Club de Nantes Academy",France
Eq-4,TotalSport,Tableau tactique football - 30 x 45 cm,275.0,contact@totalsport.fr,04.94.32.70.28,www.totalsport.fr,"RC Lens ,AS Saint-Étienne,Football Club de Nantes Academy",France
Eq-4,TotalSport,PLAQUETTE COACH 3D FOOTBALL,11.0,contact@totalsport.fr,04.94.32.70.28,www.totalsport.fr,"RC Lens ,AS Saint-Étienne,Football Club de Nantes Academy",France
Eq-4,TotalSport,KIT TABLEAU TAKTI-FOOT,509.0,contact@totalsport.fr,04.94.32.70.28,www.totalsport.fr,"RC Lens ,AS Saint-Étienne,Football Club de Nantes Academy",France
Eq-4,TotalSport,"FILET DE FOOT DE 2 COULEURS (7,32X2,44M) BLANC / JAUNE",84.0,contact@totalsport.fr,04.94.32.70.28,www.totalsport.fr,"RC Lens ,AS Saint-Étienne,Football Club de Nantes Academy",France
Eq-4,TotalSport,BALLON DE FOOTBALL SPORTI UNITED T3-4-5,109.0,contact@totalsport.fr,04.94.32.70.28,www.totalsport.fr,"RC Lens ,AS Saint-Étienne,Football Club de Nantes Academy",France
Eq-4,TotalSport,CIBLE POUR BUT DE FOOTBALL À 11,144.0,contact@totalsport.fr,04.94.32.70.28,www.totalsport.fr,"RC Lens ,AS Saint-Étienne,Football Club de Nantes Academy",France
Eq-4,TotalSport,BRASSARD VELCRO CAPITAINE,32.0,contact@totalsport.fr,04.94.32.70.28,www.totalsport.fr,"RC Lens ,AS Saint-Étienne,Football Club de Nantes Academy",France
Eq-4,TotalSport,"BUT DE FOOTBALL À 11 TRANSPORTABLE, EN ALUMINIUM Ø101.6MM, AVEC CROCHETS (LA PAIRE)",3740.0,contact@totalsport.fr,04.94.32.70.28,www.totalsport.fr,"RC Lens ,AS Saint-Étienne,Football Club de Nantes Academy",France
Eq-4,TotalSport,KIT TENNIS BALLON - MINI TENNIS 6 METRES,151.0,contact@totalsport.fr,04.94.32.70.28,www.totalsport.fr,"RC Lens ,AS Saint-Étienne,Football Club de Nantes Academy",France
Eq-4,TotalSport,BUT DE FOOT À 8 MOBILE EN ALUMINIUM Ø90MM AVEC CROCHETS,2240.0,contact@totalsport.fr,04.94.32.70.28,www.totalsport.fr,"RC Lens ,AS Saint-Étienne,Football Club de Nantes Academy",France
Eq-4,TotalSport,MINI BUT PLIABLE RECTANGLE POP UP Dimensions : 120 x 90 x 90cm. (LA PAIRE),53.0,contact@totalsport.fr,04.94.32.70.28,www.totalsport.fr,"RC Lens ,AS Saint-Étienne,Football Club de Nantes Academy",France
Eq-4,TotalSport,MINI BUT DE FOOTBALL 2.4 X 1.2 Mètres,679.0,contact@totalsport.fr,04.94.32.70.28,www.totalsport.fr,"RC Lens ,AS Saint-Étienne,Football Club de Nantes Academy",France
Eq-4,TotalSport,"PAIRE DE BUT FOOTBALL POP UP 1,2X0,9M AVEC SAC DE TRANSPORT",70.0,contact@totalsport.fr,04.94.32.70.28,www.totalsport.fr,"RC Lens ,AS Saint-Étienne,Football Club de Nantes Academy",France
Eq-4,TotalSport,"MANNEQUIN FOOTBALL GONFLABLE 2,05 M AVEC ENTONNOIR DE REMPLISSAGE",115.0,contact@totalsport.fr,04.94.32.70.28,www.totalsport.fr,"RC Lens ,AS Saint-Étienne,Football Club de Nantes Academy",France
Eq-4,TotalSport,Filet de football rabattable - Maille 120 mm - diam 3 mm - sans noeuds,81.0,contact@totalsport.fr,04.94.32.70.28,www.totalsport.fr,"RC Lens ,AS Saint-Étienne,Football Club de Nantes Academy",France
Eq-4,TotalSport,Filet de football 8 joueurs transportable,89.0,contact@totalsport.fr,04.94.32.70.28,www.totalsport.fr,"RC Lens ,AS Saint-Étienne,Football Club de Nantes Academy",France
Eq-4,TotalSport,Filet football 4 mm - maille 120 - sans noeuds,162.0,contact@totalsport.fr,04.94.32.70.28,www.totalsport.fr,"RC Lens ,AS Saint-Étienne,Football Club de Nantes Academy",France
Eq-4,TotalSport,Ballon de football Uhlsport Match Addglue T. 5,699.0,contact@totalsport.fr,04.94.32.70.28,www.totalsport.fr,"RC Lens ,AS Saint-Étienne,Football Club de Nantes Academy",France
Eq-4,TotalSport,"MUR DE PROTECTION - 3,6 X 2,7 M",179.0,contact@totalsport.fr,04.94.32.70.28,www.totalsport.fr,"RC Lens ,AS Saint-Étienne,Football Club de Nantes Academy",France
Eq-4,TotalSport,"BUT DE FOOTBALL À 8 - 6 X 2,1 M - ALUMINIUM TRANSPORTABLE 2",1850.0,contact@totalsport.fr,04.94.32.70.28,www.totalsport.fr,"RC Lens ,AS Saint-Étienne,Football Club de Nantes Academy",France
Eq-4,TotalSport,BUT DE FOOT PVC 4 X 1.50M NOUVEAU MODÈLE,203.0,contact@totalsport.fr,04.94.32.70.28,www.totalsport.fr,"RC Lens ,AS Saint-Étienne,Football Club de Nantes Academy",France
Eq-4,TotalSport,Système de relevage du filet but à 11 (la paire),640.0,contact@totalsport.fr,04.94.32.70.28,www.totalsport.fr,"RC Lens ,AS Saint-Étienne,Football Club de Nantes Academy",France
Eq-4,TotalSport,Jeu de 4 oreilles pour but à 7 et à 11,470.0,contact@totalsport.fr,04.94.32.70.28,www.totalsport.fr,"RC Lens ,AS Saint-Étienne,Football Club de Nantes Academy",France
Eq-5,Decathlon Tunisie,But de football SG 100 taille L blanc,1746.16881918819,contact@decathlon.tn,31 222 222,www.decathlon.tn,"Espérance Sportive de Tunis,Club Africain,Étoile Sportive du Sahel,Raja Club Athletic,Wydad Casablanca ,FUS de Rabat,MC Alger,ES Sétif,USM Alger,","Tunisia, Morocco, Algeria, South Africa, Kenya, Ivory Coast, Senegal, Nigeria, Democratic Republic of Congo, "
Eq-5,Decathlon Tunisie,But de football SG 500 taille M Bleu orange,1746.16881918819,contact@decathlon.tn,31 222 222,www.decathlon.tn,"Espérance Sportive de Tunis,Club Africain,Étoile Sportive du Sahel,Raja Club Athletic,Wydad Casablanca ,FUS de Rabat,MC Alger,ES Sétif,USM Alger,","Tunisia, Morocco, Algeria, South Africa, Kenya, Ivory Coast, Senegal, Nigeria, Democratic Republic of Congo, "
Eq-5,Decathlon Tunisie,But de football gonflable AIR KAGE PUMP Bleu / Turquoise,1746.16881918819,contact@decathlon.tn,31 222 222,www.decathlon.tn,"Espérance Sportive de Tunis,Club Africain,Étoile Sportive du Sahel,Raja Club Athletic,Wydad Casablanca ,FUS de Rabat,MC Alger,ES Sétif,USM Alger,","Tunisia, Morocco, Algeria, South Africa, Kenya, Ivory Coast, Senegal, Nigeria, Democratic Republic of Congo, "
Eq-5,Decathlon Tunisie,But de football SG 500 taille L Classic marine/orange,1746.16881918819,contact@decathlon.tn,31 222 222,www.decathlon.tn,"Espérance Sportive de Tunis,Club Africain,Étoile Sportive du Sahel,Raja Club Athletic,Wydad Casablanca ,FUS de Rabat,MC Alger,ES Sétif,USM Alger,","Tunisia, Morocco, Algeria, South Africa, Kenya, Ivory Coast, Senegal, Nigeria, Democratic Republic of Congo, "
Eq-5,Decathlon Tunisie,Ballon de football Sunny 300 taille 4 orange,1746.16881918819,contact@decathlon.tn,31 222 222,www.decathlon.tn,"Espérance Sportive de Tunis,Club Africain,Étoile Sportive du Sahel,Raja Club Athletic,Wydad Casablanca ,FUS de Rabat,MC Alger,ES Sétif,USM Alger,","Tunisia, Morocco, Algeria, South Africa, Kenya, Ivory Coast, Senegal, Nigeria, Democratic Republic of Congo, "
Eq-5,Decathlon Tunisie,Ballon de football First Kick taille 5 (joueurs de 12 ans et plus) jaune,1746.16881918819,contact@decathlon.tn,31 222 222,www.decathlon.tn,"Espérance Sportive de Tunis,Club Africain,Étoile Sportive du Sahel,Raja Club Athletic,Wydad Casablanca ,FUS de Rabat,MC Alger,ES Sétif,USM Alger,","Tunisia, Morocco, Algeria, South Africa, Kenya, Ivory Coast, Senegal, Nigeria, Democratic Republic of Congo, "
Eq-5,Decathlon Tunisie,Ballon de football First Kick taille 4 (enfants entre 9 à 12 ans) rouge,1746.16881918819,contact@decathlon.tn,31 222 222,www.decathlon.tn,"Espérance Sportive de Tunis,Club Africain,Étoile Sportive du Sahel,Raja Club Athletic,Wydad Casablanca ,FUS de Rabat,MC Alger,ES Sétif,USM Alger,","Tunisia, Morocco, Algeria, South Africa, Kenya, Ivory Coast, Senegal, Nigeria, Democratic Republic of Congo, "
Eq-5,Decathlon Tunisie,Ballon de football First Kick taille 3 (enfants de moins de 9 ans) bleu,1746.16881918819,contact@decathlon.tn,31 222 222,www.decathlon.tn,"Espérance Sportive de Tunis,Club Africain,Étoile Sportive du Sahel,Raja Club Athletic,Wydad Casablanca ,FUS de Rabat,MC Alger,ES Sétif,USM Alger,","Tunisia, Morocco, Algeria, South Africa, Kenya, Ivory Coast, Senegal, Nigeria, Democratic Republic of Congo, "
Eq-5,Decathlon Tunisie,BALLON DE FOOTBALL HYBRIDE F500 LIGHT TAILLE 5 BLANC,1746.16881918819,contact@decathlon.tn,31 222 222,www.decathlon.tn,"Espérance Sportive de Tunis,Club Africain,Étoile Sportive du Sahel,Raja Club Athletic,Wydad Casablanca ,FUS de Rabat,MC Alger,ES Sétif,USM Alger,","Tunisia, Morocco, Algeria, South Africa, Kenya, Ivory Coast, Senegal, Nigeria, Democratic Republic of Congo, "
Eq-5,Decathlon Tunisie,Mini ballon de football Sunny 300 taille 1 bleu pastel,1746.16881918819,contact@decathlon.tn,31 222 222,www.decathlon.tn,"Espérance Sportive de Tunis,Club Africain,Étoile Sportive du Sahel,Raja Club Athletic,Wydad Casablanca ,FUS de Rabat,MC Alger,ES Sétif,USM Alger,","Tunisia, Morocco, Algeria, South Africa, Kenya, Ivory Coast, Senegal, Nigeria, Democratic Republic of Congo, "
Eq-5,Decathlon Tunisie,Protège-tibias de football enfant ESSENTIAL 100 noir,1746.16881918819,contact@decathlon.tn,31 222 222,www.decathlon.tn,"Espérance Sportive de Tunis,Club Africain,Étoile Sportive du Sahel,Raja Club Athletic,Wydad Casablanca ,FUS de Rabat,MC Alger,ES Sétif,USM Alger,","Tunisia, Morocco, Algeria, South Africa, Kenya, Ivory Coast, Senegal, Nigeria, Democratic Republic of Congo, "
Eq-5,Decathlon Tunisie,Protège-tibias de football adulte ESSENTIAL 100 noir,1746.16881918819,contact@decathlon.tn,31 222 222,www.decathlon.tn,"Espérance Sportive de Tunis,Club Africain,Étoile Sportive du Sahel,Raja Club Athletic,Wydad Casablanca ,FUS de Rabat,MC Alger,ES Sétif,USM Alger,","Tunisia, Morocco, Algeria, South Africa, Kenya, Ivory Coast, Senegal, Nigeria, Democratic Republic of Congo, "
Eq-5,Decathlon Tunisie,Protège-tibias de football enfant ESSENTIAL 140 noir,1746.16881918819,contact@decathlon.tn,31 222 222,www.decathlon.tn,"Espérance Sportive de Tunis,Club Africain,Étoile Sportive du Sahel,Raja Club Athletic,Wydad Casablanca ,FUS de Rabat,MC Alger,ES Sétif,USM Alger,","Tunisia, Morocco, Algeria, South Africa, Kenya, Ivory Coast, Senegal, Nigeria, Democratic Republic of Congo, "
Eq-5,Decathlon Tunisie,Protège-tibias de football adulte ESSENTIAL 140 noir,1746.16881918819,contact@decathlon.tn,31 222 222,www.decathlon.tn,"Espérance Sportive de Tunis,Club Africain,Étoile Sportive du Sahel,Raja Club Athletic,Wydad Casablanca ,FUS de Rabat,MC Alger,ES Sétif,USM Alger,","Tunisia, Morocco, Algeria, South Africa, Kenya, Ivory Coast, Senegal, Nigeria, Democratic Republic of Congo, "
Eq-5,Decathlon Tunisie,COUPE-PLUIE DE FOOTBALL VIRALTO CLUB NOIR,1746.16881918819,contact@decathlon.tn,31 222 222,www.decathlon.tn,"Espérance Sportive de Tunis,Club Africain,Étoile Sportive du Sahel,Raja Club Athletic,Wydad Casablanca ,FUS de Rabat,MC Alger,ES Sétif,USM Alger,","Tunisia, Morocco, Algeria, South Africa, Kenya, Ivory Coast, Senegal, Nigeria, Democratic Republic of Congo, "
Eq-5,Decathlon Tunisie,COUPE-PLUIE DE FOOTBALL VIRALTO CLUB NOIR,1746.16881918819,contact@decathlon.tn,31 222 222,www.decathlon.tn,"Espérance Sportive de Tunis,Club Africain,Étoile Sportive du Sahel,Raja Club Athletic,Wydad Casablanca ,FUS de Rabat,MC Alger,ES Sétif,USM Alger,","Tunisia, Morocco, Algeria, South Africa, Kenya, Ivory Coast, Senegal, Nigeria, Democratic Republic of Congo, "
Eq-5,Decathlon Tunisie,VESTE COUPE PLUIE DE FOOTBALL T500 ENFANT NOIRE,1746.16881918819,contact@decathlon.tn,31 222 222,www.decathlon.tn,"Espérance Sportive de Tunis,Club Africain,Étoile Sportive du Sahel,Raja Club Athletic,Wydad Casablanca ,FUS de Rabat,MC Alger,ES Sétif,USM Alger,","Tunisia, Morocco, Algeria, South Africa, Kenya, Ivory Coast, Senegal, Nigeria, Democratic Republic of Congo, "
Eq-5,Decathlon Tunisie,Pochette tactique entraîneur Football,1746.16881918819,contact@decathlon.tn,31 222 222,www.decathlon.tn,"Espérance Sportive de Tunis,Club Africain,Étoile Sportive du Sahel,Raja Club Athletic,Wydad Casablanca ,FUS de Rabat,MC Alger,ES Sétif,USM Alger,","Tunisia, Morocco, Algeria, South Africa, Kenya, Ivory Coast, Senegal, Nigeria, Democratic Republic of Congo, "
Eq-6,SportsDirect,Sport Water Bottle,45.0,service@storesdirect.fr,01 70 18 15 30,www.sportsdirect.fr,"Newcastle United FC,Sheffield United FC,Nottingham Forest FC ","France, United Kingdom"
Eq-6,SportsDirect,Nylon Safety Football Studs Sets (Single),6.0,service@storesdirect.fr,01 70 18 15 30,www.sportsdirect.fr,"Newcastle United FC,Sheffield United FC,Nottingham Forest FC ","France, United Kingdom"
Eq-6,SportsDirect,Hypro Team 700ml UV SS Bottle,19.0,service@storesdirect.fr,01 70 18 15 30,www.sportsdirect.fr,"Newcastle United FC,Sheffield United FC,Nottingham Forest FC ","France, United Kingdom"
Eq-6,SportsDirect,12 Pack TPU Replacement Studs,15.0,service@storesdirect.fr,01 70 18 15 30,www.sportsdirect.fr,"Newcastle United FC,Sheffield United FC,Nottingham Forest FC ","France, United Kingdom"
Eq-6,SportsDirect,Foam Roller,11.0,service@storesdirect.fr,01 70 18 15 30,www.sportsdirect.fr,"Newcastle United FC,Sheffield United FC,Nottingham Forest FC ","France, United Kingdom"
Eq-6,SportsDirect,Football Pump,17.0,service@storesdirect.fr,01 70 18 15 30,www.sportsdirect.fr,"Newcastle United FC,Sheffield United FC,Nottingham Forest FC ","France, United Kingdom"
Eq-6,SportsDirect,Plastic Whistle,35.0,service@storesdirect.fr,01 70 18 15 30,www.sportsdirect.fr,"Newcastle United FC,Sheffield United FC,Nottingham Forest FC ","France, United Kingdom"
Eq-6,SportsDirect,Pro Dri FIT Knit Knee Sleeve,32.0,service@storesdirect.fr,01 70 18 15 30,www.sportsdirect.fr,"Newcastle United FC,Sheffield United FC,Nottingham Forest FC ","France, United Kingdom"
Eq-6,SportsDirect,Sport Water Bottle,45.0,service@storesdirect.fr,01 70 18 15 30,www.sportsdirect.fr,"Newcastle United FC,Sheffield United FC,Nottingham Forest FC ","France, United Kingdom"
Eq-6,SportsDirect,Nylon Safety Football Studs Sets (Single),6.0,service@storesdirect.fr,01 70 18 15 30,www.sportsdirect.fr,"Newcastle United FC,Sheffield United FC,Nottingham Forest FC ","France, United Kingdom"
Eq-6,SportsDirect,Hypro Team 700ml UV SS Bottle,19.0,service@storesdirect.fr,01 70 18 15 30,www.sportsdirect.fr,"Newcastle United FC,Sheffield United FC,Nottingham Forest FC ","France, United Kingdom"
Eq-6,SportsDirect,12 Pack TPU Replacement Studs,15.0,service@storesdirect.fr,01 70 18 15 30,www.sportsdirect.fr,"Newcastle United FC,Sheffield United FC,Nottingham Forest FC ","France, United Kingdom"
Eq-6,SportsDirect,Foam Roller,11.0,service@storesdirect.fr,01 70 18 15 30,www.sportsdirect.fr,"Newcastle United FC,Sheffield United FC,Nottingham Forest FC ","France, United Kingdom"
Eq-6,SportsDirect,Football Pump,17.0,service@storesdirect.fr,01 70 18 15 30,www.sportsdirect.fr,"Newcastle United FC,Sheffield United FC,Nottingham Forest FC ","France, United Kingdom"
Eq-6,SportsDirect,Plastic Whistle,35.0,service@storesdirect.fr,01 70 18 15 30,www.sportsdirect.fr,"Newcastle United FC,Sheffield United FC,Nottingham Forest FC ","France, United Kingdom"
Eq-6,SportsDirect,Pro Dri FIT Knit Knee Sleeve,32.0,service@storesdirect.fr,01 70 18 15 30,www.sportsdirect.fr,"Newcastle United FC,Sheffield United FC,Nottingham Forest FC ","France, United Kingdom"
Eq-7,Prozon,BUT DE FOOT PROFESSIONNEL À 8 TRANSPORTABLE,6389.0,contact@prozon.com,01 70 15 15 00,www.prozon.com,"Newcastle United FC,Sheffield United FC,Nottingham Forest FC ","France, United Kingdom"
Eq-7,Prozon,BUT DE FOOT PROFESSIONNEL À 11 À SCELLER,4799.0,contact@prozon.com,01 70 15 15 00,www.prozon.com,"Newcastle United FC,Sheffield United FC,Nottingham Forest FC ","France, United Kingdom"
Eq-7,Prozon,BUT DE FOOT PROFESSIONNEL À 11 TRANSPORTABLE,1746.16881918819,contact@prozon.com,01 70 15 15 00,www.prozon.com,"Newcastle United FC,Sheffield United FC,Nottingham Forest FC ","France, United Kingdom"
Eq-7,Prozon,ROUES POUR BUT DE FOOT PROFESSIONNEL TRANSPORTABLE,2129.0,contact@prozon.com,01 70 15 15 00,www.prozon.com,"Newcastle United FC,Sheffield United FC,Nottingham Forest FC ","France, United Kingdom"
Eq-7,Prozon,BUT DE FOOT PROFESSIONNEL À 8 À SCELLER,4599.0,contact@prozon.com,01 70 15 15 00,www.prozon.com,"Newcastle United FC,Sheffield United FC,Nottingham Forest FC ","France, United Kingdom"
Eq-7,Prozon,MINI BUT DE FOOT PROFESSIONNEL,1699.0,contact@prozon.com,01 70 15 15 00,www.prozon.com,"Newcastle United FC,Sheffield United FC,Nottingham Forest FC ","France, United Kingdom"
Eq-7,Prozon,BUT DE FOOT PROFESSIONNEL À 8 RABATTABLE AVEC FILET,9599.0,contact@prozon.com,01 70 15 15 00,www.prozon.com,"Newcastle United FC,Sheffield United FC,Nottingham Forest FC ","France, United Kingdom"
Eq-7,Prozon,PAIRE DE FILET BUT DE FOOT,6499.0,contact@prozon.com,01 70 15 15 00,www.prozon.com,"Newcastle United FC,Sheffield United FC,Nottingham Forest FC ","France, United Kingdom"
Eq-7,Prozon,CROCHETS POUR FILETS DE BUT,9.0,contact@prozon.com,01 70 15 15 00,www.prozon.com,"Newcastle United FC,Sheffield United FC,Nottingham Forest FC ","France, United Kingdom"
Eq-7,Prozon,MÂT ARRIÈRE BUT DE FOOT - LOT DE 4,25199.0,contact@prozon.com,01 70 15 15 00,www.prozon.com,"Newcastle United FC,Sheffield United FC,Nottingham Forest FC ","France, United Kingdom"
Eq-7,Prozon,SYSTÈME DE RELEVAGE DU FILET POUR BUT DE FOOTBALL,40049.0,contact@prozon.com,01 70 15 15 00,www.prozon.com,"Newcastle United FC,Sheffield United FC,Nottingham Forest FC ","France, United Kingdom"
Eq-7,Prozon,FILET PARE BALLON,95149.0,contact@prozon.com,01 70 15 15 00,www.prozon.com,"Newcastle United FC,Sheffield United FC,Nottingham Forest FC ","France, United Kingdom"
Eq-7,Prozon,MAIN COURANTE STADE,279.0,contact@prozon.com,01 70 15 15 00,www.prozon.com,"Newcastle United FC,Sheffield United FC,Nottingham Forest FC ","France, United Kingdom"
Eq-7,Prozon,GRILLAGE POUR MAIN COURANTE STADE 25 ML,50099.0,contact@prozon.com,01 70 15 15 00,www.prozon.com,"Newcastle United FC,Sheffield United FC,Nottingham Forest FC ","France, United Kingdom"
Eq-7,Prozon,OUVERTURE MAIN COURANTE STADE,12049.0,contact@prozon.com,01 70 15 15 00,www.prozon.com,"Newcastle United FC,Sheffield United FC,Nottingham Forest FC ","France, United Kingdom"
Eq-7,Prozon,BANC DE TOUCHE ALUMINIUM 3 À 15 JOUEURS,80749.0,contact@prozon.com,01 70 15 15 00,www.prozon.com,"Newcastle United FC,Sheffield United FC,Nottingham Forest FC ","France, United Kingdom"
Eq-7,Prozon,BANC DE TOUCHE MONOBLOC EN COMPOSITE 3 À 10 JOUEURS,1746.16881918819,contact@prozon.com,01 70 15 15 00,www.prozon.com,"Newcastle United FC,Sheffield United FC,Nottingham Forest FC ","France, United Kingdom"
Eq-7,Prozon,MANNEQUIN COUP FRANC,3099.0,contact@prozon.com,01 70 15 15 00,www.prozon.com,"Newcastle United FC,Sheffield United FC,Nottingham Forest FC ","France, United Kingdom"
Eq-7,Prozon,MANNEQUIN FOOT GONFLABLE,6699.0,contact@prozon.com,01 70 15 15 00,www.prozon.com,"Newcastle United FC,Sheffield United FC,Nottingham Forest FC ","France, United Kingdom"
Eq-7,Prozon,POTEAU DE CORNER À DAMIER,379.0,contact@prozon.com,01 70 15 15 00,www.prozon.com,"Newcastle United FC,Sheffield United FC,Nottingham Forest FC ","France, United Kingdom"
Eq-7,Prozon,PANNEAU DE CHANGEMENT FOOTBALL DOUBLE FACE,8449.0,contact@prozon.com,01 70 15 15 00,www.prozon.com,"Newcastle United FC,Sheffield United FC,Nottingham Forest FC ","France, United Kingdom"
Eq-7,Prozon,CHARIOT POUR MANNEQUIN COUP FRANC,10999.0,contact@prozon.com,01 70 15 15 00,www.prozon.com,"Newcastle United FC,Sheffield United FC,Nottingham Forest FC ","France, United Kingdom"
Eq-7,Prozon,PEINTURE TERRAIN DE FOOT ÉCONOMIQUE BLANCHE,5199.0,contact@prozon.com,01 70 15 15 00,www.prozon.com,"Newcastle United FC,Sheffield United FC,Nottingham Forest FC ","France, United Kingdom"
Eq-7,Prozon,PEINTURE TERRAIN DE SPORT PRÊTE À L'EMPLOI COULEURS,14099.0,contact@prozon.com,01 70 15 15 00,www.prozon.com,"Newcastle United FC,Sheffield United FC,Nottingham Forest FC ","France, United Kingdom"
Eq-7,Prozon,PEINTURE TERRAIN DE FOOT QUALITÉ SUPÉRIEURE BLANCHE,8899.0,contact@prozon.com,01 70 15 15 00,www.prozon.com,"Newcastle United FC,Sheffield United FC,Nottingham Forest FC ","France, United Kingdom"
Eq-7,Prozon,TRACEUR DE LIGNE TERRAIN DE FOOT PEINTURE EN POT,46699.0,contact@prozon.com,01 70 15 15 00,www.prozon.com,"Newcastle United FC,Sheffield United FC,Nottingham Forest FC ","France, United Kingdom"
Eq-7,Prozon,KIT TRACEUR DE LIGNE ET PEINTURES AÉROSOL TERRAIN DE SPORT,19099.0,contact@prozon.com,01 70 15 15 00,www.prozon.com,"Newcastle United FC,Sheffield United FC,Nottingham Forest FC ","France, United Kingdom"
Eq-7,Prozon,BOMBE AÉROSOL PEINTURE BLANCHE POUR TERRAIN DE FOOT,119.0,contact@prozon.com,01 70 15 15 00,www.prozon.com,"Newcastle United FC,Sheffield United FC,Nottingham Forest FC ","France, United Kingdom"
Eq-7,Prozon,IMPLANT POUR MARQUAGE AU SOL,64.0,contact@prozon.com,01 70 15 15 00,www.prozon.com,"Newcastle United FC,Sheffield United FC,Nottingham Forest FC ","France, United Kingdom"
Eq-8,LeSportif,Cone P.M 30 Cm,1746.16881918819,contact@lesportif.com.tn,+216 70 880 880,www.lesportif.com.tn,"Espérance Sportive de Tunis,Club Africain,Étoile Sportive du Sahel,Stade Tunisien,CS Sfaxien,Club Sportif de Hammam-Lif",Tunisia
Eq-8,LeSportif,Support Jalon Pour Plot,1746.16881918819,contact@lesportif.com.tn,+216 70 880 880,www.lesportif.com.tn,"Espérance Sportive de Tunis,Club Africain,Étoile Sportive du Sahel,Stade Tunisien,CS Sfaxien,Club Sportif de Hammam-Lif",Tunisia
Eq-8,LeSportif,Echelle Sport 12 Section 6 M,1746.16881918819,contact@lesportif.com.tn,+216 70 880 880,www.lesportif.com.tn,"Espérance Sportive de Tunis,Club Africain,Étoile Sportive du Sahel,Stade Tunisien,CS Sfaxien,Club Sportif de Hammam-Lif",Tunisia
Eq-8,LeSportif,Protege Tibia Kick Boxing Wans,1746.16881918819,contact@lesportif.com.tn,+216 70 880 880,www.lesportif.com.tn,"Espérance Sportive de Tunis,Club Africain,Étoile Sportive du Sahel,Stade Tunisien,CS Sfaxien,Club Sportif de Hammam-Lif",Tunisia
Eq-8,LeSportif,Pompe A Air Weinixum,1746.16881918819,contact@lesportif.com.tn,+216 70 880 880,www.lesportif.com.tn,"Espérance Sportive de Tunis,Club Africain,Étoile Sportive du Sahel,Stade Tunisien,CS Sfaxien,Club Sportif de Hammam-Lif",Tunisia
Eq-8,LeSportif,Chronometre Leap Pc 100,1746.16881918819,contact@lesportif.com.tn,+216 70 880 880,www.lesportif.com.tn,"Espérance Sportive de Tunis,Club Africain,Étoile Sportive du Sahel,Stade Tunisien,CS Sfaxien,Club Sportif de Hammam-Lif",Tunisia
Eq-8,LeSportif,Protege Tibia Foot Sports Enfa,1746.16881918819,contact@lesportif.com.tn,+216 70 880 880,www.lesportif.com.tn,"Espérance Sportive de Tunis,Club Africain,Étoile Sportive du Sahel,Stade Tunisien,CS Sfaxien,Club Sportif de Hammam-Lif",Tunisia
Eq-8,LeSportif,Dossart Adulte Derby,1746.16881918819,contact@lesportif.com.tn,+216 70 880 880,www.lesportif.com.tn,"Espérance Sportive de Tunis,Club Africain,Étoile Sportive du Sahel,Stade Tunisien,CS Sfaxien,Club Sportif de Hammam-Lif",Tunisia
Eq-8,LeSportif,Plot Multi Usage,1746.16881918819,contact@lesportif.com.tn,+216 70 880 880,www.lesportif.com.tn,"Espérance Sportive de Tunis,Club Africain,Étoile Sportive du Sahel,Stade Tunisien,CS Sfaxien,Club Sportif de Hammam-Lif",Tunisia
Eq-8,LeSportif,Baton D'Entrainement 1m,1746.16881918819,contact@lesportif.com.tn,+216 70 880 880,www.lesportif.com.tn,"Espérance Sportive de Tunis,Club Africain,Étoile Sportive du Sahel,Stade Tunisien,CS Sfaxien,Club Sportif de Hammam-Lif",Tunisia
Eq-8,LeSportif,Echelle Sport 8 Section 4 Metr,1746.16881918819,contact@lesportif.com.tn,+216 70 880 880,www.lesportif.com.tn,"Espérance Sportive de Tunis,Club Africain,Étoile Sportive du Sahel,Stade Tunisien,CS Sfaxien,Club Sportif de Hammam-Lif",Tunisia
Eq-8,LeSportif,Haie,1746.16881918819,contact@lesportif.com.tn,+216 70 880 880,www.lesportif.com.tn,"Espérance Sportive de Tunis,Club Africain,Étoile Sportive du Sahel,Stade Tunisien,CS Sfaxien,Club Sportif de Hammam-Lif",Tunisia
Eq-8,LeSportif,Siflet Fox 40,1746.16881918819,contact@lesportif.com.tn,+216 70 880 880,www.lesportif.com.tn,"Espérance Sportive de Tunis,Club Africain,Étoile Sportive du Sahel,Stade Tunisien,CS Sfaxien,Club Sportif de Hammam-Lif",Tunisia
Eq-8,LeSportif,Jeux De Plot,1746.16881918819,contact@lesportif.com.tn,+216 70 880 880,www.lesportif.com.tn,"Espérance Sportive de Tunis,Club Africain,Étoile Sportive du Sahel,Stade Tunisien,CS Sfaxien,Club Sportif de Hammam-Lif",Tunisia
Eq-8,LeSportif,Socle Batton,1746.16881918819,contact@lesportif.com.tn,+216 70 880 880,www.lesportif.com.tn,"Espérance Sportive de Tunis,Club Africain,Étoile Sportive du Sahel,Stade Tunisien,CS Sfaxien,Club Sportif de Hammam-Lif",Tunisia
Eq-8,LeSportif,Cerceau Dim 40/50/60,1746.16881918819,contact@lesportif.com.tn,+216 70 880 880,www.lesportif.com.tn,"Espérance Sportive de Tunis,Club Africain,Étoile Sportive du Sahel,Stade Tunisien,CS Sfaxien,Club Sportif de Hammam-Lif",Tunisia
Eq-8,LeSportif,Nike Distance Arm Banc Apple J,1746.16881918819,contact@lesportif.com.tn,+216 70 880 880,www.lesportif.com.tn,"Espérance Sportive de Tunis,Club Africain,Étoile Sportive du Sahel,Stade Tunisien,CS Sfaxien,Club Sportif de Hammam-Lif",Tunisia
Eq-8,LeSportif,Chronometre Leap Pc396 1t,1746.16881918819,contact@lesportif.com.tn,+216 70 880 880,www.lesportif.com.tn,"Espérance Sportive de Tunis,Club Africain,Étoile Sportive du Sahel,Stade Tunisien,CS Sfaxien,Club Sportif de Hammam-Lif",Tunisia
Eq-8,LeSportif,Chronometre Leap Pc90 60t,1746.16881918819,contact@lesportif.com.tn,+216 70 880 880,www.lesportif.com.tn,"Espérance Sportive de Tunis,Club Africain,Étoile Sportive du Sahel,Stade Tunisien,CS Sfaxien,Club Sportif de Hammam-Lif",Tunisia
Eq-8,LeSportif,Attache Hai Golden 5,1746.16881918819,contact@lesportif.com.tn,+216 70 880 880,www.lesportif.com.tn,"Espérance Sportive de Tunis,Club Africain,Étoile Sportive du Sahel,Stade Tunisien,CS Sfaxien,Club Sportif de Hammam-Lif",Tunisia
Eq-8,LeSportif,Cone Perfore G.M 50cm,1746.16881918819,contact@lesportif.com.tn,+216 70 880 880,www.lesportif.com.tn,"Espérance Sportive de Tunis,Club Africain,Étoile Sportive du Sahel,Stade Tunisien,CS Sfaxien,Club Sportif de Hammam-Lif",Tunisia
Eq-8,LeSportif,Chronometre Leap Pc70 30t,1746.16881918819,contact@lesportif.com.tn,+216 70 880 880,www.lesportif.com.tn,"Espérance Sportive de Tunis,Club Africain,Étoile Sportive du Sahel,Stade Tunisien,CS Sfaxien,Club Sportif de Hammam-Lif",Tunisia
Eq-9,Jako,Filets de rebond,1746.16881918819,info@jako.fr,+49 7938 9063 0,www.jako.fr,VfB Stuttgart,"Germany, France, Belgium, Netherlands"
Eq-9,Jako,Piquets d'entraînement,1746.16881918819,info@jako.fr,+49 7938 9063 0,www.jako.fr,VfB Stuttgart,"Germany, France, Belgium, Netherlands"
Eq-9,Jako,Plots de délimitation,1746.16881918819,info@jako.fr,+49 7938 9063 0,www.jako.fr,VfB Stuttgart,"Germany, France, Belgium, Netherlands"
Eq-9,Jako,Plots de délimitation,1746.16881918819,info@jako.fr,+49 7938 9063 0,www.jako.fr,VfB Stuttgart,"Germany, France, Belgium, Netherlands"
Eq-9,Jako,Jeu de cartes tactiques,1746.16881918819,info@jako.fr,+49 7938 9063 0,www.jako.fr,VfB Stuttgart,"Germany, France, Belgium, Netherlands"
Eq-9,Jako,Jeu de cartes tactiques,1746.16881918819,info@jako.fr,+49 7938 9063 0,www.jako.fr,VfB Stuttgart,"Germany, France, Belgium, Netherlands"
Eq-9,Jako,Plots de délimitation,1746.16881918819,info@jako.fr,+49 7938 9063 0,www.jako.fr,VfB Stuttgart,"Germany, France, Belgium, Netherlands"
Eq-9,Jako,Jeu de cartes tactiques,1746.16881918819,info@jako.fr,+49 7938 9063 0,www.jako.fr,VfB Stuttgart,"Germany, France, Belgium, Netherlands"
Eq-9,Jako,Mini-buts pliables,1746.16881918819,info@jako.fr,+49 7938 9063 0,www.jako.fr,VfB Stuttgart,"Germany, France, Belgium, Netherlands"
Eq-9,Jako,Mini-buts pliables,1746.16881918819,info@jako.fr,+49 7938 9063 0,www.jako.fr,VfB Stuttgart,"Germany, France, Belgium, Netherlands"
Eq-9,Jako,Mini-buts pliables,1746.16881918819,info@jako.fr,+49 7938 9063 0,www.jako.fr,VfB Stuttgart,"Germany, France, Belgium, Netherlands"
Eq-9,Jako,Mini-buts pliables,1746.16881918819,info@jako.fr,+49 7938 9063 0,www.jako.fr,VfB Stuttgart,"Germany, France, Belgium, Netherlands"
Eq-9,Jako,Filets de rebond,1746.16881918819,info@jako.fr,+49 7938 9063 0,www.jako.fr,VfB Stuttgart,"Germany, France, Belgium, Netherlands"
Eq-9,Jako,Jeu de cartes tactiques,1746.16881918819,info@jako.fr,+49 7938 9063 0,www.jako.fr,VfB Stuttgart,"Germany, France, Belgium, Netherlands"
Eq-9,Jako,Filets de rebond,1746.16881918819,info@jako.fr,+49 7938 9063 0,www.jako.fr,VfB Stuttgart,"Germany, France, Belgium, Netherlands"
Eq-10,Uhlsport,Spray pour arbitres,1746.16881918819,service@uhlsport.fr,+49 7433 2680 0,www.uhlsport.com,No affiliated clients,"Germany, France, Spain, Afrique"
Eq-10,Uhlsport,Pompes à ballon,1746.16881918819,service@uhlsport.fr,+49 7433 2680 0,www.uhlsport.com,No affiliated clients,"Germany, France, Spain, Afrique"
Eq-10,Uhlsport,Pompes à ballon,1746.16881918819,service@uhlsport.fr,+49 7433 2680 0,www.uhlsport.com,No affiliated clients,"Germany, France, Spain, Afrique"
Eq-10,Uhlsport,Sac de transport pour ballons,1746.16881918819,service@uhlsport.fr,+49 7433 2680 0,www.uhlsport.com,No affiliated clients,"Germany, France, Spain, Afrique"
Eq-10,Uhlsport,Filets de but,1746.16881918819,service@uhlsport.fr,+49 7433 2680 0,www.uhlsport.com,No affiliated clients,"Germany, France, Spain, Afrique"
Eq-10,Uhlsport,Pompes à ballon,1746.16881918819,service@uhlsport.fr,+49 7433 2680 0,www.uhlsport.com,No affiliated clients,"Germany, France, Spain, Afrique"
Eq-10,Uhlsport,Filets de but,1746.16881918819,service@uhlsport.fr,+49 7433 2680 0,www.uhlsport.com,No affiliated clients,"Germany, France, Spain, Afrique"
Eq-10,Uhlsport,Sac de transport pour ballons,1746.16881918819,service@uhlsport.fr,+49 7433 2680 0,www.uhlsport.com,No affiliated clients,"Germany, France, Spain, Afrique"
Eq-10,Uhlsport,Sac de transport pour ballons,1746.16881918819,service@uhlsport.fr,+49 7433 2680 0,www.uhlsport.com,No affiliated clients,"Germany, France, Spain, Afrique"
Eq-10,Uhlsport,Filets de but,1746.16881918819,service@uhlsport.fr,+49 7433 2680 0,www.uhlsport.com,No affiliated clients,"Germany, France, Spain, Afrique"
Eq-10,Uhlsport,Filets de but,1746.16881918819,service@uhlsport.fr,+49 7433 2680 0,www.uhlsport.com,No affiliated clients,"Germany, France, Spain, Afrique"
Eq-10,Uhlsport,Spray pour arbitres,1746.16881918819,service@uhlsport.fr,+49 7433 2680 0,www.uhlsport.com,No affiliated clients,"Germany, France, Spain, Afrique"
Eq-10,Uhlsport,Sifflets d'arbitre,1746.16881918819,service@uhlsport.fr,+49 7433 2680 0,www.uhlsport.com,No affiliated clients,"Germany, France, Spain, Afrique"
Eq-10,Uhlsport,Pompes à ballon,1746.16881918819,service@uhlsport.fr,+49 7433 2680 0,www.uhlsport.com,No affiliated clients,"Germany, France, Spain, Afrique"
Eq-10,Uhlsport,Sifflets d'arbitre,1746.16881918819,service@uhlsport.fr,+49 7433 2680 0,www.uhlsport.com,No affiliated clients,"Germany, France, Spain, Afrique"
Eq-11,Kelme,Mâts de corner,1746.16881918819,contact@kelme.fr,34 965 660 915,www.kelme.com,"RCD Espanyol,Watford F.C,Boavista FC ,Industrias Santa Coloma","Spain, Portugal, France, Italy, United Kingdom, Germany, Belgium, Tunisia, South Africa, Saudi Arabia"
Eq-11,Kelme,Mâts de corner,1746.16881918819,contact@kelme.fr,34 965 660 915,www.kelme.com,"RCD Espanyol,Watford F.C,Boavista FC ,Industrias Santa Coloma","Spain, Portugal, France, Italy, United Kingdom, Germany, Belgium, Tunisia, South Africa, Saudi Arabia"
Eq-11,Kelme,Mâts de corner,1746.16881918819,contact@kelme.fr,34 965 660 915,www.kelme.com,"RCD Espanyol,Watford F.C,Boavista FC ,Industrias Santa Coloma","Spain, Portugal, France, Italy, United Kingdom, Germany, Belgium, Tunisia, South Africa, Saudi Arabia"
Eq-11,Kelme,Panneaux de signalisation,1746.16881918819,contact@kelme.fr,34 965 660 915,www.kelme.com,"RCD Espanyol,Watford F.C,Boavista FC ,Industrias Santa Coloma","Spain, Portugal, France, Italy, United Kingdom, Germany, Belgium, Tunisia, South Africa, Saudi Arabia"
Eq-11,Kelme,Plots de marquage,1746.16881918819,contact@kelme.fr,34 965 660 915,www.kelme.com,"RCD Espanyol,Watford F.C,Boavista FC ,Industrias Santa Coloma","Spain, Portugal, France, Italy, United Kingdom, Germany, Belgium, Tunisia, South Africa, Saudi Arabia"
Eq-11,Kelme,Plots de marquage,1746.16881918819,contact@kelme.fr,34 965 660 915,www.kelme.com,"RCD Espanyol,Watford F.C,Boavista FC ,Industrias Santa Coloma","Spain, Portugal, France, Italy, United Kingdom, Germany, Belgium, Tunisia, South Africa, Saudi Arabia"
Eq-11,Kelme,Panneaux de signalisation,1746.16881918819,contact@kelme.fr,34 965 660 915,www.kelme.com,"RCD Espanyol,Watford F.C,Boavista FC ,Industrias Santa Coloma","Spain, Portugal, France, Italy, United Kingdom, Germany, Belgium, Tunisia, South Africa, Saudi Arabia"
Eq-11,Kelme,Panneaux de signalisation,1746.16881918819,contact@kelme.fr,34 965 660 915,www.kelme.com,"RCD Espanyol,Watford F.C,Boavista FC ,Industrias Santa Coloma","Spain, Portugal, France, Italy, United Kingdom, Germany, Belgium, Tunisia, South Africa, Saudi Arabia"
Eq-11,Kelme,Plots de marquage,1746.16881918819,contact@kelme.fr,34 965 660 915,www.kelme.com,"RCD Espanyol,Watford F.C,Boavista FC ,Industrias Santa Coloma","Spain, Portugal, France, Italy, United Kingdom, Germany, Belgium, Tunisia, South Africa, Saudi Arabia"
Eq-11,Kelme,Mâts de corner,1746.16881918819,contact@kelme.fr,34 965 660 915,www.kelme.com,"RCD Espanyol,Watford F.C,Boavista FC ,Industrias Santa Coloma","Spain, Portugal, France, Italy, United Kingdom, Germany, Belgium, Tunisia, South Africa, Saudi Arabia"
Eq-11,Kelme,Panneaux de signalisation,1746.16881918819,contact@kelme.fr,34 965 660 915,www.kelme.com,"RCD Espanyol,Watford F.C,Boavista FC ,Industrias Santa Coloma","Spain, Portugal, France, Italy, United Kingdom, Germany, Belgium, Tunisia, South Africa, Saudi Arabia"
Eq-11,Kelme,Buts de foot en aluminium,1746.16881918819,contact@kelme.fr,34 965 660 915,www.kelme.com,"RCD Espanyol,Watford F.C,Boavista FC ,Industrias Santa Coloma","Spain, Portugal, France, Italy, United Kingdom, Germany, Belgium, Tunisia, South Africa, Saudi Arabia"
Eq-11,Kelme,Mâts de corner,1746.16881918819,contact@kelme.fr,34 965 660 915,www.kelme.com,"RCD Espanyol,Watford F.C,Boavista FC ,Industrias Santa Coloma","Spain, Portugal, France, Italy, United Kingdom, Germany, Belgium, Tunisia, South Africa, Saudi Arabia"
Eq-11,Kelme,Cônes d'entraînement,1746.16881918819,contact@kelme.fr,34 965 660 915,www.kelme.com,"RCD Espanyol,Watford F.C,Boavista FC ,Industrias Santa Coloma","Spain, Portugal, France, Italy, United Kingdom, Germany, Belgium, Tunisia, South Africa, Saudi Arabia"
Eq-11,Kelme,Cônes d'entraînement,1746.16881918819,contact@kelme.fr,34 965 660 915,www.kelme.com,"RCD Espanyol,Watford F.C,Boavista FC ,Industrias Santa Coloma","Spain, Portugal, France, Italy, United Kingdom, Germany, Belgium, Tunisia, South Africa, Saudi Arabia"
Eq-12,Mitre Sports,Ballons de match,1746.16881918819,support@mitre.fr,441 923 477 100,www.mitre.com,No affiliated clients,"France, Spain, Germany, South Africa"
Eq-12,Mitre Sports,Échelles de rythme,1746.16881918819,support@mitre.fr,441 923 477 100,www.mitre.com,No affiliated clients,"France, Spain, Germany, South Africa"
Eq-12,Mitre Sports,Échelles de rythme,1746.16881918819,support@mitre.fr,441 923 477 100,www.mitre.com,No affiliated clients,"France, Spain, Germany, South Africa"
Eq-12,Mitre Sports,Chronomètres de coach,1746.16881918819,support@mitre.fr,441 923 477 100,www.mitre.com,No affiliated clients,"France, Spain, Germany, South Africa"
Eq-12,Mitre Sports,Chronomètres de coach,1746.16881918819,support@mitre.fr,441 923 477 100,www.mitre.com,No affiliated clients,"France, Spain, Germany, South Africa"
Eq-12,Mitre Sports,Ballons de match,1746.16881918819,support@mitre.fr,441 923 477 100,www.mitre.com,No affiliated clients,"France, Spain, Germany, South Africa"
Eq-12,Mitre Sports,Gourdes d'hydratation,1746.16881918819,support@mitre.fr,441 923 477 100,www.mitre.com,No affiliated clients,"France, Spain, Germany, South Africa"
Eq-12,Mitre Sports,Gourdes d'hydratation,1746.16881918819,support@mitre.fr,441 923 477 100,www.mitre.com,No affiliated clients,"France, Spain, Germany, South Africa"
Eq-12,Mitre Sports,Gourdes d'hydratation,1746.16881918819,support@mitre.fr,441 923 477 100,www.mitre.com,No affiliated clients,"France, Spain, Germany, South Africa"
Eq-12,Mitre Sports,Bâtons de slalom,1746.16881918819,support@mitre.fr,441 923 477 100,www.mitre.com,No affiliated clients,"France, Spain, Germany, South Africa"
Eq-12,Mitre Sports,Gourdes d'hydratation,1746.16881918819,support@mitre.fr,441 923 477 100,www.mitre.com,No affiliated clients,"France, Spain, Germany, South Africa"
Eq-12,Mitre Sports,Bâtons de slalom,1746.16881918819,support@mitre.fr,441 923 477 100,www.mitre.com,No affiliated clients,"France, Spain, Germany, South Africa"
Eq-12,Mitre Sports,Chronomètres de coach,1746.16881918819,support@mitre.fr,441 923 477 100,www.mitre.com,No affiliated clients,"France, Spain, Germany, South Africa"
Eq-12,Mitre Sports,Chronomètres de coach,1746.16881918819,support@mitre.fr,441 923 477 100,www.mitre.com,No affiliated clients,"France, Spain, Germany, South Africa"
Eq-12,Mitre Sports,Chronomètres de coach,1746.16881918819,support@mitre.fr,441 923 477 100,www.mitre.com,No affiliated clients,"France, Spain, Germany, South Africa"
Eq-13,Joma,Médicaments de premiers secours,1746.16881918819,contact@joma-sport.com,34 925 776 800,www.joma-sport.com,"Real Betis,Leeds United,David Villa,Juan Mata","Spain, Portugal, Italy, France, Tunisia, Morocco"
Eq-13,Joma,Sac de sport,1746.16881918819,contact@joma-sport.com,34 925 776 800,www.joma-sport.com,"Real Betis,Leeds United,David Villa,Juan Mata","Spain, Portugal, Italy, France, Tunisia, Morocco"
Eq-13,Joma,Médicaments de premiers secours,1746.16881918819,contact@joma-sport.com,34 925 776 800,www.joma-sport.com,"Real Betis,Leeds United,David Villa,Juan Mata","Spain, Portugal, Italy, France, Tunisia, Morocco"
Eq-13,Joma,Bancs de touche pliables,1746.16881918819,contact@joma-sport.com,34 925 776 800,www.joma-sport.com,"Real Betis,Leeds United,David Villa,Juan Mata","Spain, Portugal, Italy, France, Tunisia, Morocco"
Eq-13,Joma,Médicaments de premiers secours,1746.16881918819,contact@joma-sport.com,34 925 776 800,www.joma-sport.com,"Real Betis,Leeds United,David Villa,Juan Mata","Spain, Portugal, Italy, France, Tunisia, Morocco"
Eq-13,Joma,Filets de rebond,1746.16881918819,contact@joma-sport.com,34 925 776 800,www.joma-sport.com,"Real Betis,Leeds United,David Villa,Juan Mata","Spain, Portugal, Italy, France, Tunisia, Morocco"
Eq-13,Joma,Chasubles d'entraînement,1746.16881918819,contact@joma-sport.com,34 925 776 800,www.joma-sport.com,"Real Betis,Leeds United,David Villa,Juan Mata","Spain, Portugal, Italy, France, Tunisia, Morocco"
Eq-13,Joma,Bancs de touche pliables,1746.16881918819,contact@joma-sport.com,34 925 776 800,www.joma-sport.com,"Real Betis,Leeds United,David Villa,Juan Mata","Spain, Portugal, Italy, France, Tunisia, Morocco"
Eq-13,Joma,Bancs de touche pliables,1746.16881918819,contact@joma-sport.com,34 925 776 800,www.joma-sport.com,"Real Betis,Leeds United,David Villa,Juan Mata","Spain, Portugal, Italy, France, Tunisia, Morocco"
Eq-13,Joma,Filets de rebond,1746.16881918819,contact@joma-sport.com,34 925 776 800,www.joma-sport.com,"Real Betis,Leeds United,David Villa,Juan Mata","Spain, Portugal, Italy, France, Tunisia, Morocco"
Eq-13,Joma,Sac de sport,1746.16881918819,contact@joma-sport.com,34 925 776 800,www.joma-sport.com,"Real Betis,Leeds United,David Villa,Juan Mata","Spain, Portugal, Italy, France, Tunisia, Morocco"
Eq-13,Joma,Chasubles d'entraînement,1746.16881918819,contact@joma-sport.com,34 925 776 800,www.joma-sport.com,"Real Betis,Leeds United,David Villa,Juan Mata","Spain, Portugal, Italy, France, Tunisia, Morocco"
Eq-13,Joma,Bancs de touche pliables,1746.16881918819,contact@joma-sport.com,34 925 776 800,www.joma-sport.com,"Real Betis,Leeds United,David Villa,Juan Mata","Spain, Portugal, Italy, France, Tunisia, Morocco"
Eq-13,Joma,Sac de sport,1746.16881918819,contact@joma-sport.com,34 925 776 800,www.joma-sport.com,"Real Betis,Leeds United,David Villa,Juan Mata","Spain, Portugal, Italy, France, Tunisia, Morocco"
Eq-13,Joma,Médicaments de premiers secours,1746.16881918819,contact@joma-sport.com,34 925 776 800,www.joma-sport.com,"Real Betis,Leeds United,David Villa,Juan Mata","Spain, Portugal, Italy, France, Tunisia, Morocco"
Eq-14,Nike,Mini-haies d'entraînement,1746.16881918819,support@nike.com,1-800-344-6453,www.nike.com,"Paris Saint-Germain,FC Barcelona,Chelsea FC,Manchester City,Liverpool FC,Arsenal FC ,Cristiano Ronaldo,Kylian Mbappé,Sergio Ramos,Neymar Jr ","Amérique du Nord, Europe, Asie, Amérique Latine, Afrique"
Eq-14,Nike,Mini-haies d'entraînement,1746.16881918819,support@nike.com,1-800-344-6453,www.nike.com,"Paris Saint-Germain,FC Barcelona,Chelsea FC,Manchester City,Liverpool FC,Arsenal FC ,Cristiano Ronaldo,Kylian Mbappé,Sergio Ramos,Neymar Jr ","Amérique du Nord, Europe, Asie, Amérique Latine, Afrique"
Eq-14,Nike,Supports pour maillots,1746.16881918819,support@nike.com,1-800-344-6453,www.nike.com,"Paris Saint-Germain,FC Barcelona,Chelsea FC,Manchester City,Liverpool FC,Arsenal FC ,Cristiano Ronaldo,Kylian Mbappé,Sergio Ramos,Neymar Jr ","Amérique du Nord, Europe, Asie, Amérique Latine, Afrique"
Eq-14,Nike,Cibles de précision,1746.16881918819,support@nike.com,1-800-344-6453,www.nike.com,"Paris Saint-Germain,FC Barcelona,Chelsea FC,Manchester City,Liverpool FC,Arsenal FC ,Cristiano Ronaldo,Kylian Mbappé,Sergio Ramos,Neymar Jr ","Amérique du Nord, Europe, Asie, Amérique Latine, Afrique"
Eq-14,Nike,Bancs de musculation pour sportifs,1746.16881918819,support@nike.com,1-800-344-6453,www.nike.com,"Paris Saint-Germain,FC Barcelona,Chelsea FC,Manchester City,Liverpool FC,Arsenal FC ,Cristiano Ronaldo,Kylian Mbappé,Sergio Ramos,Neymar Jr ","Amérique du Nord, Europe, Asie, Amérique Latine, Afrique"
Eq-14,Nike,Supports pour maillots,1746.16881918819,support@nike.com,1-800-344-6453,www.nike.com,"Paris Saint-Germain,FC Barcelona,Chelsea FC,Manchester City,Liverpool FC,Arsenal FC ,Cristiano Ronaldo,Kylian Mbappé,Sergio Ramos,Neymar Jr ","Amérique du Nord, Europe, Asie, Amérique Latine, Afrique"
Eq-14,Nike,Cibles de précision,1746.16881918819,support@nike.com,1-800-344-6453,www.nike.com,"Paris Saint-Germain,FC Barcelona,Chelsea FC,Manchester City,Liverpool FC,Arsenal FC ,Cristiano Ronaldo,Kylian Mbappé,Sergio Ramos,Neymar Jr ","Amérique du Nord, Europe, Asie, Amérique Latine, Afrique"
Eq-14,Nike,Cibles de précision,1746.16881918819,support@nike.com,1-800-344-6453,www.nike.com,"Paris Saint-Germain,FC Barcelona,Chelsea FC,Manchester City,Liverpool FC,Arsenal FC ,Cristiano Ronaldo,Kylian Mbappé,Sergio Ramos,Neymar Jr ","Amérique du Nord, Europe, Asie, Amérique Latine, Afrique"
Eq-14,Nike,Mini-haies d'entraînement,1746.16881918819,support@nike.com,1-800-344-6453,www.nike.com,"Paris Saint-Germain,FC Barcelona,Chelsea FC,Manchester City,Liverpool FC,Arsenal FC ,Cristiano Ronaldo,Kylian Mbappé,Sergio Ramos,Neymar Jr ","Amérique du Nord, Europe, Asie, Amérique Latine, Afrique"
Eq-14,Nike,Bancs de musculation pour sportifs,1746.16881918819,support@nike.com,1-800-344-6453,www.nike.com,"Paris Saint-Germain,FC Barcelona,Chelsea FC,Manchester City,Liverpool FC,Arsenal FC ,Cristiano Ronaldo,Kylian Mbappé,Sergio Ramos,Neymar Jr ","Amérique du Nord, Europe, Asie, Amérique Latine, Afrique"
Eq-14,Nike,Mini-haies d'entraînement,1746.16881918819,support@nike.com,1-800-344-6453,www.nike.com,"Paris Saint-Germain,FC Barcelona,Chelsea FC,Manchester City,Liverpool FC,Arsenal FC ,Cristiano Ronaldo,Kylian Mbappé,Sergio Ramos,Neymar Jr ","Amérique du Nord, Europe, Asie, Amérique Latine, Afrique"
Eq-14,Nike,Tableaux tactiques magnétiques,1746.16881918819,support@nike.com,1-800-344-6453,www.nike.com,"Paris Saint-Germain,FC Barcelona,Chelsea FC,Manchester City,Liverpool FC,Arsenal FC ,Cristiano Ronaldo,Kylian Mbappé,Sergio Ramos,Neymar Jr ","Amérique du Nord, Europe, Asie, Amérique Latine, Afrique"
Eq-14,Nike,Tableaux tactiques magnétiques,1746.16881918819,support@nike.com,1-800-344-6453,www.nike.com,"Paris Saint-Germain,FC Barcelona,Chelsea FC,Manchester City,Liverpool FC,Arsenal FC ,Cristiano Ronaldo,Kylian Mbappé,Sergio Ramos,Neymar Jr ","Amérique du Nord, Europe, Asie, Amérique Latine, Afrique"
Eq-14,Nike,Tableaux tactiques magnétiques,1746.16881918819,support@nike.com,1-800-344-6453,www.nike.com,"Paris Saint-Germain,FC Barcelona,Chelsea FC,Manchester City,Liverpool FC,Arsenal FC ,Cristiano Ronaldo,Kylian Mbappé,Sergio Ramos,Neymar Jr ","Amérique du Nord, Europe, Asie, Amérique Latine, Afrique"
Eq-14,Nike,Supports pour maillots,1746.16881918819,support@nike.com,1-800-344-6453,www.nike.com,"Paris Saint-Germain,FC Barcelona,Chelsea FC,Manchester City,Liverpool FC,Arsenal FC ,Cristiano Ronaldo,Kylian Mbappé,Sergio Ramos,Neymar Jr ","Amérique du Nord, Europe, Asie, Amérique Latine, Afrique"
Eq-15,Adidas,Élastiques d'entraînement,1746.16881918819,service@adidas.com,1-800-982-9337,www.adidas.com,"Real Madrid,Manchester United ,Bayern Munich,Juventus FC ,Arsenal FC ,Lionel Messi,Paul Pogba","Amérique du Nord, Europe, Asie, Amérique Latine, Afrique"
Eq-15,Adidas,Élastiques d'entraînement,1746.16881918819,service@adidas.com,1-800-982-9337,www.adidas.com,"Real Madrid,Manchester United ,Bayern Munich,Juventus FC ,Arsenal FC ,Lionel Messi,Paul Pogba","Amérique du Nord, Europe, Asie, Amérique Latine, Afrique"
Eq-15,Adidas,Pompes à air,1746.16881918819,service@adidas.com,1-800-982-9337,www.adidas.com,"Real Madrid,Manchester United ,Bayern Munich,Juventus FC ,Arsenal FC ,Lionel Messi,Paul Pogba","Amérique du Nord, Europe, Asie, Amérique Latine, Afrique"
Eq-15,Adidas,Panneaux d'affichage de score,1746.16881918819,service@adidas.com,1-800-982-9337,www.adidas.com,"Real Madrid,Manchester United ,Bayern Munich,Juventus FC ,Arsenal FC ,Lionel Messi,Paul Pogba","Amérique du Nord, Europe, Asie, Amérique Latine, Afrique"
Eq-15,Adidas,Élastiques d'entraînement,1746.16881918819,service@adidas.com,1-800-982-9337,www.adidas.com,"Real Madrid,Manchester United ,Bayern Munich,Juventus FC ,Arsenal FC ,Lionel Messi,Paul Pogba","Amérique du Nord, Europe, Asie, Amérique Latine, Afrique"
Eq-15,Adidas,Marqueurs fluorescents pour terrain,1746.16881918819,service@adidas.com,1-800-982-9337,www.adidas.com,"Real Madrid,Manchester United ,Bayern Munich,Juventus FC ,Arsenal FC ,Lionel Messi,Paul Pogba","Amérique du Nord, Europe, Asie, Amérique Latine, Afrique"
Eq-15,Adidas,Marqueurs fluorescents pour terrain,1746.16881918819,service@adidas.com,1-800-982-9337,www.adidas.com,"Real Madrid,Manchester United ,Bayern Munich,Juventus FC ,Arsenal FC ,Lionel Messi,Paul Pogba","Amérique du Nord, Europe, Asie, Amérique Latine, Afrique"
Eq-15,Adidas,Chronomètres digitaux,1746.16881918819,service@adidas.com,1-800-982-9337,www.adidas.com,"Real Madrid,Manchester United ,Bayern Munich,Juventus FC ,Arsenal FC ,Lionel Messi,Paul Pogba","Amérique du Nord, Europe, Asie, Amérique Latine, Afrique"
Eq-15,Adidas,Chronomètres digitaux,1746.16881918819,service@adidas.com,1-800-982-9337,www.adidas.com,"Real Madrid,Manchester United ,Bayern Munich,Juventus FC ,Arsenal FC ,Lionel Messi,Paul Pogba","Amérique du Nord, Europe, Asie, Amérique Latine, Afrique"
Eq-15,Adidas,Marqueurs fluorescents pour terrain,1746.16881918819,service@adidas.com,1-800-982-9337,www.adidas.com,"Real Madrid,Manchester United ,Bayern Munich,Juventus FC ,Arsenal FC ,Lionel Messi,Paul Pogba","Amérique du Nord, Europe, Asie, Amérique Latine, Afrique"
Eq-15,Adidas,Chronomètres digitaux,1746.16881918819,service@adidas.com,1-800-982-9337,www.adidas.com,"Real Madrid,Manchester United ,Bayern Munich,Juventus FC ,Arsenal FC ,Lionel Messi,Paul Pogba","Amérique du Nord, Europe, Asie, Amérique Latine, Afrique"
Eq-15,Adidas,Élastiques d'entraînement,1746.16881918819,service@adidas.com,1-800-982-9337,www.adidas.com,"Real Madrid,Manchester United ,Bayern Munich,Juventus FC ,Arsenal FC ,Lionel Messi,Paul Pogba","Amérique du Nord, Europe, Asie, Amérique Latine, Afrique"
Eq-15,Adidas,Marqueurs fluorescents pour terrain,1746.16881918819,service@adidas.com,1-800-982-9337,www.adidas.com,"Real Madrid,Manchester United ,Bayern Munich,Juventus FC ,Arsenal FC ,Lionel Messi,Paul Pogba","Amérique du Nord, Europe, Asie, Amérique Latine, Afrique"
Eq-15,Adidas,Élastiques d'entraînement,1746.16881918819,service@adidas.com,1-800-982-9337,www.adidas.com,"Real Madrid,Manchester United ,Bayern Munich,Juventus FC ,Arsenal FC ,Lionel Messi,Paul Pogba","Amérique du Nord, Europe, Asie, Amérique Latine, Afrique"
Eq-15,Adidas,Élastiques d'entraînement,1746.16881918819,service@adidas.com,1-800-982-9337,www.adidas.com,"Real Madrid,Manchester United ,Bayern Munich,Juventus FC ,Arsenal FC ,Lionel Messi,Paul Pogba","Amérique du Nord, Europe, Asie, Amérique Latine, Afrique"
Eq-16,PUMA,Bouteilles de récupération,1746.16881918819,info@puma.com,+49 9132 81 0,www.puma.com,"Borussia Dortmund,AC Milan,Ghana National Football Team,Valencia CF,Palmeiras,Sergio Agüero,Pierre-Emerick Aubameyang,César Azpilicueta ","Amérique du Nord, Europe, Asie, Amérique Latine, Afrique"
Eq-16,PUMA,Jeu de plots flexibles,1746.16881918819,info@puma.com,+49 9132 81 0,www.puma.com,"Borussia Dortmund,AC Milan,Ghana National Football Team,Valencia CF,Palmeiras,Sergio Agüero,Pierre-Emerick Aubameyang,César Azpilicueta ","Amérique du Nord, Europe, Asie, Amérique Latine, Afrique"
Eq-16,PUMA,Jeu de plots flexibles,1746.16881918819,info@puma.com,+49 9132 81 0,www.puma.com,"Borussia Dortmund,AC Milan,Ghana National Football Team,Valencia CF,Palmeiras,Sergio Agüero,Pierre-Emerick Aubameyang,César Azpilicueta ","Amérique du Nord, Europe, Asie, Amérique Latine, Afrique"
Eq-16,PUMA,Sacs de rangement pour équipements,1746.16881918819,info@puma.com,+49 9132 81 0,www.puma.com,"Borussia Dortmund,AC Milan,Ghana National Football Team,Valencia CF,Palmeiras,Sergio Agüero,Pierre-Emerick Aubameyang,César Azpilicueta ","Amérique du Nord, Europe, Asie, Amérique Latine, Afrique"
Eq-16,PUMA,Jeu de plots flexibles,1746.16881918819,info@puma.com,+49 9132 81 0,www.puma.com,"Borussia Dortmund,AC Milan,Ghana National Football Team,Valencia CF,Palmeiras,Sergio Agüero,Pierre-Emerick Aubameyang,César Azpilicueta ","Amérique du Nord, Europe, Asie, Amérique Latine, Afrique"
Eq-16,PUMA,Spray anti-dérapant,1746.16881918819,info@puma.com,+49 9132 81 0,www.puma.com,"Borussia Dortmund,AC Milan,Ghana National Football Team,Valencia CF,Palmeiras,Sergio Agüero,Pierre-Emerick Aubameyang,César Azpilicueta ","Amérique du Nord, Europe, Asie, Amérique Latine, Afrique"
Eq-16,PUMA,Bouteilles de récupération,1746.16881918819,info@puma.com,+49 9132 81 0,www.puma.com,"Borussia Dortmund,AC Milan,Ghana National Football Team,Valencia CF,Palmeiras,Sergio Agüero,Pierre-Emerick Aubameyang,César Azpilicueta ","Amérique du Nord, Europe, Asie, Amérique Latine, Afrique"
Eq-16,PUMA,Tendeurs de filets,1746.16881918819,info@puma.com,+49 9132 81 0,www.puma.com,"Borussia Dortmund,AC Milan,Ghana National Football Team,Valencia CF,Palmeiras,Sergio Agüero,Pierre-Emerick Aubameyang,César Azpilicueta ","Amérique du Nord, Europe, Asie, Amérique Latine, Afrique"
Eq-16,PUMA,Sacs de rangement pour équipements,1746.16881918819,info@puma.com,+49 9132 81 0,www.puma.com,"Borussia Dortmund,AC Milan,Ghana National Football Team,Valencia CF,Palmeiras,Sergio Agüero,Pierre-Emerick Aubameyang,César Azpilicueta ","Amérique du Nord, Europe, Asie, Amérique Latine, Afrique"
Eq-16,PUMA,Bouteilles de récupération,1746.16881918819,info@puma.com,+49 9132 81 0,www.puma.com,"Borussia Dortmund,AC Milan,Ghana National Football Team,Valencia CF,Palmeiras,Sergio Agüero,Pierre-Emerick Aubameyang,César Azpilicueta ","Amérique du Nord, Europe, Asie, Amérique Latine, Afrique"
Eq-16,PUMA,Spray anti-dérapant,1746.16881918819,info@puma.com,+49 9132 81 0,www.puma.com,"Borussia Dortmund,AC Milan,Ghana National Football Team,Valencia CF,Palmeiras,Sergio Agüero,Pierre-Emerick Aubameyang,César Azpilicueta ","Amérique du Nord, Europe, Asie, Amérique Latine, Afrique"
Eq-16,PUMA,Spray anti-dérapant,1746.16881918819,info@puma.com,+49 9132 81 0,www.puma.com,"Borussia Dortmund,AC Milan,Ghana National Football Team,Valencia CF,Palmeiras,Sergio Agüero,Pierre-Emerick Aubameyang,César Azpilicueta ","Amérique du Nord, Europe, Asie, Amérique Latine, Afrique"
Eq-16,PUMA,Sacs de rangement pour équipements,1746.16881918819,info@puma.com,+49 9132 81 0,www.puma.com,"Borussia Dortmund,AC Milan,Ghana National Football Team,Valencia CF,Palmeiras,Sergio Agüero,Pierre-Emerick Aubameyang,César Azpilicueta ","Amérique du Nord, Europe, Asie, Amérique Latine, Afrique"
Eq-16,PUMA,Spray anti-dérapant,1746.16881918819,info@puma.com,+49 9132 81 0,www.puma.com,"Borussia Dortmund,AC Milan,Ghana National Football Team,Valencia CF,Palmeiras,Sergio Agüero,Pierre-Emerick Aubameyang,César Azpilicueta ","Amérique du Nord, Europe, Asie, Amérique Latine, Afrique"
Eq-16,PUMA,Sacs de rangement pour équipements,1746.16881918819,info@puma.com,+49 9132 81 0,www.puma.com,"Borussia Dortmund,AC Milan,Ghana National Football Team,Valencia CF,Palmeiras,Sergio Agüero,Pierre-Emerick Aubameyang,César Azpilicueta ","Amérique du Nord, Europe, Asie, Amérique Latine, Afrique"
Eq-17,Umbro,Sacs à glace,1746.16881918819,contact@umbro.com,441 614 922 100,www.umbro.com,"West Ham United,FC Lorient,Ipswich Town,Nacional ,David Beckham ,Wayne Rooney","Amérique du Nord, Europe, Asie, Amérique Latine, Afrique"
Eq-17,Umbro,Sacs à glace,1746.16881918819,contact@umbro.com,441 614 922 100,www.umbro.com,"West Ham United,FC Lorient,Ipswich Town,Nacional ,David Beckham ,Wayne Rooney","Amérique du Nord, Europe, Asie, Amérique Latine, Afrique"
Eq-17,Umbro,Sacs à glace,1746.16881918819,contact@umbro.com,441 614 922 100,www.umbro.com,"West Ham United,FC Lorient,Ipswich Town,Nacional ,David Beckham ,Wayne Rooney","Amérique du Nord, Europe, Asie, Amérique Latine, Afrique"
Eq-17,Umbro,Sacs à glace,1746.16881918819,contact@umbro.com,441 614 922 100,www.umbro.com,"West Ham United,FC Lorient,Ipswich Town,Nacional ,David Beckham ,Wayne Rooney","Amérique du Nord, Europe, Asie, Amérique Latine, Afrique"
Eq-17,Umbro,Ceintures lestées d'entraînement,1746.16881918819,contact@umbro.com,441 614 922 100,www.umbro.com,"West Ham United,FC Lorient,Ipswich Town,Nacional ,David Beckham ,Wayne Rooney","Amérique du Nord, Europe, Asie, Amérique Latine, Afrique"
Eq-17,Umbro,Stations d'entraînement fonctionnel,1746.16881918819,contact@umbro.com,441 614 922 100,www.umbro.com,"West Ham United,FC Lorient,Ipswich Town,Nacional ,David Beckham ,Wayne Rooney","Amérique du Nord, Europe, Asie, Amérique Latine, Afrique"
Eq-17,Umbro,Roues pour cages de football,1746.16881918819,contact@umbro.com,441 614 922 100,www.umbro.com,"West Ham United,FC Lorient,Ipswich Town,Nacional ,David Beckham ,Wayne Rooney","Amérique du Nord, Europe, Asie, Amérique Latine, Afrique"
Eq-17,Umbro,Sacs à glace,1746.16881918819,contact@umbro.com,441 614 922 100,www.umbro.com,"West Ham United,FC Lorient,Ipswich Town,Nacional ,David Beckham ,Wayne Rooney","Amérique du Nord, Europe, Asie, Amérique Latine, Afrique"
Eq-17,Umbro,Sacs à glace,1746.16881918819,contact@umbro.com,441 614 922 100,www.umbro.com,"West Ham United,FC Lorient,Ipswich Town,Nacional ,David Beckham ,Wayne Rooney","Amérique du Nord, Europe, Asie, Amérique Latine, Afrique"
Eq-17,Umbro,Stations d'entraînement fonctionnel,1746.16881918819,contact@umbro.com,441 614 922 100,www.umbro.com,"West Ham United,FC Lorient,Ipswich Town,Nacional ,David Beckham ,Wayne Rooney","Amérique du Nord, Europe, Asie, Amérique Latine, Afrique"
Eq-17,Umbro,Stations d'entraînement fonctionnel,1746.16881918819,contact@umbro.com,441 614 922 100,www.umbro.com,"West Ham United,FC Lorient,Ipswich Town,Nacional ,David Beckham ,Wayne Rooney","Amérique du Nord, Europe, Asie, Amérique Latine, Afrique"
Eq-17,Umbro,Cibles de précision pour gardiens,1746.16881918819,contact@umbro.com,441 614 922 100,www.umbro.com,"West Ham United,FC Lorient,Ipswich Town,Nacional ,David Beckham ,Wayne Rooney","Amérique du Nord, Europe, Asie, Amérique Latine, Afrique"
Eq-17,Umbro,Roues pour cages de football,1746.16881918819,contact@umbro.com,441 614 922 100,www.umbro.com,"West Ham United,FC Lorient,Ipswich Town,Nacional ,David Beckham ,Wayne Rooney","Amérique du Nord, Europe, Asie, Amérique Latine, Afrique"
Eq-17,Umbro,Stations d'entraînement fonctionnel,1746.16881918819,contact@umbro.com,441 614 922 100,www.umbro.com,"West Ham United,FC Lorient,Ipswich Town,Nacional ,David Beckham ,Wayne Rooney","Amérique du Nord, Europe, Asie, Amérique Latine, Afrique"
Eq-17,Umbro,Ceintures lestées d'entraînement,1746.16881918819,contact@umbro.com,441 614 922 100,www.umbro.com,"West Ham United,FC Lorient,Ipswich Town,Nacional ,David Beckham ,Wayne Rooney","Amérique du Nord, Europe, Asie, Amérique Latine, Afrique"
Eq-18,Kappa,Élastiques de renforcement musculaire,1746.16881918819,service@kappa.fr,+39 011 963 71 11,www.kappa.com,"ACF Fiorentina,Genoa CFC,Spezia Calcio,Brescia Calcio,Real Valladolid CF,R.C. Deportivo de La Coruña","Amérique du Nord, Europe, Asie, Amérique Latine, Afrique"
Eq-18,Kappa,Poteaux de corner rotatifs,1746.16881918819,service@kappa.fr,+39 011 963 71 11,www.kappa.com,"ACF Fiorentina,Genoa CFC,Spezia Calcio,Brescia Calcio,Real Valladolid CF,R.C. Deportivo de La Coruña","Amérique du Nord, Europe, Asie, Amérique Latine, Afrique"
Eq-18,Kappa,Élastiques de renforcement musculaire,1746.16881918819,service@kappa.fr,+39 011 963 71 11,www.kappa.com,"ACF Fiorentina,Genoa CFC,Spezia Calcio,Brescia Calcio,Real Valladolid CF,R.C. Deportivo de La Coruña","Amérique du Nord, Europe, Asie, Amérique Latine, Afrique"
Eq-18,Kappa,Mini-cones pour dribbles,1746.16881918819,service@kappa.fr,+39 011 963 71 11,www.kappa.com,"ACF Fiorentina,Genoa CFC,Spezia Calcio,Brescia Calcio,Real Valladolid CF,R.C. Deportivo de La Coruña","Amérique du Nord, Europe, Asie, Amérique Latine, Afrique"
Eq-18,Kappa,Élastiques de renforcement musculaire,1746.16881918819,service@kappa.fr,+39 011 963 71 11,www.kappa.com,"ACF Fiorentina,Genoa CFC,Spezia Calcio,Brescia Calcio,Real Valladolid CF,R.C. Deportivo de La Coruña","Amérique du Nord, Europe, Asie, Amérique Latine, Afrique"
Eq-18,Kappa,Élastiques de renforcement musculaire,1746.16881918819,service@kappa.fr,+39 011 963 71 11,www.kappa.com,"ACF Fiorentina,Genoa CFC,Spezia Calcio,Brescia Calcio,Real Valladolid CF,R.C. Deportivo de La Coruña","Amérique du Nord, Europe, Asie, Amérique Latine, Afrique"
Eq-18,Kappa,Poteaux de corner rotatifs,1746.16881918819,service@kappa.fr,+39 011 963 71 11,www.kappa.com,"ACF Fiorentina,Genoa CFC,Spezia Calcio,Brescia Calcio,Real Valladolid CF,R.C. Deportivo de La Coruña","Amérique du Nord, Europe, Asie, Amérique Latine, Afrique"
Eq-18,Kappa,Élastiques de renforcement musculaire,1746.16881918819,service@kappa.fr,+39 011 963 71 11,www.kappa.com,"ACF Fiorentina,Genoa CFC,Spezia Calcio,Brescia Calcio,Real Valladolid CF,R.C. Deportivo de La Coruña","Amérique du Nord, Europe, Asie, Amérique Latine, Afrique"
Eq-18,Kappa,Marquages au sol,1746.16881918819,service@kappa.fr,+39 011 963 71 11,www.kappa.com,"ACF Fiorentina,Genoa CFC,Spezia Calcio,Brescia Calcio,Real Valladolid CF,R.C. Deportivo de La Coruña","Amérique du Nord, Europe, Asie, Amérique Latine, Afrique"
Eq-18,Kappa,Gilets lestés pour entraînement,1746.16881918819,service@kappa.fr,+39 011 963 71 11,www.kappa.com,"ACF Fiorentina,Genoa CFC,Spezia Calcio,Brescia Calcio,Real Valladolid CF,R.C. Deportivo de La Coruña","Amérique du Nord, Europe, Asie, Amérique Latine, Afrique"
Eq-18,Kappa,Mini-cones pour dribbles,1746.16881918819,service@kappa.fr,+39 011 963 71 11,www.kappa.com,"ACF Fiorentina,Genoa CFC,Spezia Calcio,Brescia Calcio,Real Valladolid CF,R.C. Deportivo de La Coruña","Amérique du Nord, Europe, Asie, Amérique Latine, Afrique"
Eq-18,Kappa,Poteaux de corner rotatifs,1746.16881918819,service@kappa.fr,+39 011 963 71 11,www.kappa.com,"ACF Fiorentina,Genoa CFC,Spezia Calcio,Brescia Calcio,Real Valladolid CF,R.C. Deportivo de La Coruña","Amérique du Nord, Europe, Asie, Amérique Latine, Afrique"
Eq-18,Kappa,Mini-cones pour dribbles,1746.16881918819,service@kappa.fr,+39 011 963 71 11,www.kappa.com,"ACF Fiorentina,Genoa CFC,Spezia Calcio,Brescia Calcio,Real Valladolid CF,R.C. Deportivo de La Coruña","Amérique du Nord, Europe, Asie, Amérique Latine, Afrique"
Eq-18,Kappa,Mini-cones pour dribbles,1746.16881918819,service@kappa.fr,+39 011 963 71 11,www.kappa.com,"ACF Fiorentina,Genoa CFC,Spezia Calcio,Brescia Calcio,Real Valladolid CF,R.C. Deportivo de La Coruña","Amérique du Nord, Europe, Asie, Amérique Latine, Afrique"
Eq-18,Kappa,Mini-cones pour dribbles,1746.16881918819,service@kappa.fr,+39 011 963 71 11,www.kappa.com,"ACF Fiorentina,Genoa CFC,Spezia Calcio,Brescia Calcio,Real Valladolid CF,R.C. Deportivo de La Coruña","Amérique du Nord, Europe, Asie, Amérique Latine, Afrique"
Eq-19,Hummel,Tapis de sol pour échauffement,1746.16881918819,support@hummel.net,+45 87 34 48 50,www.hummel.dk,"Everton FC,FC Midtjylland,Aalborg BK,Brøndby IF ,Christian Eriksen ,Kaizer Chiefs FC.","Denmark, Germany, France, United Kingdom, Netherlands, Spain, South Africa"
Eq-19,Hummel,Chariots de transport pour ballons,1746.16881918819,support@hummel.net,+45 87 34 48 50,www.hummel.dk,"Everton FC,FC Midtjylland,Aalborg BK,Brøndby IF ,Christian Eriksen ,Kaizer Chiefs FC.","Denmark, Germany, France, United Kingdom, Netherlands, Spain, South Africa"
Eq-19,Hummel,Cones d'agilité ajustables,1746.16881918819,support@hummel.net,+45 87 34 48 50,www.hummel.dk,"Everton FC,FC Midtjylland,Aalborg BK,Brøndby IF ,Christian Eriksen ,Kaizer Chiefs FC.","Denmark, Germany, France, United Kingdom, Netherlands, Spain, South Africa"
Eq-19,Hummel,Cones d'agilité ajustables,1746.16881918819,support@hummel.net,+45 87 34 48 50,www.hummel.dk,"Everton FC,FC Midtjylland,Aalborg BK,Brøndby IF ,Christian Eriksen ,Kaizer Chiefs FC.","Denmark, Germany, France, United Kingdom, Netherlands, Spain, South Africa"
Eq-19,Hummel,Plaques numérotées,1746.16881918819,support@hummel.net,+45 87 34 48 50,www.hummel.dk,"Everton FC,FC Midtjylland,Aalborg BK,Brøndby IF ,Christian Eriksen ,Kaizer Chiefs FC.","Denmark, Germany, France, United Kingdom, Netherlands, Spain, South Africa"
Eq-19,Hummel,Chariots de transport pour ballons,1746.16881918819,support@hummel.net,+45 87 34 48 50,www.hummel.dk,"Everton FC,FC Midtjylland,Aalborg BK,Brøndby IF ,Christian Eriksen ,Kaizer Chiefs FC.","Denmark, Germany, France, United Kingdom, Netherlands, Spain, South Africa"
Eq-19,Hummel,Cones d'agilité ajustables,1746.16881918819,support@hummel.net,+45 87 34 48 50,www.hummel.dk,"Everton FC,FC Midtjylland,Aalborg BK,Brøndby IF ,Christian Eriksen ,Kaizer Chiefs FC.","Denmark, Germany, France, United Kingdom, Netherlands, Spain, South Africa"
Eq-19,Hummel,Chariots de transport pour ballons,1746.16881918819,support@hummel.net,+45 87 34 48 50,www.hummel.dk,"Everton FC,FC Midtjylland,Aalborg BK,Brøndby IF ,Christian Eriksen ,Kaizer Chiefs FC.","Denmark, Germany, France, United Kingdom, Netherlands, Spain, South Africa"
Eq-19,Hummel,Plaques numérotées,1746.16881918819,support@hummel.net,+45 87 34 48 50,www.hummel.dk,"Everton FC,FC Midtjylland,Aalborg BK,Brøndby IF ,Christian Eriksen ,Kaizer Chiefs FC.","Denmark, Germany, France, United Kingdom, Netherlands, Spain, South Africa"
Eq-19,Hummel,But portable à montage rapide,1746.16881918819,support@hummel.net,+45 87 34 48 50,www.hummel.dk,"Everton FC,FC Midtjylland,Aalborg BK,Brøndby IF ,Christian Eriksen ,Kaizer Chiefs FC.","Denmark, Germany, France, United Kingdom, Netherlands, Spain, South Africa"
Eq-19,Hummel,But portable à montage rapide,1746.16881918819,support@hummel.net,+45 87 34 48 50,www.hummel.dk,"Everton FC,FC Midtjylland,Aalborg BK,Brøndby IF ,Christian Eriksen ,Kaizer Chiefs FC.","Denmark, Germany, France, United Kingdom, Netherlands, Spain, South Africa"
Eq-19,Hummel,Cones d'agilité ajustables,1746.16881918819,support@hummel.net,+45 87 34 48 50,www.hummel.dk,"Everton FC,FC Midtjylland,Aalborg BK,Brøndby IF ,Christian Eriksen ,Kaizer Chiefs FC.","Denmark, Germany, France, United Kingdom, Netherlands, Spain, South Africa"
Eq-19,Hummel,Plaques numérotées,1746.16881918819,support@hummel.net,+45 87 34 48 50,www.hummel.dk,"Everton FC,FC Midtjylland,Aalborg BK,Brøndby IF ,Christian Eriksen ,Kaizer Chiefs FC.","Denmark, Germany, France, United Kingdom, Netherlands, Spain, South Africa"
Eq-19,Hummel,Tapis de sol pour échauffement,1746.16881918819,support@hummel.net,+45 87 34 48 50,www.hummel.dk,"Everton FC,FC Midtjylland,Aalborg BK,Brøndby IF ,Christian Eriksen ,Kaizer Chiefs FC.","Denmark, Germany, France, United Kingdom, Netherlands, Spain, South Africa"
Eq-19,Hummel,But portable à montage rapide,1746.16881918819,support@hummel.net,+45 87 34 48 50,www.hummel.dk,"Everton FC,FC Midtjylland,Aalborg BK,Brøndby IF ,Christian Eriksen ,Kaizer Chiefs FC.","Denmark, Germany, France, United Kingdom, Netherlands, Spain, South Africa"
Eq-20,Erima,Harnais d'entraînement individuel,1746.16881918819,contact@erima.fr,+49 7433 2680 0,www.erima.com,"FC Schalke 04,TSG 1899 Hoffenheim","Germany, France, Spain, Italy, Netherlands, South Africa"
Eq-20,Erima,Sifflets électroniques,1746.16881918819,contact@erima.fr,+49 7433 2680 0,www.erima.com,"FC Schalke 04,TSG 1899 Hoffenheim","Germany, France, Spain, Italy, Netherlands, South Africa"
Eq-20,Erima,Sifflets électroniques,1746.16881918819,contact@erima.fr,+49 7433 2680 0,www.erima.com,"FC Schalke 04,TSG 1899 Hoffenheim","Germany, France, Spain, Italy, Netherlands, South Africa"
Eq-20,Erima,Buts d'entraînement avec filets intégrés,1746.16881918819,contact@erima.fr,+49 7433 2680 0,www.erima.com,"FC Schalke 04,TSG 1899 Hoffenheim","Germany, France, Spain, Italy, Netherlands, South Africa"
Eq-20,Erima,Buts d'entraînement avec filets intégrés,1746.16881918819,contact@erima.fr,+49 7433 2680 0,www.erima.com,"FC Schalke 04,TSG 1899 Hoffenheim","Germany, France, Spain, Italy, Netherlands, South Africa"
Eq-20,Erima,Cônes de signalisation haute visibilité,1746.16881918819,contact@erima.fr,+49 7433 2680 0,www.erima.com,"FC Schalke 04,TSG 1899 Hoffenheim","Germany, France, Spain, Italy, Netherlands, South Africa"
Eq-20,Erima,Mini-haies pour agilité,1746.16881918819,contact@erima.fr,+49 7433 2680 0,www.erima.com,"FC Schalke 04,TSG 1899 Hoffenheim","Germany, France, Spain, Italy, Netherlands, South Africa"
Eq-20,Erima,Sifflets électroniques,1746.16881918819,contact@erima.fr,+49 7433 2680 0,www.erima.com,"FC Schalke 04,TSG 1899 Hoffenheim","Germany, France, Spain, Italy, Netherlands, South Africa"
Eq-20,Erima,Buts d'entraînement avec filets intégrés,1746.16881918819,contact@erima.fr,+49 7433 2680 0,www.erima.com,"FC Schalke 04,TSG 1899 Hoffenheim","Germany, France, Spain, Italy, Netherlands, South Africa"
Eq-20,Erima,Harnais d'entraînement individuel,1746.16881918819,contact@erima.fr,+49 7433 2680 0,www.erima.com,"FC Schalke 04,TSG 1899 Hoffenheim","Germany, France, Spain, Italy, Netherlands, South Africa"
Eq-20,Erima,Cônes de signalisation haute visibilité,1746.16881918819,contact@erima.fr,+49 7433 2680 0,www.erima.com,"FC Schalke 04,TSG 1899 Hoffenheim","Germany, France, Spain, Italy, Netherlands, South Africa"
Eq-20,Erima,Buts d'entraînement avec filets intégrés,1746.16881918819,contact@erima.fr,+49 7433 2680 0,www.erima.com,"FC Schalke 04,TSG 1899 Hoffenheim","Germany, France, Spain, Italy, Netherlands, South Africa"
Eq-20,Erima,Buts d'entraînement avec filets intégrés,1746.16881918819,contact@erima.fr,+49 7433 2680 0,www.erima.com,"FC Schalke 04,TSG 1899 Hoffenheim","Germany, France, Spain, Italy, Netherlands, South Africa"
Eq-20,Erima,Mini-haies pour agilité,1746.16881918819,contact@erima.fr,+49 7433 2680 0,www.erima.com,"FC Schalke 04,TSG 1899 Hoffenheim","Germany, France, Spain, Italy, Netherlands, South Africa"
Eq-20,Erima,Buts d'entraînement avec filets intégrés,1746.16881918819,contact@erima.fr,+49 7433 2680 0,www.erima.com,"FC Schalke 04,TSG 1899 Hoffenheim","Germany, France, Spain, Italy, Netherlands, South Africa"
Eq-21,Le Coq Sportif,Lignes adhésives pour terrain,1746.16881918819,support@lecoqsportif.com,+33 3 84 46 41 41,www.lecoqsportif.com,"OGC Nice,ESTAC Troyes ,Lausanne, Rosario Central ,Talleres de Córdoba, América de Cali,Al Ahed FC,Homenetmen Beirut ,Soweto Stars FC , Stellenbosch FC","France, Switzerland, Italy, Belgium, Argentina, Colombia, Brazil, South Africa, Lebanon, Japan, South Korea"
Eq-21,Le Coq Sportif,Planche d'entraînement de vitesse,1746.16881918819,support@lecoqsportif.com,+33 3 84 46 41 41,www.lecoqsportif.com,"OGC Nice,ESTAC Troyes ,Lausanne, Rosario Central ,Talleres de Córdoba, América de Cali,Al Ahed FC,Homenetmen Beirut ,Soweto Stars FC , Stellenbosch FC","France, Switzerland, Italy, Belgium, Argentina, Colombia, Brazil, South Africa, Lebanon, Japan, South Korea"
Eq-21,Le Coq Sportif,Lignes adhésives pour terrain,1746.16881918819,support@lecoqsportif.com,+33 3 84 46 41 41,www.lecoqsportif.com,"OGC Nice,ESTAC Troyes ,Lausanne, Rosario Central ,Talleres de Córdoba, América de Cali,Al Ahed FC,Homenetmen Beirut ,Soweto Stars FC , Stellenbosch FC","France, Switzerland, Italy, Belgium, Argentina, Colombia, Brazil, South Africa, Lebanon, Japan, South Korea"
Eq-21,Le Coq Sportif,Filet de rebond pour entraînement,1746.16881918819,support@lecoqsportif.com,+33 3 84 46 41 41,www.lecoqsportif.com,"OGC Nice,ESTAC Troyes ,Lausanne, Rosario Central ,Talleres de Córdoba, América de Cali,Al Ahed FC,Homenetmen Beirut ,Soweto Stars FC , Stellenbosch FC","France, Switzerland, Italy, Belgium, Argentina, Colombia, Brazil, South Africa, Lebanon, Japan, South Korea"
Eq-21,Le Coq Sportif,Bouteilles d'eau avec support,1746.16881918819,support@lecoqsportif.com,+33 3 84 46 41 41,www.lecoqsportif.com,"OGC Nice,ESTAC Troyes ,Lausanne, Rosario Central ,Talleres de Córdoba, América de Cali,Al Ahed FC,Homenetmen Beirut ,Soweto Stars FC , Stellenbosch FC","France, Switzerland, Italy, Belgium, Argentina, Colombia, Brazil, South Africa, Lebanon, Japan, South Korea"
Eq-21,Le Coq Sportif,Bouteilles d'eau avec support,1746.16881918819,support@lecoqsportif.com,+33 3 84 46 41 41,www.lecoqsportif.com,"OGC Nice,ESTAC Troyes ,Lausanne, Rosario Central ,Talleres de Córdoba, América de Cali,Al Ahed FC,Homenetmen Beirut ,Soweto Stars FC , Stellenbosch FC","France, Switzerland, Italy, Belgium, Argentina, Colombia, Brazil, South Africa, Lebanon, Japan, South Korea"
Eq-21,Le Coq Sportif,Filet de rebond pour entraînement,1746.16881918819,support@lecoqsportif.com,+33 3 84 46 41 41,www.lecoqsportif.com,"OGC Nice,ESTAC Troyes ,Lausanne, Rosario Central ,Talleres de Córdoba, América de Cali,Al Ahed FC,Homenetmen Beirut ,Soweto Stars FC , Stellenbosch FC","France, Switzerland, Italy, Belgium, Argentina, Colombia, Brazil, South Africa, Lebanon, Japan, South Korea"
Eq-21,Le Coq Sportif,Banc de touche premium,1746.16881918819,support@lecoqsportif.com,+33 3 84 46 41 41,www.lecoqsportif.com,"OGC Nice,ESTAC Troyes ,Lausanne, Rosario Central ,Talleres de Córdoba, América de Cali,Al Ahed FC,Homenetmen Beirut ,Soweto Stars FC , Stellenbosch FC","France, Switzerland, Italy, Belgium, Argentina, Colombia, Brazil, South Africa, Lebanon, Japan, South Korea"
Eq-21,Le Coq Sportif,Bouteilles d'eau avec support,1746.16881918819,support@lecoqsportif.com,+33 3 84 46 41 41,www.lecoqsportif.com,"OGC Nice,ESTAC Troyes ,Lausanne, Rosario Central ,Talleres de Córdoba, América de Cali,Al Ahed FC,Homenetmen Beirut ,Soweto Stars FC , Stellenbosch FC","France, Switzerland, Italy, Belgium, Argentina, Colombia, Brazil, South Africa, Lebanon, Japan, South Korea"
Eq-21,Le Coq Sportif,Lignes adhésives pour terrain,1746.16881918819,support@lecoqsportif.com,+33 3 84 46 41 41,www.lecoqsportif.com,"OGC Nice,ESTAC Troyes ,Lausanne, Rosario Central ,Talleres de Córdoba, América de Cali,Al Ahed FC,Homenetmen Beirut ,Soweto Stars FC , Stellenbosch FC","France, Switzerland, Italy, Belgium, Argentina, Colombia, Brazil, South Africa, Lebanon, Japan, South Korea"
Eq-21,Le Coq Sportif,Filet de rebond pour entraînement,1746.16881918819,support@lecoqsportif.com,+33 3 84 46 41 41,www.lecoqsportif.com,"OGC Nice,ESTAC Troyes ,Lausanne, Rosario Central ,Talleres de Córdoba, América de Cali,Al Ahed FC,Homenetmen Beirut ,Soweto Stars FC , Stellenbosch FC","France, Switzerland, Italy, Belgium, Argentina, Colombia, Brazil, South Africa, Lebanon, Japan, South Korea"
Eq-21,Le Coq Sportif,Filet de rebond pour entraînement,1746.16881918819,support@lecoqsportif.com,+33 3 84 46 41 41,www.lecoqsportif.com,"OGC Nice,ESTAC Troyes ,Lausanne, Rosario Central ,Talleres de Córdoba, América de Cali,Al Ahed FC,Homenetmen Beirut ,Soweto Stars FC , Stellenbosch FC","France, Switzerland, Italy, Belgium, Argentina, Colombia, Brazil, South Africa, Lebanon, Japan, South Korea"
Eq-21,Le Coq Sportif,Lignes adhésives pour terrain,1746.16881918819,support@lecoqsportif.com,+33 3 84 46 41 41,www.lecoqsportif.com,"OGC Nice,ESTAC Troyes ,Lausanne, Rosario Central ,Talleres de Córdoba, América de Cali,Al Ahed FC,Homenetmen Beirut ,Soweto Stars FC , Stellenbosch FC","France, Switzerland, Italy, Belgium, Argentina, Colombia, Brazil, South Africa, Lebanon, Japan, South Korea"
Eq-21,Le Coq Sportif,Bouteilles d'eau avec support,1746.16881918819,support@lecoqsportif.com,+33 3 84 46 41 41,www.lecoqsportif.com,"OGC Nice,ESTAC Troyes ,Lausanne, Rosario Central ,Talleres de Córdoba, América de Cali,Al Ahed FC,Homenetmen Beirut ,Soweto Stars FC , Stellenbosch FC","France, Switzerland, Italy, Belgium, Argentina, Colombia, Brazil, South Africa, Lebanon, Japan, South Korea"
Eq-21,Le Coq Sportif,Bouteilles d'eau avec support,1746.16881918819,support@lecoqsportif.com,+33 3 84 46 41 41,www.lecoqsportif.com,"OGC Nice,ESTAC Troyes ,Lausanne, Rosario Central ,Talleres de Córdoba, América de Cali,Al Ahed FC,Homenetmen Beirut ,Soweto Stars FC , Stellenbosch FC","France, Switzerland, Italy, Belgium, Argentina, Colombia, Brazil, South Africa, Lebanon, Japan, South Korea"
Eq-22,Select Sport,Pompes à ballon,1746.16881918819,info@select-sport.com,+45 74 52 64 00,www.select-sport.com,Fédération Danoise de Football,"Denmark, Sweden, Norway, Germany, Netherlands, South Africa"
Eq-22,Select Sport,Chasubles,1746.16881918819,info@select-sport.com,+45 74 52 64 00,www.select-sport.com,Fédération Danoise de Football,"Denmark, Sweden, Norway, Germany, Netherlands, South Africa"
Eq-22,Select Sport,Mâts de corner,1746.16881918819,info@select-sport.com,+45 74 52 64 00,www.select-sport.com,Fédération Danoise de Football,"Denmark, Sweden, Norway, Germany, Netherlands, South Africa"
Eq-22,Select Sport,Élastiques d'entraînement,1746.16881918819,info@select-sport.com,+45 74 52 64 00,www.select-sport.com,Fédération Danoise de Football,"Denmark, Sweden, Norway, Germany, Netherlands, South Africa"
Eq-22,Select Sport,Filets de but,1746.16881918819,info@select-sport.com,+45 74 52 64 00,www.select-sport.com,Fédération Danoise de Football,"Denmark, Sweden, Norway, Germany, Netherlands, South Africa"
Eq-22,Select Sport,Mâts de corner,1746.16881918819,info@select-sport.com,+45 74 52 64 00,www.select-sport.com,Fédération Danoise de Football,"Denmark, Sweden, Norway, Germany, Netherlands, South Africa"
Eq-22,Select Sport,Tendeurs de filet,1746.16881918819,info@select-sport.com,+45 74 52 64 00,www.select-sport.com,Fédération Danoise de Football,"Denmark, Sweden, Norway, Germany, Netherlands, South Africa"
Eq-22,Select Sport,Cibles de précision,1746.16881918819,info@select-sport.com,+45 74 52 64 00,www.select-sport.com,Fédération Danoise de Football,"Denmark, Sweden, Norway, Germany, Netherlands, South Africa"
Eq-22,Select Sport,Filets de but,1746.16881918819,info@select-sport.com,+45 74 52 64 00,www.select-sport.com,Fédération Danoise de Football,"Denmark, Sweden, Norway, Germany, Netherlands, South Africa"
Eq-22,Select Sport,Tendeurs de filet,1746.16881918819,info@select-sport.com,+45 74 52 64 00,www.select-sport.com,Fédération Danoise de Football,"Denmark, Sweden, Norway, Germany, Netherlands, South Africa"
Eq-22,Select Sport,Mâts de corner,1746.16881918819,info@select-sport.com,+45 74 52 64 00,www.select-sport.com,Fédération Danoise de Football,"Denmark, Sweden, Norway, Germany, Netherlands, South Africa"
Eq-22,Select Sport,Mâts de corner,1746.16881918819,info@select-sport.com,+45 74 52 64 00,www.select-sport.com,Fédération Danoise de Football,"Denmark, Sweden, Norway, Germany, Netherlands, South Africa"
Eq-22,Select Sport,Chasubles,1746.16881918819,info@select-sport.com,+45 74 52 64 00,www.select-sport.com,Fédération Danoise de Football,"Denmark, Sweden, Norway, Germany, Netherlands, South Africa"
Eq-22,Select Sport,Buts de football,1746.16881918819,info@select-sport.com,+45 74 52 64 00,www.select-sport.com,Fédération Danoise de Football,"Denmark, Sweden, Norway, Germany, Netherlands, South Africa"
Eq-22,Select Sport,Panneaux d'affichage de score,1746.16881918819,info@select-sport.com,+45 74 52 64 00,www.select-sport.com,Fédération Danoise de Football,"Denmark, Sweden, Norway, Germany, Netherlands, South Africa"
Eq-23,Ziland,Sac de transport pour ballons,1746.16881918819,support@ziland.com,441 617 673 950,www.ziland.co.uk,No affiliated clients,United Kingdom
Eq-23,Ziland,Piquets de slalom,1746.16881918819,support@ziland.com,441 617 673 950,www.ziland.co.uk,No affiliated clients,United Kingdom
Eq-23,Ziland,Mini-buts d'entraînement,1746.16881918819,support@ziland.com,441 617 673 950,www.ziland.co.uk,No affiliated clients,United Kingdom
Eq-23,Ziland,Plots de marquage,1746.16881918819,support@ziland.com,441 617 673 950,www.ziland.co.uk,No affiliated clients,United Kingdom
Eq-23,Ziland,Sac de transport pour ballons,1746.16881918819,support@ziland.com,441 617 673 950,www.ziland.co.uk,No affiliated clients,United Kingdom
Eq-23,Ziland,Mâts de corner,1746.16881918819,support@ziland.com,441 617 673 950,www.ziland.co.uk,No affiliated clients,United Kingdom
Eq-23,Ziland,Sifflets d'arbitre,1746.16881918819,support@ziland.com,441 617 673 950,www.ziland.co.uk,No affiliated clients,United Kingdom
Eq-23,Ziland,Élastiques d'entraînement,1746.16881918819,support@ziland.com,441 617 673 950,www.ziland.co.uk,No affiliated clients,United Kingdom
Eq-23,Ziland,Sac de transport pour ballons,1746.16881918819,support@ziland.com,441 617 673 950,www.ziland.co.uk,No affiliated clients,United Kingdom
Eq-23,Ziland,Cibles de précision,1746.16881918819,support@ziland.com,441 617 673 950,www.ziland.co.uk,No affiliated clients,United Kingdom
Eq-23,Ziland,Filets de but,1746.16881918819,support@ziland.com,441 617 673 950,www.ziland.co.uk,No affiliated clients,United Kingdom
Eq-23,Ziland,Élastiques d'entraînement,1746.16881918819,support@ziland.com,441 617 673 950,www.ziland.co.uk,No affiliated clients,United Kingdom
Eq-23,Ziland,Mâts de corner,1746.16881918819,support@ziland.com,441 617 673 950,www.ziland.co.uk,No affiliated clients,United Kingdom
Eq-23,Ziland,Buts de football,1746.16881918819,support@ziland.com,441 617 673 950,www.ziland.co.uk,No affiliated clients,United Kingdom
Eq-23,Ziland,Échelles de rythme,1746.16881918819,support@ziland.com,441 617 673 950,www.ziland.co.uk,No affiliated clients,United Kingdom
Eq-24,Precision Training,Plots de marquage,1746.16881918819,info@precisiontraining.uk,441 159 002 340,www.precisiontraining.uk,No affiliated clients,United Kingdom
Eq-24,Precision Training,Sac de transport pour ballons,1746.16881918819,info@precisiontraining.uk,441 159 002 340,www.precisiontraining.uk,No affiliated clients,United Kingdom
Eq-24,Precision Training,Cibles de précision,1746.16881918819,info@precisiontraining.uk,441 159 002 340,www.precisiontraining.uk,No affiliated clients,United Kingdom
Eq-24,Precision Training,Sac de transport pour ballons,1746.16881918819,info@precisiontraining.uk,441 159 002 340,www.precisiontraining.uk,No affiliated clients,United Kingdom
Eq-24,Precision Training,Sac de transport pour ballons,1746.16881918819,info@precisiontraining.uk,441 159 002 340,www.precisiontraining.uk,No affiliated clients,United Kingdom
Eq-24,Precision Training,Cibles de précision,1746.16881918819,info@precisiontraining.uk,441 159 002 340,www.precisiontraining.uk,No affiliated clients,United Kingdom
Eq-24,Precision Training,Mâts de corner,1746.16881918819,info@precisiontraining.uk,441 159 002 340,www.precisiontraining.uk,No affiliated clients,United Kingdom
Eq-24,Precision Training,Plots de marquage,1746.16881918819,info@precisiontraining.uk,441 159 002 340,www.precisiontraining.uk,No affiliated clients,United Kingdom
Eq-24,Precision Training,Piquets de slalom,1746.16881918819,info@precisiontraining.uk,441 159 002 340,www.precisiontraining.uk,No affiliated clients,United Kingdom
Eq-24,Precision Training,Chasubles,1746.16881918819,info@precisiontraining.uk,441 159 002 340,www.precisiontraining.uk,No affiliated clients,United Kingdom
Eq-24,Precision Training,Mini-buts d'entraînement,1746.16881918819,info@precisiontraining.uk,441 159 002 340,www.precisiontraining.uk,No affiliated clients,United Kingdom
Eq-24,Precision Training,Élastiques d'entraînement,1746.16881918819,info@precisiontraining.uk,441 159 002 340,www.precisiontraining.uk,No affiliated clients,United Kingdom
Eq-24,Precision Training,Mini-buts d'entraînement,1746.16881918819,info@precisiontraining.uk,441 159 002 340,www.precisiontraining.uk,No affiliated clients,United Kingdom
Eq-24,Precision Training,Mâts de corner,1746.16881918819,info@precisiontraining.uk,441 159 002 340,www.precisiontraining.uk,No affiliated clients,United Kingdom
Eq-24,Precision Training,Pompes à ballon,1746.16881918819,info@precisiontraining.uk,441 159 002 340,www.precisiontraining.uk,Not provided,United Kingdom
Eq-25,Diamond Football,Tendeurs de filet,1746.16881918819,sales@diamondfootball.com,442 072 545 210,www.diamondfootball.com,"Manchester City Academy,Tottenham Hotspur Academy",United Kingdom
Eq-25,Diamond Football,Cibles de précision,1746.16881918819,sales@diamondfootball.com,442 072 545 210,www.diamondfootball.com,"Manchester City Academy,Tottenham Hotspur Academy",United Kingdom
Eq-25,Diamond Football,Échelles de rythme,1746.16881918819,sales@diamondfootball.com,442 072 545 210,www.diamondfootball.com,"Manchester City Academy,Tottenham Hotspur Academy",United Kingdom
Eq-25,Diamond Football,Mâts de corner,1746.16881918819,sales@diamondfootball.com,442 072 545 210,www.diamondfootball.com,"Manchester City Academy,Tottenham Hotspur Academy",United Kingdom
Eq-25,Diamond Football,Tendeurs de filet,1746.16881918819,sales@diamondfootball.com,442 072 545 210,www.diamondfootball.com,"Manchester City Academy,Tottenham Hotspur Academy",United Kingdom
Eq-25,Diamond Football,Mini-buts d'entraînement,1746.16881918819,sales@diamondfootball.com,442 072 545 210,www.diamondfootball.com,"Manchester City Academy,Tottenham Hotspur Academy",United Kingdom
Eq-25,Diamond Football,Élastiques d'entraînement,1746.16881918819,sales@diamondfootball.com,442 072 545 210,www.diamondfootball.com,"Manchester City Academy,Tottenham Hotspur Academy",United Kingdom
Eq-25,Diamond Football,Mini-buts d'entraînement,1746.16881918819,sales@diamondfootball.com,442 072 545 210,www.diamondfootball.com,"Manchester City Academy,Tottenham Hotspur Academy",United Kingdom
Eq-25,Diamond Football,Mâts de corner,1746.16881918819,sales@diamondfootball.com,442 072 545 210,www.diamondfootball.com,"Manchester City Academy,Tottenham Hotspur Academy",United Kingdom
Eq-25,Diamond Football,Filets de but,1746.16881918819,sales@diamondfootball.com,442 072 545 210,www.diamondfootball.com,"Manchester City Academy,Tottenham Hotspur Academy",United Kingdom
Eq-25,Diamond Football,Mini-buts d'entraînement,1746.16881918819,sales@diamondfootball.com,442 072 545 210,www.diamondfootball.com,"Manchester City Academy,Tottenham Hotspur Academy",United Kingdom
Eq-25,Diamond Football,Sac de transport pour ballons,1746.16881918819,sales@diamondfootball.com,442 072 545 210,www.diamondfootball.com,"Manchester City Academy,Tottenham Hotspur Academy",United Kingdom
Eq-25,Diamond Football,Panneaux d'affichage de score,1746.16881918819,sales@diamondfootball.com,442 072 545 210,www.diamondfootball.com,"Manchester City Academy,Tottenham Hotspur Academy",United Kingdom
Eq-25,Diamond Football,Plots de marquage,1746.16881918819,sales@diamondfootball.com,442 072 545 210,www.diamondfootball.com,"Manchester City Academy,Tottenham Hotspur Academy",United Kingdom
Eq-25,Diamond Football,Mini-buts d'entraînement,1746.16881918819,sales@diamondfootball.com,442 072 545 210,www.diamondfootball.com,"Manchester City Academy,Tottenham Hotspur Academy",United Kingdom
Eq-26,BazookaGoal,Buts de football,1746.16881918819,info@bazookagoal.com,+47 23 11 77 00,www.bazookagoal.com,West Ham United Academy,United Kingdom
Eq-26,BazookaGoal,Mâts de corner,1746.16881918819,info@bazookagoal.com,+47 23 11 77 00,www.bazookagoal.com,West Ham United Academy,United Kingdom
Eq-26,BazookaGoal,Piquets de slalom,1746.16881918819,info@bazookagoal.com,+47 23 11 77 00,www.bazookagoal.com,West Ham United Academy,United Kingdom
Eq-26,BazookaGoal,Filets de but,1746.16881918819,info@bazookagoal.com,+47 23 11 77 00,www.bazookagoal.com,West Ham United Academy,United Kingdom
Eq-26,BazookaGoal,Cibles de précision,1746.16881918819,info@bazookagoal.com,+47 23 11 77 00,www.bazookagoal.com,West Ham United Academy,United Kingdom
Eq-26,BazookaGoal,Cibles de précision,1746.16881918819,info@bazookagoal.com,+47 23 11 77 00,www.bazookagoal.com,West Ham United Academy,United Kingdom
Eq-26,BazookaGoal,Mâts de corner,1746.16881918819,info@bazookagoal.com,+47 23 11 77 00,www.bazookagoal.com,West Ham United Academy,United Kingdom
Eq-26,BazookaGoal,Piquets de slalom,1746.16881918819,info@bazookagoal.com,+47 23 11 77 00,www.bazookagoal.com,West Ham United Academy,United Kingdom
Eq-26,BazookaGoal,Pompes à ballon,1746.16881918819,info@bazookagoal.com,+47 23 11 77 00,www.bazookagoal.com,West Ham United Academy,United Kingdom
Eq-26,BazookaGoal,Tendeurs de filet,1746.16881918819,info@bazookagoal.com,+47 23 11 77 00,www.bazookagoal.com,West Ham United Academy,United Kingdom
Eq-26,BazookaGoal,Buts de football,1746.16881918819,info@bazookagoal.com,+47 23 11 77 00,www.bazookagoal.com,West Ham United Academy,United Kingdom
Eq-26,BazookaGoal,Échelles de rythme,1746.16881918819,info@bazookagoal.com,+47 23 11 77 00,www.bazookagoal.com,West Ham United Academy,United Kingdom
Eq-26,BazookaGoal,Élastiques d'entraînement,1746.16881918819,info@bazookagoal.com,+47 23 11 77 00,www.bazookagoal.com,West Ham United Academy,United Kingdom
Eq-26,BazookaGoal,Pompes à ballon,1746.16881918819,info@bazookagoal.com,+47 23 11 77 00,www.bazookagoal.com,West Ham United Academy,United Kingdom
Eq-26,BazookaGoal,Sac de transport pour ballons,1746.16881918819,info@bazookagoal.com,+47 23 11 77 00,www.bazookagoal.com,West Ham United Academy,United Kingdom
Eq-27,Samba Sports,Plots de marquage,1746.16881918819,sales@sambasports.co.uk,441 709 878 400,www.sambasports.co.uk,Notts County FC,United Kingdom
Eq-27,Samba Sports,Chasubles,1746.16881918819,sales@sambasports.co.uk,441 709 878 400,www.sambasports.co.uk,Notts County FC,United Kingdom
Eq-27,Samba Sports,Cibles de précision,1746.16881918819,sales@sambasports.co.uk,441 709 878 400,www.sambasports.co.uk,Notts County FC,United Kingdom
Eq-27,Samba Sports,Mini-buts d'entraînement,1746.16881918819,sales@sambasports.co.uk,441 709 878 400,www.sambasports.co.uk,Notts County FC,United Kingdom
Eq-27,Samba Sports,Filets de but,1746.16881918819,sales@sambasports.co.uk,441 709 878 400,www.sambasports.co.uk,Notts County FC,United Kingdom
Eq-27,Samba Sports,Échelles de rythme,1746.16881918819,sales@sambasports.co.uk,441 709 878 400,www.sambasports.co.uk,Notts County FC,United Kingdom
Eq-27,Samba Sports,Pompes à ballon,1746.16881918819,sales@sambasports.co.uk,441 709 878 400,www.sambasports.co.uk,Notts County FC,United Kingdom
Eq-27,Samba Sports,Mini-buts d'entraînement,1746.16881918819,sales@sambasports.co.uk,441 709 878 400,www.sambasports.co.uk,Notts County FC,United Kingdom
Eq-27,Samba Sports,Piquets de slalom,1746.16881918819,sales@sambasports.co.uk,441 709 878 400,www.sambasports.co.uk,Notts County FC,United Kingdom
Eq-27,Samba Sports,Pompes à ballon,1746.16881918819,sales@sambasports.co.uk,441 709 878 400,www.sambasports.co.uk,Notts County FC,United Kingdom
Eq-27,Samba Sports,Mini-buts d'entraînement,1746.16881918819,sales@sambasports.co.uk,441 709 878 400,www.sambasports.co.uk,Notts County FC,United Kingdom
Eq-27,Samba Sports,Buts de football,1746.16881918819,sales@sambasports.co.uk,441 709 878 400,www.sambasports.co.uk,Notts County FC,United Kingdom
Eq-27,Samba Sports,Filets de but,1746.16881918819,sales@sambasports.co.uk,441 709 878 400,www.sambasports.co.uk,Notts County FC,United Kingdom
Eq-27,Samba Sports,Piquets de slalom,1746.16881918819,sales@sambasports.co.uk,441 709 878 400,www.sambasports.co.uk,Notts County FC,United Kingdom
Eq-27,Samba Sports,Plots de marquage,1746.16881918819,sales@sambasports.co.uk,441 709 878 400,www.sambasports.co.uk,Notts County FC,United Kingdom
Eq-28,Net World Sports,Buts de football,1746.16881918819,sales@networldsports.com,441 691 683 807,www.networldsports.com,Arsenal Soccer Schools,"United Kingdom, Europe"
Eq-28,Net World Sports,Plots de marquage,1746.16881918819,sales@networldsports.com,441 691 683 807,www.networldsports.com,Arsenal Soccer Schools,United Kingdom
Eq-28,Net World Sports,Tendeurs de filet,1746.16881918819,sales@networldsports.com,441 691 683 807,www.networldsports.com,Arsenal Soccer Schools,United Kingdom
Eq-28,Net World Sports,Pompes à ballon,1746.16881918819,sales@networldsports.com,441 691 683 807,www.networldsports.com,Arsenal Soccer Schools,United Kingdom
Eq-28,Net World Sports,Plots de marquage,1746.16881918819,sales@networldsports.com,441 691 683 807,www.networldsports.com,Arsenal Soccer Schools,United Kingdom
Eq-28,Net World Sports,Panneaux d'affichage de score,1746.16881918819,sales@networldsports.com,441 691 683 807,www.networldsports.com,Arsenal Soccer Schools,United Kingdom
Eq-28,Net World Sports,Tendeurs de filet,1746.16881918819,sales@networldsports.com,441 691 683 807,www.networldsports.com,Arsenal Soccer Schools,United Kingdom
Eq-28,Net World Sports,Échelles de rythme,1746.16881918819,sales@networldsports.com,441 691 683 807,www.networldsports.com,Arsenal Soccer Schools,United Kingdom
Eq-28,Net World Sports,Plots de marquage,1746.16881918819,sales@networldsports.com,441 691 683 807,www.networldsports.com,Arsenal Soccer Schools,United Kingdom
Eq-28,Net World Sports,Mini-buts d'entraînement,1746.16881918819,sales@networldsports.com,441 691 683 807,www.networldsports.com,Arsenal Soccer Schools,United Kingdom
Eq-28,Net World Sports,Plots de marquage,1746.16881918819,sales@networldsports.com,441 691 683 807,www.networldsports.com,Arsenal Soccer Schools,United Kingdom
Eq-28,Net World Sports,Sifflets d'arbitre,1746.16881918819,sales@networldsports.com,441 691 683 807,www.networldsports.com,Arsenal Soccer Schools,United Kingdom
Eq-28,Net World Sports,Mini-buts d'entraînement,1746.16881918819,sales@networldsports.com,441 691 683 807,www.networldsports.com,Arsenal Soccer Schools,United Kingdom
Eq-28,Net World Sports,Sifflets d'arbitre,1746.16881918819,sales@networldsports.com,441 691 683 807,www.networldsports.com,Arsenal Soccer Schools,United Kingdom
Eq-28,Net World Sports,Pompes à ballon,1746.16881918819,sales@networldsports.com,441 691 683 807,www.networldsports.com,Arsenal Soccer Schools,United Kingdom
Eq-29,Harrod Sport,Mini-buts d'entraînement,1746.16881918819,enquiries@harrod.uk.com,441 502 583 515,www.harrod.uk.com,No affiliated clients,United Kingdom
Eq-29,Harrod Sport,Piquets de slalom,1746.16881918819,enquiries@harrod.uk.com,441 502 583 515,www.harrod.uk.com,No affiliated clients,United Kingdom
Eq-29,Harrod Sport,Mini-buts d'entraînement,1746.16881918819,enquiries@harrod.uk.com,441 502 583 515,www.harrod.uk.com,No affiliated clients,United Kingdom
Eq-29,Harrod Sport,Cibles de précision,1746.16881918819,enquiries@harrod.uk.com,441 502 583 515,www.harrod.uk.com,No affiliated clients,United Kingdom
Eq-29,Harrod Sport,Chasubles,1746.16881918819,enquiries@harrod.uk.com,441 502 583 515,www.harrod.uk.com,No affiliated clients,United Kingdom
Eq-29,Harrod Sport,Buts de football,1746.16881918819,enquiries@harrod.uk.com,441 502 583 515,www.harrod.uk.com,No affiliated clients,United Kingdom
Eq-29,Harrod Sport,Plots de marquage,1746.16881918819,enquiries@harrod.uk.com,441 502 583 515,www.harrod.uk.com,No affiliated clients,United Kingdom
Eq-29,Harrod Sport,Tendeurs de filet,1746.16881918819,enquiries@harrod.uk.com,441 502 583 515,www.harrod.uk.com,No affiliated clients,United Kingdom
Eq-29,Harrod Sport,Plots de marquage,1746.16881918819,enquiries@harrod.uk.com,441 502 583 515,www.harrod.uk.com,No affiliated clients,United Kingdom
Eq-29,Harrod Sport,Élastiques d'entraînement,1746.16881918819,enquiries@harrod.uk.com,441 502 583 515,www.harrod.uk.com,No affiliated clients,United Kingdom
Eq-29,Harrod Sport,Chasubles,1746.16881918819,enquiries@harrod.uk.com,441 502 583 515,www.harrod.uk.com,No affiliated clients,United Kingdom
Eq-29,Harrod Sport,Pompes à ballon,1746.16881918819,enquiries@harrod.uk.com,441 502 583 515,www.harrod.uk.com,No affiliated clients,United Kingdom
Eq-29,Harrod Sport,Panneaux d'affichage de score,1746.16881918819,enquiries@harrod.uk.com,441 502 583 515,www.harrod.uk.com,No affiliated clients,United Kingdom
Eq-29,Harrod Sport,Buts de football,1746.16881918819,enquiries@harrod.uk.com,441 502 583 515,www.harrod.uk.com,No affiliated clients,United Kingdom
Eq-29,Harrod Sport,Pompes à ballon,1746.16881918819,enquiries@harrod.uk.com,441 502 583 515,www.harrod.uk.com,No affiliated clients,United Kingdom
Eq-30,Mark Harrod Ltd,Sifflets d'arbitre,1746.16881918819,sales@markharrod.com,441 539 720 500,www.markharrod.com,No affiliated clients,United Kingdom
Eq-30,Mark Harrod Ltd,Plots de marquage,1746.16881918819,sales@markharrod.com,441 539 720 500,www.markharrod.com,No affiliated clients,United Kingdom
Eq-30,Mark Harrod Ltd,Mini-buts d'entraînement,1746.16881918819,sales@markharrod.com,441 539 720 500,www.markharrod.com,No affiliated clients,United Kingdom
Eq-30,Mark Harrod Ltd,Élastiques d'entraînement,1746.16881918819,sales@markharrod.com,441 539 720 500,www.markharrod.com,No affiliated clients,United Kingdom
Eq-30,Mark Harrod Ltd,Plots de marquage,1746.16881918819,sales@markharrod.com,441 539 720 500,www.markharrod.com,No affiliated clients,United Kingdom
Eq-30,Mark Harrod Ltd,Mini-buts d'entraînement,1746.16881918819,sales@markharrod.com,441 539 720 500,www.markharrod.com,No affiliated clients,United Kingdom
Eq-30,Mark Harrod Ltd,Échelles de rythme,1746.16881918819,sales@markharrod.com,441 539 720 500,www.markharrod.com,No affiliated clients,United Kingdom
Eq-30,Mark Harrod Ltd,Échelles de rythme,1746.16881918819,sales@markharrod.com,441 539 720 500,www.markharrod.com,No affiliated clients,United Kingdom
Eq-30,Mark Harrod Ltd,Sac de transport pour ballons,1746.16881918819,sales@markharrod.com,441 539 720 500,www.markharrod.com,No affiliated clients,United Kingdom
Eq-30,Mark Harrod Ltd,Mini-buts d'entraînement,1746.16881918819,sales@markharrod.com,441 539 720 500,www.markharrod.com,No affiliated clients,United Kingdom
Eq-30,Mark Harrod Ltd,Tendeurs de filet,1746.16881918819,sales@markharrod.com,441 539 720 500,www.markharrod.com,No affiliated clients,United Kingdom
Eq-30,Mark Harrod Ltd,Buts de football,1746.16881918819,sales@markharrod.com,441 539 720 500,www.markharrod.com,No affiliated clients,United Kingdom
Eq-30,Mark Harrod Ltd,Piquets de slalom,1746.16881918819,sales@markharrod.com,441 539 720 500,www.markharrod.com,No affiliated clients,United Kingdom
Eq-30,Mark Harrod Ltd,Chasubles,1746.16881918819,sales@markharrod.com,441 539 720 500,www.markharrod.com,No affiliated clients,United Kingdom
Eq-30,Mark Harrod Ltd,Panneaux d'affichage de score,1746.16881918819,sales@markharrod.com,441 539 720 500,www.markharrod.com,No affiliated clients,United Kingdom
Eq-31,Sport-Thieme,Chasubles,1746.16881918819,info@sport-thieme.de,495 357 181 543,www.sport-thieme.com,No affiliated clients,Europe
Eq-31,Sport-Thieme,Panneaux d'affichage de score,1746.16881918819,info@sport-thieme.de,495 357 181 543,www.sport-thieme.com,No affiliated clients,Europe
Eq-31,Sport-Thieme,Cibles de précision,1746.16881918819,info@sport-thieme.de,495 357 181 543,www.sport-thieme.com,No affiliated clients,Europe
Eq-31,Sport-Thieme,Buts de football,1746.16881918819,info@sport-thieme.de,495 357 181 543,www.sport-thieme.com,No affiliated clients,Europe
Eq-31,Sport-Thieme,Élastiques d'entraînement,1746.16881918819,info@sport-thieme.de,495 357 181 543,www.sport-thieme.com,No affiliated clients,Europe
Eq-31,Sport-Thieme,Mâts de corner,1746.16881918819,info@sport-thieme.de,495 357 181 543,www.sport-thieme.com,No affiliated clients,Europe
Eq-31,Sport-Thieme,Piquets de slalom,1746.16881918819,info@sport-thieme.de,495 357 181 543,www.sport-thieme.com,No affiliated clients,Europe
Eq-31,Sport-Thieme,Mini-buts d'entraînement,1746.16881918819,info@sport-thieme.de,495 357 181 543,www.sport-thieme.com,No affiliated clients,Europe
Eq-31,Sport-Thieme,Mâts de corner,1746.16881918819,info@sport-thieme.de,495 357 181 543,www.sport-thieme.com,No affiliated clients,Europe
Eq-31,Sport-Thieme,Plots de marquage,1746.16881918819,info@sport-thieme.de,495 357 181 543,www.sport-thieme.com,No affiliated clients,Europe
Eq-31,Sport-Thieme,Mini-buts d'entraînement,1746.16881918819,info@sport-thieme.de,495 357 181 543,www.sport-thieme.com,No affiliated clients,Europe
Eq-31,Sport-Thieme,Mâts de corner,1746.16881918819,info@sport-thieme.de,495 357 181 543,www.sport-thieme.com,No affiliated clients,Europe
Eq-31,Sport-Thieme,Buts de football,1746.16881918819,info@sport-thieme.de,495 357 181 543,www.sport-thieme.com,No affiliated clients,Europe
Eq-31,Sport-Thieme,Échelles de rythme,1746.16881918819,info@sport-thieme.de,495 357 181 543,www.sport-thieme.com,No affiliated clients,Europe
Eq-31,Sport-Thieme,Panneaux d'affichage de score,1746.16881918819,info@sport-thieme.de,495 357 181 543,www.sport-thieme.com,No affiliated clients,Europe
Eq-32,Sure Shot,Buts de football,1746.16881918819,sales@sureshot.com,441 922 748 500,www.sureshot.co.uk,"Brentford FC ,FA Youth Cup",United Kingdom
Eq-32,Sure Shot,Filets de but,1746.16881918819,sales@sureshot.com,441 922 748 500,www.sureshot.co.uk,"Brentford FC ,FA Youth Cup",United Kingdom
Eq-32,Sure Shot,Plots de marquage,1746.16881918819,sales@sureshot.com,441 922 748 500,www.sureshot.co.uk,"Brentford FC ,FA Youth Cup",United Kingdom
Eq-32,Sure Shot,Mâts de corner,1746.16881918819,sales@sureshot.com,441 922 748 500,www.sureshot.co.uk,"Brentford FC ,FA Youth Cup",United Kingdom
Eq-32,Sure Shot,Sifflets d'arbitre,1746.16881918819,sales@sureshot.com,441 922 748 500,www.sureshot.co.uk,"Brentford FC ,FA Youth Cup",United Kingdom
Eq-32,Sure Shot,Filets de but,1746.16881918819,sales@sureshot.com,441 922 748 500,www.sureshot.co.uk,"Brentford FC ,FA Youth Cup",United Kingdom
Eq-32,Sure Shot,Filets de but,1746.16881918819,sales@sureshot.com,441 922 748 500,www.sureshot.co.uk,"Brentford FC ,FA Youth Cup",United Kingdom
Eq-32,Sure Shot,Filets de but,1746.16881918819,sales@sureshot.com,441 922 748 500,www.sureshot.co.uk,"Brentford FC ,FA Youth Cup",United Kingdom
Eq-32,Sure Shot,Élastiques d'entraînement,1746.16881918819,sales@sureshot.com,441 922 748 500,www.sureshot.co.uk,"Brentford FC ,FA Youth Cup",United Kingdom
Eq-32,Sure Shot,Piquets de slalom,1746.16881918819,sales@sureshot.com,441 922 748 500,www.sureshot.co.uk,"Brentford FC ,FA Youth Cup",United Kingdom
Eq-32,Sure Shot,Mâts de corner,1746.16881918819,sales@sureshot.com,441 922 748 500,www.sureshot.co.uk,"Brentford FC ,FA Youth Cup",United Kingdom
Eq-32,Sure Shot,Mini-buts d'entraînement,1746.16881918819,sales@sureshot.com,441 922 748 500,www.sureshot.co.uk,"Brentford FC ,FA Youth Cup",United Kingdom
Eq-32,Sure Shot,Tendeurs de filet,1746.16881918819,sales@sureshot.com,441 922 748 500,www.sureshot.co.uk,"Brentford FC ,FA Youth Cup",United Kingdom
Eq-32,Sure Shot,Tendeurs de filet,1746.16881918819,sales@sureshot.com,441 922 748 500,www.sureshot.co.uk,"Brentford FC ,FA Youth Cup",United Kingdom
Eq-32,Sure Shot,Panneaux d'affichage de score,1746.16881918819,sales@sureshot.com,441 922 748 500,www.sureshot.co.uk,"Brentford FC ,FA Youth Cup",United Kingdom
Eq-33,Alphasport,Plots de marquage,1746.16881918819,info@alphasport.fr,+33 1 39 97 79 79,www.alphasport.fr,No affiliated clients,France
Eq-33,Alphasport,Sifflets d'arbitre,1746.16881918819,info@alphasport.fr,+33 1 39 97 79 79,www.alphasport.fr,No affiliated clients,France
Eq-33,Alphasport,Filets de but,1746.16881918819,info@alphasport.fr,+33 1 39 97 79 79,www.alphasport.fr,No affiliated clients,France
Eq-33,Alphasport,Panneaux d'affichage de score,1746.16881918819,info@alphasport.fr,+33 1 39 97 79 79,www.alphasport.fr,No affiliated clients,France
Eq-33,Alphasport,Buts de football,1746.16881918819,info@alphasport.fr,+33 1 39 97 79 79,www.alphasport.fr,No affiliated clients,France
Eq-33,Alphasport,Buts de football,1746.16881918819,info@alphasport.fr,+33 1 39 97 79 79,www.alphasport.fr,No affiliated clients,France
Eq-33,Alphasport,Panneaux d'affichage de score,1746.16881918819,info@alphasport.fr,+33 1 39 97 79 79,www.alphasport.fr,No affiliated clients,France
Eq-33,Alphasport,Filets de but,1746.16881918819,info@alphasport.fr,+33 1 39 97 79 79,www.alphasport.fr,No affiliated clients,France
Eq-33,Alphasport,Échelles de rythme,1746.16881918819,info@alphasport.fr,+33 1 39 97 79 79,www.alphasport.fr,No affiliated clients,France
Eq-33,Alphasport,Échelles de rythme,1746.16881918819,info@alphasport.fr,+33 1 39 97 79 79,www.alphasport.fr,No affiliated clients,France
Eq-33,Alphasport,Chasubles,1746.16881918819,info@alphasport.fr,+33 1 39 97 79 79,www.alphasport.fr,No affiliated clients,France
Eq-33,Alphasport,Panneaux d'affichage de score,1746.16881918819,info@alphasport.fr,+33 1 39 97 79 79,www.alphasport.fr,No affiliated clients,France
Eq-33,Alphasport,Chasubles,1746.16881918819,info@alphasport.fr,+33 1 39 97 79 79,www.alphasport.fr,No affiliated clients,France
Eq-33,Alphasport,Cibles de précision,1746.16881918819,info@alphasport.fr,+33 1 39 97 79 79,www.alphasport.fr,No affiliated clients,France
Eq-33,Alphasport,Pompes à ballon,1746.16881918819,info@alphasport.fr,+33 1 39 97 79 79,www.alphasport.fr,No affiliated clients,France
Eq-34,Eurogoal,Chasubles,1746.16881918819,contact@eurogoal.com,+32 9 386 76 80,www.eurogoal.com,No affiliated clients,Europe
Eq-34,Eurogoal,Sac de transport pour ballons,1746.16881918819,contact@eurogoal.com,+32 9 386 76 80,www.eurogoal.com,No affiliated clients,Europe
Eq-34,Eurogoal,Piquets de slalom,1746.16881918819,contact@eurogoal.com,+32 9 386 76 80,www.eurogoal.com,No affiliated clients,Europe
Eq-34,Eurogoal,Échelles de rythme,1746.16881918819,contact@eurogoal.com,+32 9 386 76 80,www.eurogoal.com,No affiliated clients,Europe
Eq-34,Eurogoal,Plots de marquage,1746.16881918819,contact@eurogoal.com,+32 9 386 76 80,www.eurogoal.com,No affiliated clients,Europe
Eq-34,Eurogoal,Chasubles,1746.16881918819,contact@eurogoal.com,+32 9 386 76 80,www.eurogoal.com,No affiliated clients,Europe
Eq-34,Eurogoal,Élastiques d'entraînement,1746.16881918819,contact@eurogoal.com,+32 9 386 76 80,www.eurogoal.com,No affiliated clients,Europe
Eq-34,Eurogoal,Élastiques d'entraînement,1746.16881918819,contact@eurogoal.com,+32 9 386 76 80,www.eurogoal.com,No affiliated clients,Europe
Eq-34,Eurogoal,Filets de but,1746.16881918819,contact@eurogoal.com,+32 9 386 76 80,www.eurogoal.com,No affiliated clients,Europe
Eq-34,Eurogoal,Sifflets d'arbitre,1746.16881918819,contact@eurogoal.com,+32 9 386 76 80,www.eurogoal.com,No affiliated clients,Europe
Eq-34,Eurogoal,Buts de football,1746.16881918819,contact@eurogoal.com,+32 9 386 76 80,www.eurogoal.com,No affiliated clients,Europe
Eq-34,Eurogoal,Chasubles,1746.16881918819,contact@eurogoal.com,+32 9 386 76 80,www.eurogoal.com,No affiliated clients,Europe
Eq-34,Eurogoal,Chasubles,1746.16881918819,contact@eurogoal.com,+32 9 386 76 80,www.eurogoal.com,No affiliated clients,Europe
Eq-34,Eurogoal,Piquets de slalom,1746.16881918819,contact@eurogoal.com,+32 9 386 76 80,www.eurogoal.com,No affiliated clients,Europe
Eq-34,Eurogoal,Buts de football,1746.16881918819,contact@eurogoal.com,+32 9 386 76 80,www.eurogoal.com,No affiliated clients,Europe
Eq-35,Futbol Emotion,Cibles de précision,1746.16881918819,support@futbolemotion.com,34 876 769 898,www.futbolemotion.com,"FC Barcelona Futsal,Inter Movistar,Gerard Piqué ,Sergio Agüero","Spain, France, Portugal, Italy, United Kingdom, Tunisia, South Africa, Émirats Arabes Unis"
Eq-35,Futbol Emotion,Élastiques d'entraînement,1746.16881918819,support@futbolemotion.com,34 876 769 898,www.futbolemotion.com,"FC Barcelona Futsal,Inter Movistar,Gerard Piqué ,Sergio Agüero","Spain, France, Portugal, Italy, United Kingdom, Tunisia, South Africa, Émirats Arabes Unis"
Eq-35,Futbol Emotion,Buts de football,1746.16881918819,support@futbolemotion.com,34 876 769 898,www.futbolemotion.com,"FC Barcelona Futsal,Inter Movistar,Gerard Piqué ,Sergio Agüero","Spain, France, Portugal, Italy, United Kingdom, Tunisia, South Africa, Émirats Arabes Unis"
Eq-35,Futbol Emotion,Filets de but,1746.16881918819,support@futbolemotion.com,34 876 769 898,www.futbolemotion.com,"FC Barcelona Futsal,Inter Movistar,Gerard Piqué ,Sergio Agüero","Spain, France, Portugal, Italy, United Kingdom, Tunisia, South Africa, Émirats Arabes Unis"
Eq-35,Futbol Emotion,Mâts de corner,1746.16881918819,support@futbolemotion.com,34 876 769 898,www.futbolemotion.com,"FC Barcelona Futsal,Inter Movistar,Gerard Piqué ,Sergio Agüero","Spain, France, Portugal, Italy, United Kingdom, Tunisia, South Africa, Émirats Arabes Unis"
Eq-35,Futbol Emotion,Piquets de slalom,1746.16881918819,support@futbolemotion.com,34 876 769 898,www.futbolemotion.com,"FC Barcelona Futsal,Inter Movistar,Gerard Piqué ,Sergio Agüero","Spain, France, Portugal, Italy, United Kingdom, Tunisia, South Africa, Émirats Arabes Unis"
Eq-35,Futbol Emotion,Mini-buts d'entraînement,1746.16881918819,support@futbolemotion.com,34 876 769 898,www.futbolemotion.com,"FC Barcelona Futsal,Inter Movistar,Gerard Piqué ,Sergio Agüero","Spain, France, Portugal, Italy, United Kingdom, Tunisia, South Africa, Émirats Arabes Unis"
Eq-35,Futbol Emotion,Cibles de précision,1746.16881918819,support@futbolemotion.com,34 876 769 898,www.futbolemotion.com,"FC Barcelona Futsal,Inter Movistar,Gerard Piqué ,Sergio Agüero","Spain, France, Portugal, Italy, United Kingdom, Tunisia, South Africa, Émirats Arabes Unis"
Eq-35,Futbol Emotion,Chasubles,1746.16881918819,support@futbolemotion.com,34 876 769 898,www.futbolemotion.com,"FC Barcelona Futsal,Inter Movistar,Gerard Piqué ,Sergio Agüero","Spain, France, Portugal, Italy, United Kingdom, Tunisia, South Africa, Émirats Arabes Unis"
Eq-35,Futbol Emotion,Mini-buts d'entraînement,1746.16881918819,support@futbolemotion.com,34 876 769 898,www.futbolemotion.com,"FC Barcelona Futsal,Inter Movistar,Gerard Piqué ,Sergio Agüero","Spain, France, Portugal, Italy, United Kingdom, Tunisia, South Africa, Émirats Arabes Unis"
Eq-35,Futbol Emotion,Élastiques d'entraînement,1746.16881918819,support@futbolemotion.com,34 876 769 898,www.futbolemotion.com,"FC Barcelona Futsal,Inter Movistar,Gerard Piqué ,Sergio Agüero","Spain, France, Portugal, Italy, United Kingdom, Tunisia, South Africa, Émirats Arabes Unis"
Eq-35,Futbol Emotion,Filets de but,1746.16881918819,support@futbolemotion.com,34 876 769 898,www.futbolemotion.com,"FC Barcelona Futsal,Inter Movistar,Gerard Piqué ,Sergio Agüero","Spain, France, Portugal, Italy, United Kingdom, Tunisia, South Africa, Émirats Arabes Unis"
Eq-35,Futbol Emotion,Sac de transport pour ballons,1746.16881918819,support@futbolemotion.com,34 876 769 898,www.futbolemotion.com,"FC Barcelona Futsal,Inter Movistar,Gerard Piqué ,Sergio Agüero","Spain, France, Portugal, Italy, United Kingdom, Tunisia, South Africa, Émirats Arabes Unis"
Eq-35,Futbol Emotion,Mâts de corner,1746.16881918819,support@futbolemotion.com,34 876 769 898,www.futbolemotion.com,"FC Barcelona Futsal,Inter Movistar,Gerard Piqué ,Sergio Agüero","Spain, France, Portugal, Italy, United Kingdom, Tunisia, South Africa, Émirats Arabes Unis"
Eq-35,Futbol Emotion,Sifflets d'arbitre,1746.16881918819,support@futbolemotion.com,34 876 769 898,www.futbolemotion.com,"FC Barcelona Futsal,Inter Movistar,Gerard Piqué ,Sergio Agüero","Spain, France, Portugal, Italy, United Kingdom, Tunisia, South Africa, Émirats Arabes Unis"
Eq-36,Polanik,Cibles de précision,1746.16881918819,info@polanik.com,+48 44 615 12 00,www.polanik.com,Not provided,Not provided
Eq-36,Polanik,Piquets de slalom,1746.16881918819,info@polanik.com,+48 44 615 12 00,www.polanik.com,Not provided,Not provided
Eq-36,Polanik,Cibles de précision,1746.16881918819,info@polanik.com,+48 44 615 12 00,www.polanik.com,Not provided,Not provided
Eq-36,Polanik,Pompes à ballon,1746.16881918819,info@polanik.com,+48 44 615 12 00,www.polanik.com,Not provided,Not provided
Eq-36,Polanik,Buts de football,1746.16881918819,info@polanik.com,+48 44 615 12 00,www.polanik.com,Not provided,Not provided
Eq-36,Polanik,Pompes à ballon,1746.16881918819,info@polanik.com,+48 44 615 12 00,www.polanik.com,Not provided,Not provided
Eq-36,Polanik,Panneaux d'affichage de score,1746.16881918819,info@polanik.com,+48 44 615 12 00,www.polanik.com,Not provided,Not provided
Eq-36,Polanik,Mini-buts d'entraînement,1746.16881918819,info@polanik.com,+48 44 615 12 00,www.polanik.com,Not provided,Not provided
Eq-36,Polanik,Élastiques d'entraînement,1746.16881918819,info@polanik.com,+48 44 615 12 00,www.polanik.com,Not provided,Not provided
Eq-36,Polanik,Mini-buts d'entraînement,1746.16881918819,info@polanik.com,+48 44 615 12 00,www.polanik.com,Not provided,Not provided
Eq-36,Polanik,Mâts de corner,1746.16881918819,info@polanik.com,+48 44 615 12 00,www.polanik.com,Not provided,Not provided
Eq-36,Polanik,Plots de marquage,1746.16881918819,info@polanik.com,+48 44 615 12 00,www.polanik.com,Not provided,Not provided
Eq-36,Polanik,Cibles de précision,1746.16881918819,info@polanik.com,+48 44 615 12 00,www.polanik.com,Not provided,Not provided
Eq-36,Polanik,Cibles de précision,1746.16881918819,info@polanik.com,+48 44 615 12 00,www.polanik.com,Not provided,Not provided
Eq-36,Polanik,Tendeurs de filet,1746.16881918819,info@polanik.com,+48 44 615 12 00,www.polanik.com,Not provided,Not provided
Eq-37,Powershot,Pompes à ballon,1746.16881918819,support@powershot.com,49 711 789 678,www.powershot.com,Not provided,Not provided
Eq-37,Powershot,Chasubles,1746.16881918819,support@powershot.com,49 711 789 678,www.powershot.com,Not provided,Not provided
Eq-37,Powershot,Sifflets d'arbitre,1746.16881918819,support@powershot.com,49 711 789 678,www.powershot.com,Not provided,Not provided
Eq-37,Powershot,Pompes à ballon,1746.16881918819,support@powershot.com,49 711 789 678,www.powershot.com,Not provided,Not provided
Eq-37,Powershot,Tendeurs de filet,1746.16881918819,support@powershot.com,49 711 789 678,www.powershot.com,Not provided,Not provided
Eq-37,Powershot,Tendeurs de filet,1746.16881918819,support@powershot.com,49 711 789 678,www.powershot.com,Not provided,Not provided
Eq-37,Powershot,Sac de transport pour ballons,1746.16881918819,support@powershot.com,49 711 789 678,www.powershot.com,Not provided,Not provided
Eq-37,Powershot,Pompes à ballon,1746.16881918819,support@powershot.com,49 711 789 678,www.powershot.com,Not provided,Not provided
Eq-37,Powershot,Filets de but,1746.16881918819,support@powershot.com,49 711 789 678,www.powershot.com,Not provided,Not provided
Eq-37,Powershot,Panneaux d'affichage de score,1746.16881918819,support@powershot.com,49 711 789 678,www.powershot.com,Not provided,Not provided
Eq-37,Powershot,Buts de football,1746.16881918819,support@powershot.com,49 711 789 678,www.powershot.com,Not provided,Not provided
Eq-37,Powershot,Panneaux d'affichage de score,1746.16881918819,support@powershot.com,49 711 789 678,www.powershot.com,Not provided,Not provided
Eq-37,Powershot,Mini-buts d'entraînement,1746.16881918819,support@powershot.com,49 711 789 678,www.powershot.com,Not provided,Not provided
Eq-37,Powershot,Buts de football,1746.16881918819,support@powershot.com,49 711 789 678,www.powershot.com,Not provided,Not provided
Eq-37,Powershot,Échelles de rythme,1746.16881918819,support@powershot.com,49 711 789 678,www.powershot.com,Not provided,Not provided
Eq-38,Tressport,Panneaux d'affichage de score,1746.16881918819,info@tressport.com,+33 4 75 55 33 22,www.tressport.com,Not provided,Not provided
Eq-38,Tressport,Mâts de corner,1746.16881918819,info@tressport.com,+33 4 75 55 33 22,www.tressport.com,Not provided,Not provided
Eq-38,Tressport,Sifflets d'arbitre,1746.16881918819,info@tressport.com,+33 4 75 55 33 22,www.tressport.com,Not provided,Not provided
Eq-38,Tressport,Échelles de rythme,1746.16881918819,info@tressport.com,+33 4 75 55 33 22,www.tressport.com,Not provided,Not provided
Eq-38,Tressport,Mini-buts d'entraînement,1746.16881918819,info@tressport.com,+33 4 75 55 33 22,www.tressport.com,Not provided,Not provided
Eq-38,Tressport,Piquets de slalom,1746.16881918819,info@tressport.com,+33 4 75 55 33 22,www.tressport.com,Not provided,Not provided
Eq-38,Tressport,Sifflets d'arbitre,1746.16881918819,info@tressport.com,+33 4 75 55 33 22,www.tressport.com,Not provided,Not provided
Eq-38,Tressport,Élastiques d'entraînement,1746.16881918819,info@tressport.com,+33 4 75 55 33 22,www.tressport.com,Not provided,Not provided
Eq-38,Tressport,Échelles de rythme,1746.16881918819,info@tressport.com,+33 4 75 55 33 22,www.tressport.com,Not provided,Not provided
Eq-38,Tressport,Filets de but,1746.16881918819,info@tressport.com,+33 4 75 55 33 22,www.tressport.com,Not provided,Not provided
Eq-38,Tressport,Filets de but,1746.16881918819,info@tressport.com,+33 4 75 55 33 22,www.tressport.com,Not provided,Not provided
Eq-38,Tressport,Mâts de corner,1746.16881918819,info@tressport.com,+33 4 75 55 33 22,www.tressport.com,Not provided,Not provided
Eq-38,Tressport,Sifflets d'arbitre,1746.16881918819,info@tressport.com,+33 4 75 55 33 22,www.tressport.com,Not provided,Not provided
Eq-38,Tressport,Mini-buts d'entraînement,1746.16881918819,info@tressport.com,+33 4 75 55 33 22,www.tressport.com,Not provided,Not provided
Eq-38,Tressport,Sac de transport pour ballons,1746.16881918819,info@tressport.com,+33 4 75 55 33 22,www.tressport.com,Not provided,Not provided
Eq-39,Capelli Sport,Sac de transport pour ballons,1746.16881918819,contact@vicis.com,18 776 424 327,www.capellisport.com,"AEK Athènes,Grasshopper Club Zurich,Pogo? Szczecin,VfL Osnabrück,London City Lionesses,HB Køge ,Colorado Switchbacks, Charlotte Independence, Rhode Island FC, Tampa Bay Sun FC , Carolina Ascent","United States, Canada, United Kingdom, France, Germany, Spain, Italy, Netherlands, Scandinavia, Brazil, Argentina, Chile, Japan, China, Ivory Coast"
Eq-39,Capelli Sport,Tendeurs de filet,1746.16881918819,customerservice@capellisport.com,18 776 424 327,www.capellisport.com,"AEK Athènes,Grasshopper Club Zurich,Pogo? Szczecin,VfL Osnabrück,London City Lionesses,HB Køge ,Colorado Switchbacks, Charlotte Independence, Rhode Island FC, Tampa Bay Sun FC , Carolina Ascent","United States, Canada, United Kingdom, France, Germany, Spain, Italy, Netherlands, Scandinavia, Brazil, Argentina, Chile, Japan, China, Ivory Coast"
Eq-39,Capelli Sport,Chasubles,1746.16881918819,customerservice@capellisport.com,18 776 424 327,www.capellisport.com,"AEK Athènes,Grasshopper Club Zurich,Pogo? Szczecin,VfL Osnabrück,London City Lionesses,HB Køge ,Colorado Switchbacks, Charlotte Independence, Rhode Island FC, Tampa Bay Sun FC , Carolina Ascent","United States, Canada, United Kingdom, France, Germany, Spain, Italy, Netherlands, Scandinavia, Brazil, Argentina, Chile, Japan, China, Ivory Coast"
Eq-39,Capelli Sport,Panneaux d'affichage de score,1746.16881918819,customerservice@capellisport.com,18 776 424 327,www.capellisport.com,"AEK Athènes,Grasshopper Club Zurich,Pogo? Szczecin,VfL Osnabrück,London City Lionesses,HB Køge ,Colorado Switchbacks, Charlotte Independence, Rhode Island FC, Tampa Bay Sun FC , Carolina Ascent","United States, Canada, United Kingdom, France, Germany, Spain, Italy, Netherlands, Scandinavia, Brazil, Argentina, Chile, Japan, China, Ivory Coast"
Eq-39,Capelli Sport,Buts de football,1746.16881918819,customerservice@capellisport.com,18 776 424 327,www.capellisport.com,"AEK Athènes,Grasshopper Club Zurich,Pogo? Szczecin,VfL Osnabrück,London City Lionesses,HB Køge ,Colorado Switchbacks, Charlotte Independence, Rhode Island FC, Tampa Bay Sun FC , Carolina Ascent","United States, Canada, United Kingdom, France, Germany, Spain, Italy, Netherlands, Scandinavia, Brazil, Argentina, Chile, Japan, China, Ivory Coast"
Eq-39,Capelli Sport,Cibles de précision,1746.16881918819,customerservice@capellisport.com,18 776 424 327,www.capellisport.com,"AEK Athènes,Grasshopper Club Zurich,Pogo? Szczecin,VfL Osnabrück,London City Lionesses,HB Køge ,Colorado Switchbacks, Charlotte Independence, Rhode Island FC, Tampa Bay Sun FC , Carolina Ascent","United States, Canada, United Kingdom, France, Germany, Spain, Italy, Netherlands, Scandinavia, Brazil, Argentina, Chile, Japan, China, Ivory Coast"
Eq-39,Capelli Sport,Échelles de rythme,1746.16881918819,customerservice@capellisport.com,18 776 424 327,www.capellisport.com,"AEK Athènes,Grasshopper Club Zurich,Pogo? Szczecin,VfL Osnabrück,London City Lionesses,HB Køge ,Colorado Switchbacks, Charlotte Independence, Rhode Island FC, Tampa Bay Sun FC , Carolina Ascent","United States, Canada, United Kingdom, France, Germany, Spain, Italy, Netherlands, Scandinavia, Brazil, Argentina, Chile, Japan, China, Ivory Coast"
Eq-39,Capelli Sport,Cibles de précision,1746.16881918819,customerservice@capellisport.com,18 776 424 327,www.capellisport.com,"AEK Athènes,Grasshopper Club Zurich,Pogo? Szczecin,VfL Osnabrück,London City Lionesses,HB Køge ,Colorado Switchbacks, Charlotte Independence, Rhode Island FC, Tampa Bay Sun FC , Carolina Ascent","United States, Canada, United Kingdom, France, Germany, Spain, Italy, Netherlands, Scandinavia, Brazil, Argentina, Chile, Japan, China, Ivory Coast"
Eq-39,Capelli Sport,Piquets de slalom,1746.16881918819,customerservice@capellisport.com,18 776 424 327,www.capellisport.com,"AEK Athènes,Grasshopper Club Zurich,Pogo? Szczecin,VfL Osnabrück,London City Lionesses,HB Køge ,Colorado Switchbacks, Charlotte Independence, Rhode Island FC, Tampa Bay Sun FC , Carolina Ascent","United States, Canada, United Kingdom, France, Germany, Spain, Italy, Netherlands, Scandinavia, Brazil, Argentina, Chile, Japan, China, Ivory Coast"
Eq-39,Capelli Sport,Élastiques d'entraînement,1746.16881918819,customerservice@capellisport.com,18 776 424 327,www.capellisport.com,"AEK Athènes,Grasshopper Club Zurich,Pogo? Szczecin,VfL Osnabrück,London City Lionesses,HB Køge ,Colorado Switchbacks, Charlotte Independence, Rhode Island FC, Tampa Bay Sun FC , Carolina Ascent","United States, Canada, United Kingdom, France, Germany, Spain, Italy, Netherlands, Scandinavia, Brazil, Argentina, Chile, Japan, China, Ivory Coast"
Eq-39,Capelli Sport,Filets de but,1746.16881918819,customerservice@capellisport.com,18 776 424 327,www.capellisport.com,"AEK Athènes,Grasshopper Club Zurich,Pogo? Szczecin,VfL Osnabrück,London City Lionesses,HB Køge ,Colorado Switchbacks, Charlotte Independence, Rhode Island FC, Tampa Bay Sun FC , Carolina Ascent","United States, Canada, United Kingdom, France, Germany, Spain, Italy, Netherlands, Scandinavia, Brazil, Argentina, Chile, Japan, China, Ivory Coast"
Eq-39,Capelli Sport,Piquets de slalom,1746.16881918819,customerservice@capellisport.com,18 776 424 327,www.capellisport.com,"AEK Athènes,Grasshopper Club Zurich,Pogo? Szczecin,VfL Osnabrück,London City Lionesses,HB Køge ,Colorado Switchbacks, Charlotte Independence, Rhode Island FC, Tampa Bay Sun FC , Carolina Ascent","United States, Canada, United Kingdom, France, Germany, Spain, Italy, Netherlands, Scandinavia, Brazil, Argentina, Chile, Japan, China, Ivory Coast"
Eq-39,Capelli Sport,Filets de but,1746.16881918819,customerservice@capellisport.com,18 776 424 327,www.capellisport.com,"AEK Athènes,Grasshopper Club Zurich,Pogo? Szczecin,VfL Osnabrück,London City Lionesses,HB Køge ,Colorado Switchbacks, Charlotte Independence, Rhode Island FC, Tampa Bay Sun FC , Carolina Ascent","United States, Canada, United Kingdom, France, Germany, Spain, Italy, Netherlands, Scandinavia, Brazil, Argentina, Chile, Japan, China, Ivory Coast"
Eq-39,Capelli Sport,Filets de but,1746.16881918819,customerservice@capellisport.com,18 776 424 327,www.capellisport.com,"AEK Athènes,Grasshopper Club Zurich,Pogo? Szczecin,VfL Osnabrück,London City Lionesses,HB Køge ,Colorado Switchbacks, Charlotte Independence, Rhode Island FC, Tampa Bay Sun FC , Carolina Ascent","United States, Canada, United Kingdom, France, Germany, Spain, Italy, Netherlands, Scandinavia, Brazil, Argentina, Chile, Japan, China, Ivory Coast"
Eq-39,Capelli Sport,Panneaux d'affichage de score,1746.16881918819,customerservice@capellisport.com,18 776 424 327,www.capellisport.com,"AEK Athènes,Grasshopper Club Zurich,Pogo? Szczecin,VfL Osnabrück,London City Lionesses,HB Køge ,Colorado Switchbacks, Charlotte Independence, Rhode Island FC, Tampa Bay Sun FC , Carolina Ascent","United States, Canada, United Kingdom, France, Germany, Spain, Italy, Netherlands, Scandinavia, Brazil, Argentina, Chile, Japan, China, Ivory Coast"
Eq-40,Kwik Goal,Pompes à ballon,1746.16881918819,info@kwikgoal.com,18 005 314 252,www.kwikgoal.com,U.S. Soccer,"United States, Canada, United Kingdom, South Africa, Nigeria, Kenya, Ghana, Egypt"
Eq-40,Kwik Goal,Sifflets d'arbitre,1746.16881918819,info@kwikgoal.com,18 005 314 252,www.kwikgoal.com,U.S. Soccer,"United States, Canada, United Kingdom, South Africa, Nigeria, Kenya, Ghana, Egypt"
Eq-40,Kwik Goal,Échelles de rythme,1746.16881918819,info@kwikgoal.com,18 005 314 252,www.kwikgoal.com,U.S. Soccer,"United States, Canada, United Kingdom, South Africa, Nigeria, Kenya, Ghana, Egypt"
Eq-40,Kwik Goal,Buts de football,1746.16881918819,info@kwikgoal.com,18 005 314 252,www.kwikgoal.com,U.S. Soccer,"United States, Canada, United Kingdom, South Africa, Nigeria, Kenya, Ghana, Egypt"
Eq-40,Kwik Goal,Filets de but,1746.16881918819,info@kwikgoal.com,18 005 314 252,www.kwikgoal.com,U.S. Soccer,"United States, Canada, United Kingdom, South Africa, Nigeria, Kenya, Ghana, Egypt"
Eq-40,Kwik Goal,Piquets de slalom,1746.16881918819,info@kwikgoal.com,18 005 314 252,www.kwikgoal.com,U.S. Soccer,"United States, Canada, United Kingdom, South Africa, Nigeria, Kenya, Ghana, Egypt"
Eq-40,Kwik Goal,Tendeurs de filet,1746.16881918819,info@kwikgoal.com,18 005 314 252,www.kwikgoal.com,U.S. Soccer,"United States, Canada, United Kingdom, South Africa, Nigeria, Kenya, Ghana, Egypt"
Eq-40,Kwik Goal,Tendeurs de filet,1746.16881918819,info@kwikgoal.com,18 005 314 252,www.kwikgoal.com,U.S. Soccer,"United States, Canada, United Kingdom, South Africa, Nigeria, Kenya, Ghana, Egypt"
Eq-40,Kwik Goal,Cibles de précision,1746.16881918819,info@kwikgoal.com,18 005 314 252,www.kwikgoal.com,U.S. Soccer,"United States, Canada, United Kingdom, South Africa, Nigeria, Kenya, Ghana, Egypt"
Eq-40,Kwik Goal,Élastiques d'entraînement,1746.16881918819,info@kwikgoal.com,18 005 314 252,www.kwikgoal.com,U.S. Soccer,"United States, Canada, United Kingdom, South Africa, Nigeria, Kenya, Ghana, Egypt"
Eq-40,Kwik Goal,Sifflets d'arbitre,1746.16881918819,info@kwikgoal.com,18 005 314 252,www.kwikgoal.com,U.S. Soccer,"United States, Canada, United Kingdom, South Africa, Nigeria, Kenya, Ghana, Egypt"
Eq-40,Kwik Goal,Filets de but,1746.16881918819,info@kwikgoal.com,18 005 314 252,www.kwikgoal.com,U.S. Soccer,"United States, Canada, United Kingdom, South Africa, Nigeria, Kenya, Ghana, Egypt"
Eq-40,Kwik Goal,Piquets de slalom,1746.16881918819,info@kwikgoal.com,18 005 314 252,www.kwikgoal.com,U.S. Soccer,"United States, Canada, United Kingdom, South Africa, Nigeria, Kenya, Ghana, Egypt"
Eq-40,Kwik Goal,Buts de football,1746.16881918819,info@kwikgoal.com,18 005 314 252,www.kwikgoal.com,U.S. Soccer,"United States, Canada, United Kingdom, South Africa, Nigeria, Kenya, Ghana, Egypt"
Eq-40,Kwik Goal,Mâts de corner,1746.16881918819,info@kwikgoal.com,18 005 314 252,www.kwikgoal.com,U.S. Soccer,"United States, Canada, United Kingdom, South Africa, Nigeria, Kenya, Ghana, Egypt"
