person,function,functionGroup,since,contractUntil,certifications,years_experience,notable_achievements,coaching_philosophy,contact_email,phone_number,profile_rating,availability_status
Pitso Mosimane (South Africa),Head Coach,Coaching Staff,2022-02-26,2027-02-17,FIFA Elite Coach Certificate,11,Coach of the Year Award,Possession-based tactical approach,pitso.mosimane@footballstaff.com,+225727559740,3.71,True
Quinton Fortune (South Africa),Assistant Coach,Coaching Staff,2022-02-26,2025-01-28,"CAF B License, UEFA A License, Advanced Tactical Analysis Certificate",7,Technical Achievement,"High-intensity, dynamic football",quinton.fortune@footballstaff.com,+212210184467,4.57,False
Moustafa Hadji (Morocco),Assistant Coach,Coaching Staff,2024-02-18,2026-09-21,"Advanced Tactical Analysis Certificate, CAF B License",10,Assistant Coach of the Year,Balance between defense and attack,moustafa.hadji@footballstaff.com,+234396284219,4.43,True
Moustafa Hadji (Morocco),Assistant Coach,Coaching Staff,2025-05-29,2026-02-17,"Advanced Tactical Analysis Certificate, UEFA A License",23,Development Excellence,Attacking football with high pressing,moustafa.hadji@footballstaff.com,+20707454006,3.76,True
Thomas N'Kono (Cameroon),Goalkeeper Coach,Coaching Staff,2022-03-02,2023-02-17,UEFA GK A License,10,Best GK Coach Award,Traditional African football with modern elements,thomas.n'kono@footballstaff.com,+20335105211,4.38,False
Yaya Touré (Ivory Coast),Fitness Coach,Coaching Staff,2022-02-26,2027-02-17,"Sports Science Degree, UEFA Strength & Conditioning License",13,Performance Achievement,Attacking football with high pressing,yaya.touré@footballstaff.com,+225611276103,3.77,True
Lucas Radebe (South Africa),Video Analyst,Coaching Staff,2023-02-18,2025-05-04,"Performance Analysis Certificate, Sports Data Analytics Degree",7,Analysis Excellence Award,Attacking football with high pressing,lucas.radebe@footballstaff.com,+225328227160,3.94,False
Mohamed Kallon (Sierra Leone),Sporting Director,Management,2015-02-18,2028-02-17,"FIFA Management Certificate, Sports Administration",22,Best Development Program,Youth development focus with modern methods,mohamed.kallon@footballstaff.com,+225648821077,5.0,True
Ahmad Ahmad (Madagascar),President,Board,2016-02-26,2018-03-09,"Basic Coaching Certificate, Basic Coaching Certificate",18,Professional Excellence Award,Possession-based tactical approach,ahmad.ahmad@footballstaff.com,+225107455741,3.8,True
Roger Milla (Cameroon),Chairman,Board,2021-05-04,2023-11-08,"Basic Coaching Certificate, Basic Coaching Certificate, Basic Coaching Certificate",14,Professional Excellence Award,Traditional African football with modern elements,roger.milla@footballstaff.com,+225724680465,3.76,True
Moustafa Hadji (Morocco),Assistant Coach,Board,2021-05-04,2023-07-07,"Advanced Tactical Analysis Certificate, CAF B License, UEFA A License",23,Assistant Coach of the Year,"High-intensity, dynamic football",moustafa.hadji@footballstaff.com,+27377421646,3.6,True
Rigobert Song (Cameroon),Assistant Coach,Board,2021-05-21,2024-02-18,UEFA A License,5,Development Excellence,Possession-based tactical approach,rigobert.song@footballstaff.com,+225617089864,3.65,False
Aziz Bennani (Morocco),Owner,Board,2018-04-14,2021-04-04,Basic Coaching Certificate,25,Professional Excellence Award,Balance between defense and attack,aziz.bennani@footballstaff.com,+20570984352,4.45,False
Didier Drogba (Ivory Coast),Owner,Board,2018-04-15,2021-04-05,"Basic Coaching Certificate, Basic Coaching Certificate, Basic Coaching Certificate",7,Professional Excellence Award,"High-intensity, dynamic football",didier.drogba@footballstaff.com,+27744371664,4.97,True
Didier Drogba (Ivory Coast),Owner,Board,2021-04-17,2023-04-29,"Basic Coaching Certificate, Basic Coaching Certificate, Basic Coaching Certificate",13,Professional Excellence Award,Youth development focus with modern methods,didier.drogba@footballstaff.com,+27593777400,4.28,True
Christopher Samba (Congo),Advisor,Board,2023-01-19,2025-03-19,Basic Coaching Certificate,5,Professional Excellence Award,Balance between defense and attack,christopher.samba@footballstaff.com,+225411562718,4.9,True
Benni McCarthy (South Africa),Chief Scout,Coaching Staff,2021-02-18,2023-09-22,Talent Identification Certificate,23,Scouting Excellence Award,Traditional African football with modern elements,benni.mccarthy@footballstaff.com,+212298980059,4.45,True
Radhi Jaïdi (Tunisia),Youth Scout,Coaching Staff,2023-03-14,2025-02-17,Youth Development Badge,5,Future Talent Award,"High-intensity, dynamic football",radhi.jaïdi@footballstaff.com,+212387851725,3.87,True
Rigobert Song (Cameroon),Assistant Coach,Coaching Staff,2023-04-21,2026-01-24,CAF B License,16,Development Excellence,"High-intensity, dynamic football",rigobert.song@footballstaff.com,+234446980266,4.81,False
Badou Zaki (Morocco),Team Coordinator,Coaching Staff,2017-02-18,2019-05-05,"Basic Coaching Certificate, Basic Coaching Certificate, Basic Coaching Certificate",14,Professional Excellence Award,Balance between defense and attack,badou.zaki@footballstaff.com,+225208110128,3.88,False
Stephen Keshi (Nigeria),Team Coordinator,Coaching Staff,2019-02-18,2021-02-22,"Basic Coaching Certificate, Basic Coaching Certificate",9,Professional Excellence Award,Possession-based tactical approach,stephen.keshi@footballstaff.com,+20219320279,3.77,True
Pitso Mosimane (South Africa),Head Coach,Coaching Staff,2021-12-29,2026-12-20,FIFA Elite Coach Certificate,11,Coach of the Year Award,Possession-based tactical approach,pitso.mosimane@footballstaff.com,+225727559740,4.11,True
Quinton Fortune (South Africa),Assistant Coach,Coaching Staff,2021-12-29,2024-11-30,"CAF B License, UEFA A License, Advanced Tactical Analysis Certificate",6,Technical Achievement,"High-intensity, dynamic football",quinton.fortune@footballstaff.com,+212210184467,4.46,True
Moustafa Hadji (Morocco),Assistant Coach,Coaching Staff,2023-12-21,2026-07-24,"Advanced Tactical Analysis Certificate, CAF B License",10,Assistant Coach of the Year,Balance between defense and attack,moustafa.hadji@footballstaff.com,+234396284219,4.21,False
Moustafa Hadji (Morocco),Assistant Coach,Coaching Staff,2025-03-31,2025-12-20,"Advanced Tactical Analysis Certificate, UEFA A License",21,Development Excellence,Attacking football with high pressing,moustafa.hadji@footballstaff.com,+20707454006,3.5,True
Thomas N'Kono (Cameroon),Goalkeeper Coach,Coaching Staff,2022-01-02,2022-12-20,UEFA GK A License,11,Best GK Coach Award,Traditional African football with modern elements,thomas.n'kono@footballstaff.com,+20335105211,4.06,False
Yaya Touré (Ivory Coast),Fitness Coach,Coaching Staff,2021-12-29,2026-12-20,"Sports Science Degree, UEFA Strength & Conditioning License",12,Performance Achievement,Attacking football with high pressing,yaya.touré@footballstaff.com,+225611276103,3.9,False
Lucas Radebe (South Africa),Video Analyst,Coaching Staff,2022-12-21,2025-03-06,"Performance Analysis Certificate, Sports Data Analytics Degree",6,Analysis Excellence Award,Attacking football with high pressing,lucas.radebe@footballstaff.com,+225328227160,3.95,False
Mohamed Kallon (Sierra Leone),Sporting Director,Management,2014-12-21,2027-12-20,"FIFA Management Certificate, Sports Administration",21,Best Development Program,Youth development focus with modern methods,mohamed.kallon@footballstaff.com,+225648821077,4.69,True
Ahmad Ahmad (Madagascar),President,Board,2015-12-29,2018-01-09,"Basic Coaching Certificate, Basic Coaching Certificate",17,Professional Excellence Award,Possession-based tactical approach,ahmad.ahmad@footballstaff.com,+225107455741,3.99,False
Roger Milla (Cameroon),Chairman,Board,2021-03-06,2023-09-10,"Basic Coaching Certificate, Basic Coaching Certificate, Basic Coaching Certificate",12,Professional Excellence Award,Traditional African football with modern elements,roger.milla@footballstaff.com,+225724680465,3.77,False
Moustafa Hadji (Morocco),Assistant Coach,Board,2021-03-06,2023-05-09,"Advanced Tactical Analysis Certificate, CAF B License, UEFA A License",21,Assistant Coach of the Year,"High-intensity, dynamic football",moustafa.hadji@footballstaff.com,+27377421646,3.83,True
Rigobert Song (Cameroon),Assistant Coach,Board,2021-03-23,2023-12-21,UEFA A License,4,Development Excellence,Possession-based tactical approach,rigobert.song@footballstaff.com,+225617089864,3.5,False
Aziz Bennani (Morocco),Owner,Board,2018-02-14,2021-02-04,Basic Coaching Certificate,24,Professional Excellence Award,Balance between defense and attack,aziz.bennani@footballstaff.com,+20570984352,4.78,True
Didier Drogba (Ivory Coast),Owner,Board,2018-02-15,2021-02-05,"Basic Coaching Certificate, Basic Coaching Certificate, Basic Coaching Certificate",8,Professional Excellence Award,"High-intensity, dynamic football",didier.drogba@footballstaff.com,+27744371664,4.68,True
Didier Drogba (Ivory Coast),Owner,Board,2021-02-17,2023-03-01,"Basic Coaching Certificate, Basic Coaching Certificate, Basic Coaching Certificate",17,Professional Excellence Award,Youth development focus with modern methods,didier.drogba@footballstaff.com,+27593777400,4.59,False
Christopher Samba (Congo),Advisor,Board,2022-11-21,2025-01-19,Basic Coaching Certificate,9,Professional Excellence Award,Balance between defense and attack,christopher.samba@footballstaff.com,+225411562718,4.46,True
Benni McCarthy (South Africa),Chief Scout,Coaching Staff,2020-12-21,2023-07-25,Talent Identification Certificate,23,Scouting Excellence Award,Traditional African football with modern elements,benni.mccarthy@footballstaff.com,+212298980059,4.16,False
Radhi Jaïdi (Tunisia),Youth Scout,Coaching Staff,2023-01-14,2024-12-20,Youth Development Badge,4,Future Talent Award,"High-intensity, dynamic football",radhi.jaïdi@footballstaff.com,+212387851725,3.57,False
Rigobert Song (Cameroon),Assistant Coach,Coaching Staff,2023-02-21,2025-11-26,CAF B License,15,Development Excellence,"High-intensity, dynamic football",rigobert.song@footballstaff.com,+234446980266,4.77,True
Badou Zaki (Morocco),Team Coordinator,Coaching Staff,2016-12-21,2019-03-07,"Basic Coaching Certificate, Basic Coaching Certificate, Basic Coaching Certificate",13,Professional Excellence Award,Balance between defense and attack,badou.zaki@footballstaff.com,+225208110128,3.91,True
Stephen Keshi (Nigeria),Team Coordinator,Coaching Staff,2018-12-21,2020-12-25,"Basic Coaching Certificate, Basic Coaching Certificate",6,Professional Excellence Award,Possession-based tactical approach,stephen.keshi@footballstaff.com,+20219320279,4.03,True
Pitso Mosimane (South Africa),Head Coach,Coaching Staff,2021-01-30,2026-01-21,FIFA Elite Coach Certificate,15,Coach of the Year Award,Possession-based tactical approach,pitso.mosimane@footballstaff.com,+225727559740,3.86,False
Quinton Fortune (South Africa),Assistant Coach,Coaching Staff,2021-01-30,2024-01-02,"CAF B License, UEFA A License, Advanced Tactical Analysis Certificate",6,Technical Achievement,"High-intensity, dynamic football",quinton.fortune@footballstaff.com,+212210184467,4.71,True
Moustafa Hadji (Morocco),Assistant Coach,Coaching Staff,2023-01-22,2025-08-25,"Advanced Tactical Analysis Certificate, CAF B License",14,Assistant Coach of the Year,Balance between defense and attack,moustafa.hadji@footballstaff.com,+234396284219,4.13,False
Moustafa Hadji (Morocco),Assistant Coach,Coaching Staff,2024-05-02,2025-01-21,"Advanced Tactical Analysis Certificate, UEFA A License",22,Development Excellence,Attacking football with high pressing,moustafa.hadji@footballstaff.com,+20707454006,3.54,False
Thomas N'Kono (Cameroon),Goalkeeper Coach,Coaching Staff,2021-02-03,2022-01-21,UEFA GK A License,11,Best GK Coach Award,Traditional African football with modern elements,thomas.n'kono@footballstaff.com,+20335105211,4.3,True
Yaya Touré (Ivory Coast),Fitness Coach,Coaching Staff,2021-01-30,2026-01-21,"Sports Science Degree, UEFA Strength & Conditioning License",12,Performance Achievement,Attacking football with high pressing,yaya.touré@footballstaff.com,+225611276103,4.28,True
Lucas Radebe (South Africa),Video Analyst,Coaching Staff,2022-01-22,2024-04-07,"Performance Analysis Certificate, Sports Data Analytics Degree",6,Analysis Excellence Award,Attacking football with high pressing,lucas.radebe@footballstaff.com,+225328227160,4.47,False
Mohamed Kallon (Sierra Leone),Sporting Director,Management,2014-01-22,2027-01-21,"FIFA Management Certificate, Sports Administration",23,Best Development Program,Youth development focus with modern methods,mohamed.kallon@footballstaff.com,+225648821077,4.95,False
Ahmad Ahmad (Madagascar),President,Board,2015-01-30,2017-02-10,"Basic Coaching Certificate, Basic Coaching Certificate",18,Professional Excellence Award,Possession-based tactical approach,ahmad.ahmad@footballstaff.com,+225107455741,3.67,False
Roger Milla (Cameroon),Chairman,Board,2020-04-07,2022-10-12,"Basic Coaching Certificate, Basic Coaching Certificate, Basic Coaching Certificate",12,Professional Excellence Award,Traditional African football with modern elements,roger.milla@footballstaff.com,+225724680465,3.63,True
Moustafa Hadji (Morocco),Assistant Coach,Board,2020-04-07,2022-06-10,"Advanced Tactical Analysis Certificate, CAF B License, UEFA A License",24,Assistant Coach of the Year,"High-intensity, dynamic football",moustafa.hadji@footballstaff.com,+27377421646,3.71,True
Rigobert Song (Cameroon),Assistant Coach,Board,2020-04-24,2023-01-22,UEFA A License,7,Development Excellence,Possession-based tactical approach,rigobert.song@footballstaff.com,+225617089864,3.5,False
Aziz Bennani (Morocco),Owner,Board,2017-03-18,2020-03-08,Basic Coaching Certificate,24,Professional Excellence Award,Balance between defense and attack,aziz.bennani@footballstaff.com,+20570984352,4.47,True
Didier Drogba (Ivory Coast),Owner,Board,2017-03-19,2020-03-09,"Basic Coaching Certificate, Basic Coaching Certificate, Basic Coaching Certificate",8,Professional Excellence Award,"High-intensity, dynamic football",didier.drogba@footballstaff.com,+27744371664,5.0,False
Didier Drogba (Ivory Coast),Owner,Board,2020-03-21,2022-04-02,"Basic Coaching Certificate, Basic Coaching Certificate, Basic Coaching Certificate",13,Professional Excellence Award,Youth development focus with modern methods,didier.drogba@footballstaff.com,+27593777400,4.39,False
Christopher Samba (Congo),Advisor,Board,2021-12-23,2024-02-21,Basic Coaching Certificate,6,Professional Excellence Award,Balance between defense and attack,christopher.samba@footballstaff.com,+225411562718,4.61,False
Benni McCarthy (South Africa),Chief Scout,Coaching Staff,2020-01-23,2022-08-26,Talent Identification Certificate,25,Scouting Excellence Award,Traditional African football with modern elements,benni.mccarthy@footballstaff.com,+212298980059,4.24,False
Radhi Jaïdi (Tunisia),Youth Scout,Coaching Staff,2022-02-15,2024-01-22,Youth Development Badge,8,Future Talent Award,"High-intensity, dynamic football",radhi.jaïdi@footballstaff.com,+212387851725,3.63,False
Rigobert Song (Cameroon),Assistant Coach,Coaching Staff,2022-03-25,2024-12-28,CAF B License,13,Development Excellence,"High-intensity, dynamic football",rigobert.song@footballstaff.com,+234446980266,4.82,False
Badou Zaki (Morocco),Team Coordinator,Coaching Staff,2016-01-23,2018-04-08,"Basic Coaching Certificate, Basic Coaching Certificate, Basic Coaching Certificate",13,Professional Excellence Award,Balance between defense and attack,badou.zaki@footballstaff.com,+225208110128,3.61,True
Stephen Keshi (Nigeria),Team Coordinator,Coaching Staff,2018-01-22,2020-01-27,"Basic Coaching Certificate, Basic Coaching Certificate",10,Professional Excellence Award,Possession-based tactical approach,stephen.keshi@footballstaff.com,+20219320279,3.53,False
Pitso Mosimane (South Africa),Head Coach,Coaching Staff,2022-02-21,2027-02-12,FIFA Elite Coach Certificate,13,Coach of the Year Award,Possession-based tactical approach,pitso.mosimane@footballstaff.com,+225727559740,4.04,True
Quinton Fortune (South Africa),Assistant Coach,Coaching Staff,2022-02-21,2025-01-23,"CAF B License, UEFA A License, Advanced Tactical Analysis Certificate",10,Technical Achievement,"High-intensity, dynamic football",quinton.fortune@footballstaff.com,+212210184467,4.78,False
Moustafa Hadji (Morocco),Assistant Coach,Coaching Staff,2024-02-13,2026-09-16,"Advanced Tactical Analysis Certificate, CAF B License",10,Assistant Coach of the Year,Balance between defense and attack,moustafa.hadji@footballstaff.com,+234396284219,4.08,True
Moustafa Hadji (Morocco),Assistant Coach,Coaching Staff,2025-05-24,2026-02-12,"Advanced Tactical Analysis Certificate, UEFA A License",20,Development Excellence,Attacking football with high pressing,moustafa.hadji@footballstaff.com,+20707454006,3.8,False
Thomas N'Kono (Cameroon),Goalkeeper Coach,Coaching Staff,2022-02-25,2023-02-12,UEFA GK A License,10,Best GK Coach Award,Traditional African football with modern elements,thomas.n'kono@footballstaff.com,+20335105211,4.3,True
Yaya Touré (Ivory Coast),Fitness Coach,Coaching Staff,2022-02-21,2027-02-12,"Sports Science Degree, UEFA Strength & Conditioning License",12,Performance Achievement,Attacking football with high pressing,yaya.touré@footballstaff.com,+225611276103,4.17,True
Lucas Radebe (South Africa),Video Analyst,Coaching Staff,2023-02-13,2025-04-29,"Performance Analysis Certificate, Sports Data Analytics Degree",6,Analysis Excellence Award,Attacking football with high pressing,lucas.radebe@footballstaff.com,+225328227160,4.18,True
Mohamed Kallon (Sierra Leone),Sporting Director,Management,2015-02-13,2028-02-12,"FIFA Management Certificate, Sports Administration",23,Best Development Program,Youth development focus with modern methods,mohamed.kallon@footballstaff.com,+225648821077,5.0,False
Ahmad Ahmad (Madagascar),President,Board,2016-02-21,2018-03-04,"Basic Coaching Certificate, Basic Coaching Certificate",14,Professional Excellence Award,Possession-based tactical approach,ahmad.ahmad@footballstaff.com,+225107455741,3.69,False
Roger Milla (Cameroon),Chairman,Board,2021-04-29,2023-11-03,"Basic Coaching Certificate, Basic Coaching Certificate, Basic Coaching Certificate",14,Professional Excellence Award,Traditional African football with modern elements,roger.milla@footballstaff.com,+225724680465,3.82,False
Moustafa Hadji (Morocco),Assistant Coach,Board,2021-04-29,2023-07-02,"Advanced Tactical Analysis Certificate, CAF B License, UEFA A License",21,Assistant Coach of the Year,"High-intensity, dynamic football",moustafa.hadji@footballstaff.com,+27377421646,3.81,True
Rigobert Song (Cameroon),Assistant Coach,Board,2021-05-16,2024-02-13,UEFA A License,3,Development Excellence,Possession-based tactical approach,rigobert.song@footballstaff.com,+225617089864,3.62,True
Aziz Bennani (Morocco),Owner,Board,2018-04-09,2021-03-30,Basic Coaching Certificate,25,Professional Excellence Award,Balance between defense and attack,aziz.bennani@footballstaff.com,+20570984352,4.51,False
Didier Drogba (Ivory Coast),Owner,Board,2018-04-10,2021-03-31,"Basic Coaching Certificate, Basic Coaching Certificate, Basic Coaching Certificate",7,Professional Excellence Award,"High-intensity, dynamic football",didier.drogba@footballstaff.com,+27744371664,4.72,False
Didier Drogba (Ivory Coast),Owner,Board,2021-04-12,2023-04-24,"Basic Coaching Certificate, Basic Coaching Certificate, Basic Coaching Certificate",14,Professional Excellence Award,Youth development focus with modern methods,didier.drogba@footballstaff.com,+27593777400,4.47,False
Christopher Samba (Congo),Advisor,Board,2023-01-14,2025-03-14,Basic Coaching Certificate,6,Professional Excellence Award,Balance between defense and attack,christopher.samba@footballstaff.com,+225411562718,4.83,True
Benni McCarthy (South Africa),Chief Scout,Coaching Staff,2021-02-13,2023-09-17,Talent Identification Certificate,24,Scouting Excellence Award,Traditional African football with modern elements,benni.mccarthy@footballstaff.com,+212298980059,4.09,False
Radhi Jaïdi (Tunisia),Youth Scout,Coaching Staff,2023-03-09,2025-02-12,Youth Development Badge,4,Future Talent Award,"High-intensity, dynamic football",radhi.jaïdi@footballstaff.com,+212387851725,3.81,True
Rigobert Song (Cameroon),Assistant Coach,Coaching Staff,2023-04-16,2026-01-19,CAF B License,14,Development Excellence,"High-intensity, dynamic football",rigobert.song@footballstaff.com,+234446980266,5.0,True
Badou Zaki (Morocco),Team Coordinator,Coaching Staff,2017-02-13,2019-04-30,"Basic Coaching Certificate, Basic Coaching Certificate, Basic Coaching Certificate",13,Professional Excellence Award,Balance between defense and attack,badou.zaki@footballstaff.com,+225208110128,4.01,True
Stephen Keshi (Nigeria),Team Coordinator,Coaching Staff,2019-02-13,2021-02-17,"Basic Coaching Certificate, Basic Coaching Certificate",8,Professional Excellence Award,Possession-based tactical approach,stephen.keshi@footballstaff.com,+20219320279,3.68,False
Pitso Mosimane (South Africa),Head Coach,Coaching Staff,2020-09-12,2025-09-03,FIFA Elite Coach Certificate,15,Coach of the Year Award,Possession-based tactical approach,pitso.mosimane@footballstaff.com,+225727559740,3.73,True
Quinton Fortune (South Africa),Assistant Coach,Coaching Staff,2020-09-12,2023-08-15,"CAF B License, UEFA A License, Advanced Tactical Analysis Certificate",9,Technical Achievement,"High-intensity, dynamic football",quinton.fortune@footballstaff.com,+212210184467,4.63,True
Moustafa Hadji (Morocco),Assistant Coach,Coaching Staff,2022-09-04,2025-04-07,"Advanced Tactical Analysis Certificate, CAF B License",12,Assistant Coach of the Year,Balance between defense and attack,moustafa.hadji@footballstaff.com,+234396284219,4.18,True
Moustafa Hadji (Morocco),Assistant Coach,Coaching Staff,2023-12-14,2024-09-03,"Advanced Tactical Analysis Certificate, UEFA A License",22,Development Excellence,Attacking football with high pressing,moustafa.hadji@footballstaff.com,+20707454006,3.79,False
Thomas N'Kono (Cameroon),Goalkeeper Coach,Coaching Staff,2020-09-16,2021-09-03,UEFA GK A License,11,Best GK Coach Award,Traditional African football with modern elements,thomas.n'kono@footballstaff.com,+20335105211,4.44,False
Yaya Touré (Ivory Coast),Fitness Coach,Coaching Staff,2020-09-12,2025-09-03,"Sports Science Degree, UEFA Strength & Conditioning License",10,Performance Achievement,Attacking football with high pressing,yaya.touré@footballstaff.com,+225611276103,4.07,False
Lucas Radebe (South Africa),Video Analyst,Coaching Staff,2021-09-04,2023-11-19,"Performance Analysis Certificate, Sports Data Analytics Degree",3,Analysis Excellence Award,Attacking football with high pressing,lucas.radebe@footballstaff.com,+225328227160,4.09,False
Mohamed Kallon (Sierra Leone),Sporting Director,Management,2013-09-04,2026-09-03,"FIFA Management Certificate, Sports Administration",22,Best Development Program,Youth development focus with modern methods,mohamed.kallon@footballstaff.com,+225648821077,5.0,True
Ahmad Ahmad (Madagascar),President,Board,2014-09-12,2016-09-23,"Basic Coaching Certificate, Basic Coaching Certificate",14,Professional Excellence Award,Possession-based tactical approach,ahmad.ahmad@footballstaff.com,+225107455741,3.64,False
Roger Milla (Cameroon),Chairman,Board,2019-11-19,2022-05-25,"Basic Coaching Certificate, Basic Coaching Certificate, Basic Coaching Certificate",15,Professional Excellence Award,Traditional African football with modern elements,roger.milla@footballstaff.com,+225724680465,3.74,False
Moustafa Hadji (Morocco),Assistant Coach,Board,2019-11-19,2022-01-21,"Advanced Tactical Analysis Certificate, CAF B License, UEFA A License",22,Assistant Coach of the Year,"High-intensity, dynamic football",moustafa.hadji@footballstaff.com,+27377421646,3.76,True
Rigobert Song (Cameroon),Assistant Coach,Board,2019-12-06,2022-09-04,UEFA A License,7,Development Excellence,Possession-based tactical approach,rigobert.song@footballstaff.com,+225617089864,3.79,False
Aziz Bennani (Morocco),Owner,Board,2016-10-29,2019-10-20,Basic Coaching Certificate,24,Professional Excellence Award,Balance between defense and attack,aziz.bennani@footballstaff.com,+20570984352,4.66,False
Didier Drogba (Ivory Coast),Owner,Board,2016-10-30,2019-10-21,"Basic Coaching Certificate, Basic Coaching Certificate, Basic Coaching Certificate",9,Professional Excellence Award,"High-intensity, dynamic football",didier.drogba@footballstaff.com,+27744371664,4.72,False
Didier Drogba (Ivory Coast),Owner,Board,2019-11-02,2021-11-13,"Basic Coaching Certificate, Basic Coaching Certificate, Basic Coaching Certificate",14,Professional Excellence Award,Youth development focus with modern methods,didier.drogba@footballstaff.com,+27593777400,4.64,False
Christopher Samba (Congo),Advisor,Board,2021-08-05,2023-10-04,Basic Coaching Certificate,5,Professional Excellence Award,Balance between defense and attack,christopher.samba@footballstaff.com,+225411562718,4.96,False
Benni McCarthy (South Africa),Chief Scout,Coaching Staff,2019-09-05,2022-04-08,Talent Identification Certificate,26,Scouting Excellence Award,Traditional African football with modern elements,benni.mccarthy@footballstaff.com,+212298980059,4.11,True
Radhi Jaïdi (Tunisia),Youth Scout,Coaching Staff,2021-09-28,2023-09-04,Youth Development Badge,7,Future Talent Award,"High-intensity, dynamic football",radhi.jaïdi@footballstaff.com,+212387851725,3.61,True
Rigobert Song (Cameroon),Assistant Coach,Coaching Staff,2021-11-05,2024-08-10,CAF B License,15,Development Excellence,"High-intensity, dynamic football",rigobert.song@footballstaff.com,+234446980266,5.0,True
Badou Zaki (Morocco),Team Coordinator,Coaching Staff,2015-09-05,2017-11-19,"Basic Coaching Certificate, Basic Coaching Certificate, Basic Coaching Certificate",12,Professional Excellence Award,Balance between defense and attack,badou.zaki@footballstaff.com,+225208110128,3.88,False
Stephen Keshi (Nigeria),Team Coordinator,Coaching Staff,2017-09-04,2019-09-09,"Basic Coaching Certificate, Basic Coaching Certificate",10,Professional Excellence Award,Possession-based tactical approach,stephen.keshi@footballstaff.com,+20219320279,3.81,False
Pitso Mosimane (South Africa),Head Coach,Coaching Staff,2020-11-22,2025-11-13,FIFA Elite Coach Certificate,12,Coach of the Year Award,Possession-based tactical approach,pitso.mosimane@footballstaff.com,+225727559740,4.03,False
Quinton Fortune (South Africa),Assistant Coach,Coaching Staff,2020-11-22,2023-10-25,"CAF B License, UEFA A License, Advanced Tactical Analysis Certificate",10,Technical Achievement,"High-intensity, dynamic football",quinton.fortune@footballstaff.com,+212210184467,4.92,True
Moustafa Hadji (Morocco),Assistant Coach,Coaching Staff,2022-11-14,2025-06-17,"Advanced Tactical Analysis Certificate, CAF B License",14,Assistant Coach of the Year,Balance between defense and attack,moustafa.hadji@footballstaff.com,+234396284219,4.22,True
Moustafa Hadji (Morocco),Assistant Coach,Coaching Staff,2024-02-23,2024-11-13,"Advanced Tactical Analysis Certificate, UEFA A License",22,Development Excellence,Attacking football with high pressing,moustafa.hadji@footballstaff.com,+20707454006,3.57,True
Thomas N'Kono (Cameroon),Goalkeeper Coach,Coaching Staff,2020-11-26,2021-11-13,UEFA GK A License,11,Best GK Coach Award,Traditional African football with modern elements,thomas.n'kono@footballstaff.com,+20335105211,4.31,False
Yaya Touré (Ivory Coast),Fitness Coach,Coaching Staff,2020-11-22,2025-11-13,"Sports Science Degree, UEFA Strength & Conditioning License",13,Performance Achievement,Attacking football with high pressing,yaya.touré@footballstaff.com,+225611276103,4.12,False
Lucas Radebe (South Africa),Video Analyst,Coaching Staff,2021-11-14,2024-01-29,"Performance Analysis Certificate, Sports Data Analytics Degree",6,Analysis Excellence Award,Attacking football with high pressing,lucas.radebe@footballstaff.com,+225328227160,4.45,False
Mohamed Kallon (Sierra Leone),Sporting Director,Management,2013-11-14,2026-11-13,"FIFA Management Certificate, Sports Administration",23,Best Development Program,Youth development focus with modern methods,mohamed.kallon@footballstaff.com,+225648821077,4.94,False
Ahmad Ahmad (Madagascar),President,Board,2014-11-22,2016-12-03,"Basic Coaching Certificate, Basic Coaching Certificate",17,Professional Excellence Award,Possession-based tactical approach,ahmad.ahmad@footballstaff.com,+225107455741,3.86,True
Roger Milla (Cameroon),Chairman,Board,2020-01-29,2022-08-04,"Basic Coaching Certificate, Basic Coaching Certificate, Basic Coaching Certificate",14,Professional Excellence Award,Traditional African football with modern elements,roger.milla@footballstaff.com,+225724680465,3.5,False
Moustafa Hadji (Morocco),Assistant Coach,Board,2020-01-29,2022-04-02,"Advanced Tactical Analysis Certificate, CAF B License, UEFA A License",22,Assistant Coach of the Year,"High-intensity, dynamic football",moustafa.hadji@footballstaff.com,+27377421646,3.72,False
Rigobert Song (Cameroon),Assistant Coach,Board,2020-02-15,2022-11-14,UEFA A License,3,Development Excellence,Possession-based tactical approach,rigobert.song@footballstaff.com,+225617089864,3.51,False
Aziz Bennani (Morocco),Owner,Board,2017-01-08,2019-12-30,Basic Coaching Certificate,23,Professional Excellence Award,Balance between defense and attack,aziz.bennani@footballstaff.com,+20570984352,4.29,False
Didier Drogba (Ivory Coast),Owner,Board,2017-01-09,2019-12-31,"Basic Coaching Certificate, Basic Coaching Certificate, Basic Coaching Certificate",9,Professional Excellence Award,"High-intensity, dynamic football",didier.drogba@footballstaff.com,+27744371664,4.71,True
Didier Drogba (Ivory Coast),Owner,Board,2020-01-12,2022-01-23,"Basic Coaching Certificate, Basic Coaching Certificate, Basic Coaching Certificate",17,Professional Excellence Award,Youth development focus with modern methods,didier.drogba@footballstaff.com,+27593777400,4.32,False
Christopher Samba (Congo),Advisor,Board,2021-10-15,2023-12-14,Basic Coaching Certificate,6,Professional Excellence Award,Balance between defense and attack,christopher.samba@footballstaff.com,+225411562718,4.62,True
Benni McCarthy (South Africa),Chief Scout,Coaching Staff,2019-11-15,2022-06-18,Talent Identification Certificate,24,Scouting Excellence Award,Traditional African football with modern elements,benni.mccarthy@footballstaff.com,+212298980059,4.29,False
Radhi Jaïdi (Tunisia),Youth Scout,Coaching Staff,2021-12-08,2023-11-14,Youth Development Badge,7,Future Talent Award,"High-intensity, dynamic football",radhi.jaïdi@footballstaff.com,+212387851725,3.63,False
Rigobert Song (Cameroon),Assistant Coach,Coaching Staff,2022-01-15,2024-10-20,CAF B License,16,Development Excellence,"High-intensity, dynamic football",rigobert.song@footballstaff.com,+234446980266,5.0,True
Badou Zaki (Morocco),Team Coordinator,Coaching Staff,2015-11-15,2018-01-29,"Basic Coaching Certificate, Basic Coaching Certificate, Basic Coaching Certificate",15,Professional Excellence Award,Balance between defense and attack,badou.zaki@footballstaff.com,+225208110128,3.56,True
Stephen Keshi (Nigeria),Team Coordinator,Coaching Staff,2017-11-14,2019-11-19,"Basic Coaching Certificate, Basic Coaching Certificate",10,Professional Excellence Award,Possession-based tactical approach,stephen.keshi@footballstaff.com,+20219320279,3.5,True
Pitso Mosimane (South Africa),Head Coach,Coaching Staff,2021-01-21,2026-01-12,FIFA Elite Coach Certificate,13,Coach of the Year Award,Possession-based tactical approach,pitso.mosimane@footballstaff.com,+225727559740,3.71,False
Quinton Fortune (South Africa),Assistant Coach,Coaching Staff,2021-01-21,2023-12-24,"CAF B License, UEFA A License, Advanced Tactical Analysis Certificate",9,Technical Achievement,"High-intensity, dynamic football",quinton.fortune@footballstaff.com,+212210184467,4.97,True
Moustafa Hadji (Morocco),Assistant Coach,Coaching Staff,2023-01-13,2025-08-16,"Advanced Tactical Analysis Certificate, CAF B License",11,Assistant Coach of the Year,Balance between defense and attack,moustafa.hadji@footballstaff.com,+234396284219,4.0,True
Moustafa Hadji (Morocco),Assistant Coach,Coaching Staff,2024-04-23,2025-01-12,"Advanced Tactical Analysis Certificate, UEFA A License",23,Development Excellence,Attacking football with high pressing,moustafa.hadji@footballstaff.com,+20707454006,3.5,True
Thomas N'Kono (Cameroon),Goalkeeper Coach,Coaching Staff,2021-01-25,2022-01-12,UEFA GK A License,8,Best GK Coach Award,Traditional African football with modern elements,thomas.n'kono@footballstaff.com,+20335105211,4.4,True
Yaya Touré (Ivory Coast),Fitness Coach,Coaching Staff,2021-01-21,2026-01-12,"Sports Science Degree, UEFA Strength & Conditioning License",11,Performance Achievement,Attacking football with high pressing,yaya.touré@footballstaff.com,+225611276103,3.87,False
Lucas Radebe (South Africa),Video Analyst,Coaching Staff,2022-01-13,2024-03-29,"Performance Analysis Certificate, Sports Data Analytics Degree",6,Analysis Excellence Award,Attacking football with high pressing,lucas.radebe@footballstaff.com,+225328227160,4.39,True
Mohamed Kallon (Sierra Leone),Sporting Director,Management,2014-01-13,2027-01-12,"FIFA Management Certificate, Sports Administration",22,Best Development Program,Youth development focus with modern methods,mohamed.kallon@footballstaff.com,+225648821077,5.0,False
Ahmad Ahmad (Madagascar),President,Board,2015-01-21,2017-02-01,"Basic Coaching Certificate, Basic Coaching Certificate",14,Professional Excellence Award,Possession-based tactical approach,ahmad.ahmad@footballstaff.com,+225107455741,3.9,False
Roger Milla (Cameroon),Chairman,Board,2020-03-29,2022-10-03,"Basic Coaching Certificate, Basic Coaching Certificate, Basic Coaching Certificate",12,Professional Excellence Award,Traditional African football with modern elements,roger.milla@footballstaff.com,+225724680465,3.5,False
Moustafa Hadji (Morocco),Assistant Coach,Board,2020-03-29,2022-06-01,"Advanced Tactical Analysis Certificate, CAF B License, UEFA A License",25,Assistant Coach of the Year,"High-intensity, dynamic football",moustafa.hadji@footballstaff.com,+27377421646,3.64,True
Rigobert Song (Cameroon),Assistant Coach,Board,2020-04-15,2023-01-13,UEFA A License,3,Development Excellence,Possession-based tactical approach,rigobert.song@footballstaff.com,+225617089864,3.52,False
Aziz Bennani (Morocco),Owner,Board,2017-03-09,2020-02-28,Basic Coaching Certificate,22,Professional Excellence Award,Balance between defense and attack,aziz.bennani@footballstaff.com,+20570984352,4.42,True
Didier Drogba (Ivory Coast),Owner,Board,2017-03-10,2020-02-29,"Basic Coaching Certificate, Basic Coaching Certificate, Basic Coaching Certificate",8,Professional Excellence Award,"High-intensity, dynamic football",didier.drogba@footballstaff.com,+27744371664,4.59,True
Didier Drogba (Ivory Coast),Owner,Board,2020-03-12,2022-03-24,"Basic Coaching Certificate, Basic Coaching Certificate, Basic Coaching Certificate",14,Professional Excellence Award,Youth development focus with modern methods,didier.drogba@footballstaff.com,+27593777400,4.34,True
Christopher Samba (Congo),Advisor,Board,2021-12-14,2024-02-12,Basic Coaching Certificate,8,Professional Excellence Award,Balance between defense and attack,christopher.samba@footballstaff.com,+225411562718,4.86,True
Benni McCarthy (South Africa),Chief Scout,Coaching Staff,2020-01-14,2022-08-17,Talent Identification Certificate,23,Scouting Excellence Award,Traditional African football with modern elements,benni.mccarthy@footballstaff.com,+212298980059,4.19,True
Radhi Jaïdi (Tunisia),Youth Scout,Coaching Staff,2022-02-06,2024-01-13,Youth Development Badge,6,Future Talent Award,"High-intensity, dynamic football",radhi.jaïdi@footballstaff.com,+212387851725,4.13,False
Rigobert Song (Cameroon),Assistant Coach,Coaching Staff,2022-03-16,2024-12-19,CAF B License,15,Development Excellence,"High-intensity, dynamic football",rigobert.song@footballstaff.com,+234446980266,5.0,True
Badou Zaki (Morocco),Team Coordinator,Coaching Staff,2016-01-14,2018-03-30,"Basic Coaching Certificate, Basic Coaching Certificate, Basic Coaching Certificate",15,Professional Excellence Award,Balance between defense and attack,badou.zaki@footballstaff.com,+225208110128,4.01,True
Stephen Keshi (Nigeria),Team Coordinator,Coaching Staff,2018-01-13,2020-01-18,"Basic Coaching Certificate, Basic Coaching Certificate",9,Professional Excellence Award,Possession-based tactical approach,stephen.keshi@footballstaff.com,+20219320279,3.9,True
Pitso Mosimane (South Africa),Head Coach,Coaching Staff,2022-01-15,2027-01-06,FIFA Elite Coach Certificate,12,Coach of the Year Award,Possession-based tactical approach,pitso.mosimane@footballstaff.com,+225727559740,3.94,False
Quinton Fortune (South Africa),Assistant Coach,Coaching Staff,2022-01-15,2024-12-17,"CAF B License, UEFA A License, Advanced Tactical Analysis Certificate",6,Technical Achievement,"High-intensity, dynamic football",quinton.fortune@footballstaff.com,+212210184467,4.48,True
Moustafa Hadji (Morocco),Assistant Coach,Coaching Staff,2024-01-07,2026-08-10,"Advanced Tactical Analysis Certificate, CAF B License",14,Assistant Coach of the Year,Balance between defense and attack,moustafa.hadji@footballstaff.com,+234396284219,4.27,False
Moustafa Hadji (Morocco),Assistant Coach,Coaching Staff,2025-04-17,2026-01-06,"Advanced Tactical Analysis Certificate, UEFA A License",22,Development Excellence,Attacking football with high pressing,moustafa.hadji@footballstaff.com,+20707454006,3.54,False
Thomas N'Kono (Cameroon),Goalkeeper Coach,Coaching Staff,2022-01-19,2023-01-06,UEFA GK A License,7,Best GK Coach Award,Traditional African football with modern elements,thomas.n'kono@footballstaff.com,+20335105211,4.11,False
Yaya Touré (Ivory Coast),Fitness Coach,Coaching Staff,2022-01-15,2027-01-06,"Sports Science Degree, UEFA Strength & Conditioning License",12,Performance Achievement,Attacking football with high pressing,yaya.touré@footballstaff.com,+225611276103,3.94,True
Lucas Radebe (South Africa),Video Analyst,Coaching Staff,2023-01-07,2025-03-23,"Performance Analysis Certificate, Sports Data Analytics Degree",7,Analysis Excellence Award,Attacking football with high pressing,lucas.radebe@footballstaff.com,+225328227160,4.43,True
Mohamed Kallon (Sierra Leone),Sporting Director,Management,2015-01-07,2028-01-06,"FIFA Management Certificate, Sports Administration",23,Best Development Program,Youth development focus with modern methods,mohamed.kallon@footballstaff.com,+225648821077,4.72,False
Ahmad Ahmad (Madagascar),President,Board,2016-01-15,2018-01-26,"Basic Coaching Certificate, Basic Coaching Certificate",14,Professional Excellence Award,Possession-based tactical approach,ahmad.ahmad@footballstaff.com,+225107455741,3.71,True
Roger Milla (Cameroon),Chairman,Board,2021-03-23,2023-09-27,"Basic Coaching Certificate, Basic Coaching Certificate, Basic Coaching Certificate",13,Professional Excellence Award,Traditional African football with modern elements,roger.milla@footballstaff.com,+225724680465,3.5,True
Moustafa Hadji (Morocco),Assistant Coach,Board,2021-03-23,2023-05-26,"Advanced Tactical Analysis Certificate, CAF B License, UEFA A License",21,Assistant Coach of the Year,"High-intensity, dynamic football",moustafa.hadji@footballstaff.com,+27377421646,4.06,True
Rigobert Song (Cameroon),Assistant Coach,Board,2021-04-09,2024-01-07,UEFA A License,4,Development Excellence,Possession-based tactical approach,rigobert.song@footballstaff.com,+225617089864,3.55,False
Aziz Bennani (Morocco),Owner,Board,2018-03-03,2021-02-21,Basic Coaching Certificate,23,Professional Excellence Award,Balance between defense and attack,aziz.bennani@footballstaff.com,+20570984352,4.28,False
Didier Drogba (Ivory Coast),Owner,Board,2018-03-04,2021-02-22,"Basic Coaching Certificate, Basic Coaching Certificate, Basic Coaching Certificate",11,Professional Excellence Award,"High-intensity, dynamic football",didier.drogba@footballstaff.com,+27744371664,4.78,True
Didier Drogba (Ivory Coast),Owner,Board,2021-03-06,2023-03-18,"Basic Coaching Certificate, Basic Coaching Certificate, Basic Coaching Certificate",15,Professional Excellence Award,Youth development focus with modern methods,didier.drogba@footballstaff.com,+27593777400,4.19,False
Christopher Samba (Congo),Advisor,Board,2022-12-08,2025-02-05,Basic Coaching Certificate,6,Professional Excellence Award,Balance between defense and attack,christopher.samba@footballstaff.com,+225411562718,4.44,True
Benni McCarthy (South Africa),Chief Scout,Coaching Staff,2021-01-07,2023-08-11,Talent Identification Certificate,22,Scouting Excellence Award,Traditional African football with modern elements,benni.mccarthy@footballstaff.com,+212298980059,4.39,False
Radhi Jaïdi (Tunisia),Youth Scout,Coaching Staff,2023-01-31,2025-01-06,Youth Development Badge,6,Future Talent Award,"High-intensity, dynamic football",radhi.jaïdi@footballstaff.com,+212387851725,3.61,False
Rigobert Song (Cameroon),Assistant Coach,Coaching Staff,2023-03-10,2025-12-13,CAF B License,13,Development Excellence,"High-intensity, dynamic football",rigobert.song@footballstaff.com,+234446980266,4.99,True
Badou Zaki (Morocco),Team Coordinator,Coaching Staff,2017-01-07,2019-03-24,"Basic Coaching Certificate, Basic Coaching Certificate, Basic Coaching Certificate",12,Professional Excellence Award,Balance between defense and attack,badou.zaki@footballstaff.com,+225208110128,3.96,False
Stephen Keshi (Nigeria),Team Coordinator,Coaching Staff,2019-01-07,2021-01-11,"Basic Coaching Certificate, Basic Coaching Certificate",7,Professional Excellence Award,Possession-based tactical approach,stephen.keshi@footballstaff.com,+20219320279,3.5,True
Pitso Mosimane (South Africa),Head Coach,Coaching Staff,2020-10-12,2025-10-03,FIFA Elite Coach Certificate,15,Coach of the Year Award,Possession-based tactical approach,pitso.mosimane@footballstaff.com,+225727559740,3.77,True
Quinton Fortune (South Africa),Assistant Coach,Coaching Staff,2020-10-12,2023-09-14,"CAF B License, UEFA A License, Advanced Tactical Analysis Certificate",9,Technical Achievement,"High-intensity, dynamic football",quinton.fortune@footballstaff.com,+212210184467,4.81,True
Moustafa Hadji (Morocco),Assistant Coach,Coaching Staff,2022-10-04,2025-05-07,"Advanced Tactical Analysis Certificate, CAF B License",10,Assistant Coach of the Year,Balance between defense and attack,moustafa.hadji@footballstaff.com,+234396284219,4.37,False
Moustafa Hadji (Morocco),Assistant Coach,Coaching Staff,2024-01-13,2024-10-03,"Advanced Tactical Analysis Certificate, UEFA A License",21,Development Excellence,Attacking football with high pressing,moustafa.hadji@footballstaff.com,+20707454006,3.53,False
Thomas N'Kono (Cameroon),Goalkeeper Coach,Coaching Staff,2020-10-16,2021-10-03,UEFA GK A License,8,Best GK Coach Award,Traditional African football with modern elements,thomas.n'kono@footballstaff.com,+20335105211,4.54,True
Yaya Touré (Ivory Coast),Fitness Coach,Coaching Staff,2020-10-12,2025-10-03,"Sports Science Degree, UEFA Strength & Conditioning License",9,Performance Achievement,Attacking football with high pressing,yaya.touré@footballstaff.com,+225611276103,3.87,False
Lucas Radebe (South Africa),Video Analyst,Coaching Staff,2021-10-04,2023-12-19,"Performance Analysis Certificate, Sports Data Analytics Degree",7,Analysis Excellence Award,Attacking football with high pressing,lucas.radebe@footballstaff.com,+225328227160,4.22,True
Mohamed Kallon (Sierra Leone),Sporting Director,Management,2013-10-04,2026-10-03,"FIFA Management Certificate, Sports Administration",24,Best Development Program,Youth development focus with modern methods,mohamed.kallon@footballstaff.com,+225648821077,5.0,False
Ahmad Ahmad (Madagascar),President,Board,2014-10-12,2016-10-23,"Basic Coaching Certificate, Basic Coaching Certificate",17,Professional Excellence Award,Possession-based tactical approach,ahmad.ahmad@footballstaff.com,+225107455741,3.5,True
Roger Milla (Cameroon),Chairman,Board,2019-12-19,2022-06-24,"Basic Coaching Certificate, Basic Coaching Certificate, Basic Coaching Certificate",11,Professional Excellence Award,Traditional African football with modern elements,roger.milla@footballstaff.com,+225724680465,3.55,True
Moustafa Hadji (Morocco),Assistant Coach,Board,2019-12-19,2022-02-20,"Advanced Tactical Analysis Certificate, CAF B License, UEFA A License",24,Assistant Coach of the Year,"High-intensity, dynamic football",moustafa.hadji@footballstaff.com,+27377421646,3.53,False
Rigobert Song (Cameroon),Assistant Coach,Board,2020-01-05,2022-10-04,UEFA A License,4,Development Excellence,Possession-based tactical approach,rigobert.song@footballstaff.com,+225617089864,3.5,True
Aziz Bennani (Morocco),Owner,Board,2016-11-28,2019-11-19,Basic Coaching Certificate,23,Professional Excellence Award,Balance between defense and attack,aziz.bennani@footballstaff.com,+20570984352,4.37,True
Didier Drogba (Ivory Coast),Owner,Board,2016-11-29,2019-11-20,"Basic Coaching Certificate, Basic Coaching Certificate, Basic Coaching Certificate",11,Professional Excellence Award,"High-intensity, dynamic football",didier.drogba@footballstaff.com,+27744371664,4.67,False
Didier Drogba (Ivory Coast),Owner,Board,2019-12-02,2021-12-13,"Basic Coaching Certificate, Basic Coaching Certificate, Basic Coaching Certificate",13,Professional Excellence Award,Youth development focus with modern methods,didier.drogba@footballstaff.com,+27593777400,4.33,False
Christopher Samba (Congo),Advisor,Board,2021-09-04,2023-11-03,Basic Coaching Certificate,8,Professional Excellence Award,Balance between defense and attack,christopher.samba@footballstaff.com,+225411562718,5.0,False
Benni McCarthy (South Africa),Chief Scout,Coaching Staff,2019-10-05,2022-05-08,Talent Identification Certificate,26,Scouting Excellence Award,Traditional African football with modern elements,benni.mccarthy@footballstaff.com,+212298980059,4.11,False
Radhi Jaïdi (Tunisia),Youth Scout,Coaching Staff,2021-10-28,2023-10-04,Youth Development Badge,8,Future Talent Award,"High-intensity, dynamic football",radhi.jaïdi@footballstaff.com,+212387851725,3.98,False
Rigobert Song (Cameroon),Assistant Coach,Coaching Staff,2021-12-05,2024-09-09,CAF B License,13,Development Excellence,"High-intensity, dynamic football",rigobert.song@footballstaff.com,+234446980266,5.0,True
Badou Zaki (Morocco),Team Coordinator,Coaching Staff,2015-10-05,2017-12-19,"Basic Coaching Certificate, Basic Coaching Certificate, Basic Coaching Certificate",12,Professional Excellence Award,Balance between defense and attack,badou.zaki@footballstaff.com,+225208110128,3.77,True
Stephen Keshi (Nigeria),Team Coordinator,Coaching Staff,2017-10-04,2019-10-09,"Basic Coaching Certificate, Basic Coaching Certificate",9,Professional Excellence Award,Possession-based tactical approach,stephen.keshi@footballstaff.com,+20219320279,3.81,True
Pitso Mosimane (South Africa),Head Coach,Coaching Staff,2021-01-31,2026-01-22,FIFA Elite Coach Certificate,15,Coach of the Year Award,Possession-based tactical approach,pitso.mosimane@footballstaff.com,+225727559740,4.15,False
Quinton Fortune (South Africa),Assistant Coach,Coaching Staff,2021-01-31,2024-01-03,"CAF B License, UEFA A License, Advanced Tactical Analysis Certificate",6,Technical Achievement,"High-intensity, dynamic football",quinton.fortune@footballstaff.com,+212210184467,5.0,True
Moustafa Hadji (Morocco),Assistant Coach,Coaching Staff,2023-01-23,2025-08-26,"Advanced Tactical Analysis Certificate, CAF B License",11,Assistant Coach of the Year,Balance between defense and attack,moustafa.hadji@footballstaff.com,+234396284219,3.89,True
Moustafa Hadji (Morocco),Assistant Coach,Coaching Staff,2024-05-03,2025-01-22,"Advanced Tactical Analysis Certificate, UEFA A License",23,Development Excellence,Attacking football with high pressing,moustafa.hadji@footballstaff.com,+20707454006,3.6,True
Thomas N'Kono (Cameroon),Goalkeeper Coach,Coaching Staff,2021-02-04,2022-01-22,UEFA GK A License,8,Best GK Coach Award,Traditional African football with modern elements,thomas.n'kono@footballstaff.com,+20335105211,4.2,False
Yaya Touré (Ivory Coast),Fitness Coach,Coaching Staff,2021-01-31,2026-01-22,"Sports Science Degree, UEFA Strength & Conditioning License",10,Performance Achievement,Attacking football with high pressing,yaya.touré@footballstaff.com,+225611276103,4.01,True
Lucas Radebe (South Africa),Video Analyst,Coaching Staff,2022-01-23,2024-04-08,"Performance Analysis Certificate, Sports Data Analytics Degree",5,Analysis Excellence Award,Attacking football with high pressing,lucas.radebe@footballstaff.com,+225328227160,4.23,True
Mohamed Kallon (Sierra Leone),Sporting Director,Management,2014-01-23,2027-01-22,"FIFA Management Certificate, Sports Administration",21,Best Development Program,Youth development focus with modern methods,mohamed.kallon@footballstaff.com,+225648821077,5.0,True
Ahmad Ahmad (Madagascar),President,Board,2015-01-31,2017-02-11,"Basic Coaching Certificate, Basic Coaching Certificate",18,Professional Excellence Award,Possession-based tactical approach,ahmad.ahmad@footballstaff.com,+225107455741,4.01,True
Roger Milla (Cameroon),Chairman,Board,2020-04-08,2022-10-13,"Basic Coaching Certificate, Basic Coaching Certificate, Basic Coaching Certificate",14,Professional Excellence Award,Traditional African football with modern elements,roger.milla@footballstaff.com,+225724680465,3.88,False
Moustafa Hadji (Morocco),Assistant Coach,Board,2020-04-08,2022-06-11,"Advanced Tactical Analysis Certificate, CAF B License, UEFA A License",23,Assistant Coach of the Year,"High-intensity, dynamic football",moustafa.hadji@footballstaff.com,+27377421646,4.07,True
Rigobert Song (Cameroon),Assistant Coach,Board,2020-04-25,2023-01-23,UEFA A License,3,Development Excellence,Possession-based tactical approach,rigobert.song@footballstaff.com,+225617089864,3.5,True
Aziz Bennani (Morocco),Owner,Board,2017-03-19,2020-03-09,Basic Coaching Certificate,23,Professional Excellence Award,Balance between defense and attack,aziz.bennani@footballstaff.com,+20570984352,4.37,False
Didier Drogba (Ivory Coast),Owner,Board,2017-03-20,2020-03-10,"Basic Coaching Certificate, Basic Coaching Certificate, Basic Coaching Certificate",10,Professional Excellence Award,"High-intensity, dynamic football",didier.drogba@footballstaff.com,+27744371664,4.73,True
Didier Drogba (Ivory Coast),Owner,Board,2020-03-22,2022-04-03,"Basic Coaching Certificate, Basic Coaching Certificate, Basic Coaching Certificate",14,Professional Excellence Award,Youth development focus with modern methods,didier.drogba@footballstaff.com,+27593777400,4.51,False
Christopher Samba (Congo),Advisor,Board,2021-12-24,2024-02-22,Basic Coaching Certificate,7,Professional Excellence Award,Balance between defense and attack,christopher.samba@footballstaff.com,+225411562718,4.58,True
Benni McCarthy (South Africa),Chief Scout,Coaching Staff,2020-01-24,2022-08-27,Talent Identification Certificate,22,Scouting Excellence Award,Traditional African football with modern elements,benni.mccarthy@footballstaff.com,+212298980059,4.04,False
Radhi Jaïdi (Tunisia),Youth Scout,Coaching Staff,2022-02-16,2024-01-23,Youth Development Badge,7,Future Talent Award,"High-intensity, dynamic football",radhi.jaïdi@footballstaff.com,+212387851725,3.55,False
Rigobert Song (Cameroon),Assistant Coach,Coaching Staff,2022-03-26,2024-12-29,CAF B License,15,Development Excellence,"High-intensity, dynamic football",rigobert.song@footballstaff.com,+234446980266,4.86,True
Badou Zaki (Morocco),Team Coordinator,Coaching Staff,2016-01-24,2018-04-09,"Basic Coaching Certificate, Basic Coaching Certificate, Basic Coaching Certificate",14,Professional Excellence Award,Balance between defense and attack,badou.zaki@footballstaff.com,+225208110128,3.83,True
Stephen Keshi (Nigeria),Team Coordinator,Coaching Staff,2018-01-23,2020-01-28,"Basic Coaching Certificate, Basic Coaching Certificate",9,Professional Excellence Award,Possession-based tactical approach,stephen.keshi@footballstaff.com,+20219320279,3.51,False
Pitso Mosimane (South Africa),Head Coach,Coaching Staff,2020-09-15,2025-09-06,FIFA Elite Coach Certificate,11,Coach of the Year Award,Possession-based tactical approach,pitso.mosimane@footballstaff.com,+225727559740,3.6,True
Quinton Fortune (South Africa),Assistant Coach,Coaching Staff,2020-09-15,2023-08-18,"CAF B License, UEFA A License, Advanced Tactical Analysis Certificate",7,Technical Achievement,"High-intensity, dynamic football",quinton.fortune@footballstaff.com,+212210184467,4.92,False
Moustafa Hadji (Morocco),Assistant Coach,Coaching Staff,2022-09-07,2025-04-10,"Advanced Tactical Analysis Certificate, CAF B License",11,Assistant Coach of the Year,Balance between defense and attack,moustafa.hadji@footballstaff.com,+234396284219,4.14,True
Moustafa Hadji (Morocco),Assistant Coach,Coaching Staff,2023-12-17,2024-09-06,"Advanced Tactical Analysis Certificate, UEFA A License",21,Development Excellence,Attacking football with high pressing,moustafa.hadji@footballstaff.com,+20707454006,3.6,False
Thomas N'Kono (Cameroon),Goalkeeper Coach,Coaching Staff,2020-09-19,2021-09-06,UEFA GK A License,7,Best GK Coach Award,Traditional African football with modern elements,thomas.n'kono@footballstaff.com,+20335105211,4.14,False
Yaya Touré (Ivory Coast),Fitness Coach,Coaching Staff,2020-09-15,2025-09-06,"Sports Science Degree, UEFA Strength & Conditioning License",11,Performance Achievement,Attacking football with high pressing,yaya.touré@footballstaff.com,+225611276103,4.09,False
Lucas Radebe (South Africa),Video Analyst,Coaching Staff,2021-09-07,2023-11-22,"Performance Analysis Certificate, Sports Data Analytics Degree",5,Analysis Excellence Award,Attacking football with high pressing,lucas.radebe@footballstaff.com,+225328227160,4.1,True
Mohamed Kallon (Sierra Leone),Sporting Director,Management,2013-09-07,2026-09-06,"FIFA Management Certificate, Sports Administration",22,Best Development Program,Youth development focus with modern methods,mohamed.kallon@footballstaff.com,+225648821077,4.89,False
Ahmad Ahmad (Madagascar),President,Board,2014-09-15,2016-09-26,"Basic Coaching Certificate, Basic Coaching Certificate",14,Professional Excellence Award,Possession-based tactical approach,ahmad.ahmad@footballstaff.com,+225107455741,3.7,True
Roger Milla (Cameroon),Chairman,Board,2019-11-22,2022-05-28,"Basic Coaching Certificate, Basic Coaching Certificate, Basic Coaching Certificate",13,Professional Excellence Award,Traditional African football with modern elements,roger.milla@footballstaff.com,+225724680465,3.86,True
Moustafa Hadji (Morocco),Assistant Coach,Board,2019-11-22,2022-01-24,"Advanced Tactical Analysis Certificate, CAF B License, UEFA A License",21,Assistant Coach of the Year,"High-intensity, dynamic football",moustafa.hadji@footballstaff.com,+27377421646,3.52,True
Rigobert Song (Cameroon),Assistant Coach,Board,2019-12-09,2022-09-07,UEFA A License,5,Development Excellence,Possession-based tactical approach,rigobert.song@footballstaff.com,+225617089864,3.74,False
Aziz Bennani (Morocco),Owner,Board,2016-11-01,2019-10-23,Basic Coaching Certificate,22,Professional Excellence Award,Balance between defense and attack,aziz.bennani@footballstaff.com,+20570984352,4.68,True
Didier Drogba (Ivory Coast),Owner,Board,2016-11-02,2019-10-24,"Basic Coaching Certificate, Basic Coaching Certificate, Basic Coaching Certificate",9,Professional Excellence Award,"High-intensity, dynamic football",didier.drogba@footballstaff.com,+27744371664,5.0,False
Didier Drogba (Ivory Coast),Owner,Board,2019-11-05,2021-11-16,"Basic Coaching Certificate, Basic Coaching Certificate, Basic Coaching Certificate",17,Professional Excellence Award,Youth development focus with modern methods,didier.drogba@footballstaff.com,+27593777400,4.48,False
Christopher Samba (Congo),Advisor,Board,2021-08-08,2023-10-07,Basic Coaching Certificate,5,Professional Excellence Award,Balance between defense and attack,christopher.samba@footballstaff.com,+225411562718,4.8,False
Benni McCarthy (South Africa),Chief Scout,Coaching Staff,2019-09-08,2022-04-11,Talent Identification Certificate,22,Scouting Excellence Award,Traditional African football with modern elements,benni.mccarthy@footballstaff.com,+212298980059,4.47,True
Radhi Jaïdi (Tunisia),Youth Scout,Coaching Staff,2021-10-01,2023-09-07,Youth Development Badge,5,Future Talent Award,"High-intensity, dynamic football",radhi.jaïdi@footballstaff.com,+212387851725,3.97,False
Rigobert Song (Cameroon),Assistant Coach,Coaching Staff,2021-11-08,2024-08-13,CAF B License,17,Development Excellence,"High-intensity, dynamic football",rigobert.song@footballstaff.com,+234446980266,4.82,True
Badou Zaki (Morocco),Team Coordinator,Coaching Staff,2015-09-08,2017-11-22,"Basic Coaching Certificate, Basic Coaching Certificate, Basic Coaching Certificate",16,Professional Excellence Award,Balance between defense and attack,badou.zaki@footballstaff.com,+225208110128,3.61,False
Stephen Keshi (Nigeria),Team Coordinator,Coaching Staff,2017-09-07,2019-09-12,"Basic Coaching Certificate, Basic Coaching Certificate",7,Professional Excellence Award,Possession-based tactical approach,stephen.keshi@footballstaff.com,+20219320279,3.82,False
Pitso Mosimane (South Africa),Head Coach,Coaching Staff,2020-11-21,2025-11-12,FIFA Elite Coach Certificate,11,Coach of the Year Award,Possession-based tactical approach,pitso.mosimane@footballstaff.com,+225727559740,3.93,False
Quinton Fortune (South Africa),Assistant Coach,Coaching Staff,2020-11-21,2023-10-24,"CAF B License, UEFA A License, Advanced Tactical Analysis Certificate",9,Technical Achievement,"High-intensity, dynamic football",quinton.fortune@footballstaff.com,+212210184467,4.49,True
Moustafa Hadji (Morocco),Assistant Coach,Coaching Staff,2022-11-13,2025-06-16,"Advanced Tactical Analysis Certificate, CAF B License",14,Assistant Coach of the Year,Balance between defense and attack,moustafa.hadji@footballstaff.com,+234396284219,4.36,False
Moustafa Hadji (Morocco),Assistant Coach,Coaching Staff,2024-02-22,2024-11-12,"Advanced Tactical Analysis Certificate, UEFA A License",23,Development Excellence,Attacking football with high pressing,moustafa.hadji@footballstaff.com,+20707454006,3.6,False
Thomas N'Kono (Cameroon),Goalkeeper Coach,Coaching Staff,2020-11-25,2021-11-12,UEFA GK A License,9,Best GK Coach Award,Traditional African football with modern elements,thomas.n'kono@footballstaff.com,+20335105211,4.55,True
Yaya Touré (Ivory Coast),Fitness Coach,Coaching Staff,2020-11-21,2025-11-12,"Sports Science Degree, UEFA Strength & Conditioning License",9,Performance Achievement,Attacking football with high pressing,yaya.touré@footballstaff.com,+225611276103,3.95,True
Lucas Radebe (South Africa),Video Analyst,Coaching Staff,2021-11-13,2024-01-28,"Performance Analysis Certificate, Sports Data Analytics Degree",6,Analysis Excellence Award,Attacking football with high pressing,lucas.radebe@footballstaff.com,+225328227160,4.14,True
Mohamed Kallon (Sierra Leone),Sporting Director,Management,2013-11-13,2026-11-12,"FIFA Management Certificate, Sports Administration",21,Best Development Program,Youth development focus with modern methods,mohamed.kallon@footballstaff.com,+225648821077,4.72,True
Ahmad Ahmad (Madagascar),President,Board,2014-11-21,2016-12-02,"Basic Coaching Certificate, Basic Coaching Certificate",14,Professional Excellence Award,Possession-based tactical approach,ahmad.ahmad@footballstaff.com,+225107455741,3.5,False
Roger Milla (Cameroon),Chairman,Board,2020-01-28,2022-08-03,"Basic Coaching Certificate, Basic Coaching Certificate, Basic Coaching Certificate",11,Professional Excellence Award,Traditional African football with modern elements,roger.milla@footballstaff.com,+225724680465,3.64,False
Moustafa Hadji (Morocco),Assistant Coach,Board,2020-01-28,2022-04-01,"Advanced Tactical Analysis Certificate, CAF B License, UEFA A License",25,Assistant Coach of the Year,"High-intensity, dynamic football",moustafa.hadji@footballstaff.com,+27377421646,3.56,True
Rigobert Song (Cameroon),Assistant Coach,Board,2020-02-14,2022-11-13,UEFA A License,3,Development Excellence,Possession-based tactical approach,rigobert.song@footballstaff.com,+225617089864,3.5,True
Aziz Bennani (Morocco),Owner,Board,2017-01-07,2019-12-29,Basic Coaching Certificate,26,Professional Excellence Award,Balance between defense and attack,aziz.bennani@footballstaff.com,+20570984352,4.64,False
Didier Drogba (Ivory Coast),Owner,Board,2017-01-08,2019-12-30,"Basic Coaching Certificate, Basic Coaching Certificate, Basic Coaching Certificate",10,Professional Excellence Award,"High-intensity, dynamic football",didier.drogba@footballstaff.com,+27744371664,4.97,False
Didier Drogba (Ivory Coast),Owner,Board,2020-01-11,2022-01-22,"Basic Coaching Certificate, Basic Coaching Certificate, Basic Coaching Certificate",13,Professional Excellence Award,Youth development focus with modern methods,didier.drogba@footballstaff.com,+27593777400,4.35,True
Christopher Samba (Congo),Advisor,Board,2021-10-14,2023-12-13,Basic Coaching Certificate,6,Professional Excellence Award,Balance between defense and attack,christopher.samba@footballstaff.com,+225411562718,4.82,True
Benni McCarthy (South Africa),Chief Scout,Coaching Staff,2019-11-14,2022-06-17,Talent Identification Certificate,23,Scouting Excellence Award,Traditional African football with modern elements,benni.mccarthy@footballstaff.com,+212298980059,4.3,False
Radhi Jaïdi (Tunisia),Youth Scout,Coaching Staff,2021-12-07,2023-11-13,Youth Development Badge,7,Future Talent Award,"High-intensity, dynamic football",radhi.jaïdi@footballstaff.com,+212387851725,4.09,False
Rigobert Song (Cameroon),Assistant Coach,Coaching Staff,2022-01-14,2024-10-19,CAF B License,16,Development Excellence,"High-intensity, dynamic football",rigobert.song@footballstaff.com,+234446980266,4.92,True
Badou Zaki (Morocco),Team Coordinator,Coaching Staff,2015-11-14,2018-01-28,"Basic Coaching Certificate, Basic Coaching Certificate, Basic Coaching Certificate",12,Professional Excellence Award,Balance between defense and attack,badou.zaki@footballstaff.com,+225208110128,4.05,True
Stephen Keshi (Nigeria),Team Coordinator,Coaching Staff,2017-11-13,2019-11-18,"Basic Coaching Certificate, Basic Coaching Certificate",6,Professional Excellence Award,Possession-based tactical approach,stephen.keshi@footballstaff.com,+20219320279,3.62,True
Pitso Mosimane (South Africa),Head Coach,Coaching Staff,2020-12-10,2025-12-01,FIFA Elite Coach Certificate,14,Coach of the Year Award,Possession-based tactical approach,pitso.mosimane@footballstaff.com,+225727559740,4.01,True
Quinton Fortune (South Africa),Assistant Coach,Coaching Staff,2020-12-10,2023-11-12,"CAF B License, UEFA A License, Advanced Tactical Analysis Certificate",10,Technical Achievement,"High-intensity, dynamic football",quinton.fortune@footballstaff.com,+212210184467,4.49,False
Moustafa Hadji (Morocco),Assistant Coach,Coaching Staff,2022-12-02,2025-07-05,"Advanced Tactical Analysis Certificate, CAF B License",12,Assistant Coach of the Year,Balance between defense and attack,moustafa.hadji@footballstaff.com,+234396284219,4.06,True
Moustafa Hadji (Morocco),Assistant Coach,Coaching Staff,2024-03-12,2024-12-01,"Advanced Tactical Analysis Certificate, UEFA A License",22,Development Excellence,Attacking football with high pressing,moustafa.hadji@footballstaff.com,+20707454006,3.75,False
Thomas N'Kono (Cameroon),Goalkeeper Coach,Coaching Staff,2020-12-14,2021-12-01,UEFA GK A License,8,Best GK Coach Award,Traditional African football with modern elements,thomas.n'kono@footballstaff.com,+20335105211,4.1,True
Yaya Touré (Ivory Coast),Fitness Coach,Coaching Staff,2020-12-10,2025-12-01,"Sports Science Degree, UEFA Strength & Conditioning License",10,Performance Achievement,Attacking football with high pressing,yaya.touré@footballstaff.com,+225611276103,4.3,True
Lucas Radebe (South Africa),Video Analyst,Coaching Staff,2021-12-02,2024-02-16,"Performance Analysis Certificate, Sports Data Analytics Degree",5,Analysis Excellence Award,Attacking football with high pressing,lucas.radebe@footballstaff.com,+225328227160,4.08,False
Mohamed Kallon (Sierra Leone),Sporting Director,Management,2013-12-02,2026-12-01,"FIFA Management Certificate, Sports Administration",23,Best Development Program,Youth development focus with modern methods,mohamed.kallon@footballstaff.com,+225648821077,5.0,True
Ahmad Ahmad (Madagascar),President,Board,2014-12-10,2016-12-21,"Basic Coaching Certificate, Basic Coaching Certificate",15,Professional Excellence Award,Possession-based tactical approach,ahmad.ahmad@footballstaff.com,+225107455741,3.91,True
Roger Milla (Cameroon),Chairman,Board,2020-02-16,2022-08-22,"Basic Coaching Certificate, Basic Coaching Certificate, Basic Coaching Certificate",14,Professional Excellence Award,Traditional African football with modern elements,roger.milla@footballstaff.com,+225724680465,3.9,True
Moustafa Hadji (Morocco),Assistant Coach,Board,2020-02-16,2022-04-20,"Advanced Tactical Analysis Certificate, CAF B License, UEFA A License",22,Assistant Coach of the Year,"High-intensity, dynamic football",moustafa.hadji@footballstaff.com,+27377421646,3.82,False
Rigobert Song (Cameroon),Assistant Coach,Board,2020-03-04,2022-12-02,UEFA A License,6,Development Excellence,Possession-based tactical approach,rigobert.song@footballstaff.com,+225617089864,3.5,True
Aziz Bennani (Morocco),Owner,Board,2017-01-26,2020-01-17,Basic Coaching Certificate,24,Professional Excellence Award,Balance between defense and attack,aziz.bennani@footballstaff.com,+20570984352,4.46,False
Didier Drogba (Ivory Coast),Owner,Board,2017-01-27,2020-01-18,"Basic Coaching Certificate, Basic Coaching Certificate, Basic Coaching Certificate",9,Professional Excellence Award,"High-intensity, dynamic football",didier.drogba@footballstaff.com,+27744371664,5.0,False
Didier Drogba (Ivory Coast),Owner,Board,2020-01-30,2022-02-10,"Basic Coaching Certificate, Basic Coaching Certificate, Basic Coaching Certificate",16,Professional Excellence Award,Youth development focus with modern methods,didier.drogba@footballstaff.com,+27593777400,4.44,True
Christopher Samba (Congo),Advisor,Board,2021-11-02,2024-01-01,Basic Coaching Certificate,9,Professional Excellence Award,Balance between defense and attack,christopher.samba@footballstaff.com,+225411562718,4.97,True
Benni McCarthy (South Africa),Chief Scout,Coaching Staff,2019-12-03,2022-07-06,Talent Identification Certificate,22,Scouting Excellence Award,Traditional African football with modern elements,benni.mccarthy@footballstaff.com,+212298980059,4.14,False
Radhi Jaïdi (Tunisia),Youth Scout,Coaching Staff,2021-12-26,2023-12-02,Youth Development Badge,4,Future Talent Award,"High-intensity, dynamic football",radhi.jaïdi@footballstaff.com,+212387851725,3.73,False
Rigobert Song (Cameroon),Assistant Coach,Coaching Staff,2022-02-02,2024-11-07,CAF B License,13,Development Excellence,"High-intensity, dynamic football",rigobert.song@footballstaff.com,+234446980266,4.94,True
Badou Zaki (Morocco),Team Coordinator,Coaching Staff,2015-12-03,2018-02-16,"Basic Coaching Certificate, Basic Coaching Certificate, Basic Coaching Certificate",12,Professional Excellence Award,Balance between defense and attack,badou.zaki@footballstaff.com,+225208110128,4.02,True
Stephen Keshi (Nigeria),Team Coordinator,Coaching Staff,2017-12-02,2019-12-07,"Basic Coaching Certificate, Basic Coaching Certificate",7,Professional Excellence Award,Possession-based tactical approach,stephen.keshi@footballstaff.com,+20219320279,3.75,True
Pitso Mosimane (South Africa),Head Coach,Coaching Staff,2021-04-11,2026-04-02,FIFA Elite Coach Certificate,15,Coach of the Year Award,Possession-based tactical approach,pitso.mosimane@footballstaff.com,+225727559740,4.06,True
Quinton Fortune (South Africa),Assistant Coach,Coaching Staff,2021-04-11,2024-03-13,"CAF B License, UEFA A License, Advanced Tactical Analysis Certificate",9,Technical Achievement,"High-intensity, dynamic football",quinton.fortune@footballstaff.com,+212210184467,4.78,True
Moustafa Hadji (Morocco),Assistant Coach,Coaching Staff,2023-04-03,2025-11-04,"Advanced Tactical Analysis Certificate, CAF B License",14,Assistant Coach of the Year,Balance between defense and attack,moustafa.hadji@footballstaff.com,+234396284219,3.93,False
Moustafa Hadji (Morocco),Assistant Coach,Coaching Staff,2024-07-12,2025-04-02,"Advanced Tactical Analysis Certificate, UEFA A License",21,Development Excellence,Attacking football with high pressing,moustafa.hadji@footballstaff.com,+20707454006,3.79,False
Thomas N'Kono (Cameroon),Goalkeeper Coach,Coaching Staff,2021-04-15,2022-04-02,UEFA GK A License,10,Best GK Coach Award,Traditional African football with modern elements,thomas.n'kono@footballstaff.com,+20335105211,4.19,False
Yaya Touré (Ivory Coast),Fitness Coach,Coaching Staff,2021-04-11,2026-04-02,"Sports Science Degree, UEFA Strength & Conditioning License",13,Performance Achievement,Attacking football with high pressing,yaya.touré@footballstaff.com,+225611276103,4.09,False
Lucas Radebe (South Africa),Video Analyst,Coaching Staff,2022-04-03,2024-06-17,"Performance Analysis Certificate, Sports Data Analytics Degree",7,Analysis Excellence Award,Attacking football with high pressing,lucas.radebe@footballstaff.com,+225328227160,4.34,True
Mohamed Kallon (Sierra Leone),Sporting Director,Management,2014-04-03,2027-04-02,"FIFA Management Certificate, Sports Administration",24,Best Development Program,Youth development focus with modern methods,mohamed.kallon@footballstaff.com,+225648821077,4.98,True
Ahmad Ahmad (Madagascar),President,Board,2015-04-11,2017-04-22,"Basic Coaching Certificate, Basic Coaching Certificate",14,Professional Excellence Award,Possession-based tactical approach,ahmad.ahmad@footballstaff.com,+225107455741,3.86,True
Roger Milla (Cameroon),Chairman,Board,2020-06-17,2022-12-22,"Basic Coaching Certificate, Basic Coaching Certificate, Basic Coaching Certificate",13,Professional Excellence Award,Traditional African football with modern elements,roger.milla@footballstaff.com,+225724680465,3.61,False
Moustafa Hadji (Morocco),Assistant Coach,Board,2020-06-17,2022-08-20,"Advanced Tactical Analysis Certificate, CAF B License, UEFA A License",22,Assistant Coach of the Year,"High-intensity, dynamic football",moustafa.hadji@footballstaff.com,+27377421646,3.82,True
Rigobert Song (Cameroon),Assistant Coach,Board,2020-07-04,2023-04-03,UEFA A License,6,Development Excellence,Possession-based tactical approach,rigobert.song@footballstaff.com,+225617089864,3.5,False
Aziz Bennani (Morocco),Owner,Board,2017-05-28,2020-05-18,Basic Coaching Certificate,26,Professional Excellence Award,Balance between defense and attack,aziz.bennani@footballstaff.com,+20570984352,4.76,False
Didier Drogba (Ivory Coast),Owner,Board,2017-05-29,2020-05-19,"Basic Coaching Certificate, Basic Coaching Certificate, Basic Coaching Certificate",8,Professional Excellence Award,"High-intensity, dynamic football",didier.drogba@footballstaff.com,+27744371664,5.0,False
Didier Drogba (Ivory Coast),Owner,Board,2020-05-31,2022-06-12,"Basic Coaching Certificate, Basic Coaching Certificate, Basic Coaching Certificate",14,Professional Excellence Award,Youth development focus with modern methods,didier.drogba@footballstaff.com,+27593777400,4.66,True
Christopher Samba (Congo),Advisor,Board,2022-03-04,2024-05-02,Basic Coaching Certificate,8,Professional Excellence Award,Balance between defense and attack,christopher.samba@footballstaff.com,+225411562718,4.87,True
Benni McCarthy (South Africa),Chief Scout,Coaching Staff,2020-04-03,2022-11-05,Talent Identification Certificate,26,Scouting Excellence Award,Traditional African football with modern elements,benni.mccarthy@footballstaff.com,+212298980059,4.35,True
Radhi Jaïdi (Tunisia),Youth Scout,Coaching Staff,2022-04-27,2024-04-02,Youth Development Badge,8,Future Talent Award,"High-intensity, dynamic football",radhi.jaïdi@footballstaff.com,+212387851725,3.55,False
Rigobert Song (Cameroon),Assistant Coach,Coaching Staff,2022-06-04,2025-03-09,CAF B License,13,Development Excellence,"High-intensity, dynamic football",rigobert.song@footballstaff.com,+234446980266,4.81,True
Badou Zaki (Morocco),Team Coordinator,Coaching Staff,2016-04-03,2018-06-18,"Basic Coaching Certificate, Basic Coaching Certificate, Basic Coaching Certificate",16,Professional Excellence Award,Balance between defense and attack,badou.zaki@footballstaff.com,+225208110128,3.94,False
Stephen Keshi (Nigeria),Team Coordinator,Coaching Staff,2018-04-03,2020-04-07,"Basic Coaching Certificate, Basic Coaching Certificate",10,Professional Excellence Award,Possession-based tactical approach,stephen.keshi@footballstaff.com,+20219320279,3.59,False
Pitso Mosimane (South Africa),Head Coach,Coaching Staff,2020-11-21,2025-11-12,FIFA Elite Coach Certificate,13,Coach of the Year Award,Possession-based tactical approach,pitso.mosimane@footballstaff.com,+225727559740,3.57,False
Quinton Fortune (South Africa),Assistant Coach,Coaching Staff,2020-11-21,2023-10-24,"CAF B License, UEFA A License, Advanced Tactical Analysis Certificate",9,Technical Achievement,"High-intensity, dynamic football",quinton.fortune@footballstaff.com,+212210184467,4.7,True
Moustafa Hadji (Morocco),Assistant Coach,Coaching Staff,2022-11-13,2025-06-16,"Advanced Tactical Analysis Certificate, CAF B License",10,Assistant Coach of the Year,Balance between defense and attack,moustafa.hadji@footballstaff.com,+234396284219,3.96,True
Moustafa Hadji (Morocco),Assistant Coach,Coaching Staff,2024-02-22,2024-11-12,"Advanced Tactical Analysis Certificate, UEFA A License",21,Development Excellence,Attacking football with high pressing,moustafa.hadji@footballstaff.com,+20707454006,3.5,True
Thomas N'Kono (Cameroon),Goalkeeper Coach,Coaching Staff,2020-11-25,2021-11-12,UEFA GK A License,10,Best GK Coach Award,Traditional African football with modern elements,thomas.n'kono@footballstaff.com,+20335105211,4.55,False
Yaya Touré (Ivory Coast),Fitness Coach,Coaching Staff,2020-11-21,2025-11-12,"Sports Science Degree, UEFA Strength & Conditioning License",13,Performance Achievement,Attacking football with high pressing,yaya.touré@footballstaff.com,+225611276103,4.08,False
Lucas Radebe (South Africa),Video Analyst,Coaching Staff,2021-11-13,2024-01-28,"Performance Analysis Certificate, Sports Data Analytics Degree",3,Analysis Excellence Award,Attacking football with high pressing,lucas.radebe@footballstaff.com,+225328227160,4.32,True
Mohamed Kallon (Sierra Leone),Sporting Director,Management,2013-11-13,2026-11-12,"FIFA Management Certificate, Sports Administration",24,Best Development Program,Youth development focus with modern methods,mohamed.kallon@footballstaff.com,+225648821077,4.78,True
Ahmad Ahmad (Madagascar),President,Board,2014-11-21,2016-12-02,"Basic Coaching Certificate, Basic Coaching Certificate",17,Professional Excellence Award,Possession-based tactical approach,ahmad.ahmad@footballstaff.com,+225107455741,3.77,False
Roger Milla (Cameroon),Chairman,Board,2020-01-28,2022-08-03,"Basic Coaching Certificate, Basic Coaching Certificate, Basic Coaching Certificate",13,Professional Excellence Award,Traditional African football with modern elements,roger.milla@footballstaff.com,+225724680465,3.84,True
Moustafa Hadji (Morocco),Assistant Coach,Board,2020-01-28,2022-04-01,"Advanced Tactical Analysis Certificate, CAF B License, UEFA A License",23,Assistant Coach of the Year,"High-intensity, dynamic football",moustafa.hadji@footballstaff.com,+27377421646,3.93,False
Rigobert Song (Cameroon),Assistant Coach,Board,2020-02-14,2022-11-13,UEFA A License,7,Development Excellence,Possession-based tactical approach,rigobert.song@footballstaff.com,+225617089864,3.5,True
Aziz Bennani (Morocco),Owner,Board,2017-01-07,2019-12-29,Basic Coaching Certificate,26,Professional Excellence Award,Balance between defense and attack,aziz.bennani@footballstaff.com,+20570984352,4.63,True
Didier Drogba (Ivory Coast),Owner,Board,2017-01-08,2019-12-30,"Basic Coaching Certificate, Basic Coaching Certificate, Basic Coaching Certificate",8,Professional Excellence Award,"High-intensity, dynamic football",didier.drogba@footballstaff.com,+27744371664,4.87,True
Didier Drogba (Ivory Coast),Owner,Board,2020-01-11,2022-01-22,"Basic Coaching Certificate, Basic Coaching Certificate, Basic Coaching Certificate",17,Professional Excellence Award,Youth development focus with modern methods,didier.drogba@footballstaff.com,+27593777400,4.51,False
Christopher Samba (Congo),Advisor,Board,2021-10-14,2023-12-13,Basic Coaching Certificate,6,Professional Excellence Award,Balance between defense and attack,christopher.samba@footballstaff.com,+225411562718,4.84,False
Benni McCarthy (South Africa),Chief Scout,Coaching Staff,2019-11-14,2022-06-17,Talent Identification Certificate,22,Scouting Excellence Award,Traditional African football with modern elements,benni.mccarthy@footballstaff.com,+212298980059,3.95,False
Radhi Jaïdi (Tunisia),Youth Scout,Coaching Staff,2021-12-07,2023-11-13,Youth Development Badge,5,Future Talent Award,"High-intensity, dynamic football",radhi.jaïdi@footballstaff.com,+212387851725,3.66,True
Rigobert Song (Cameroon),Assistant Coach,Coaching Staff,2022-01-14,2024-10-19,CAF B License,15,Development Excellence,"High-intensity, dynamic football",rigobert.song@footballstaff.com,+234446980266,5.0,True
Badou Zaki (Morocco),Team Coordinator,Coaching Staff,2015-11-14,2018-01-28,"Basic Coaching Certificate, Basic Coaching Certificate, Basic Coaching Certificate",14,Professional Excellence Award,Balance between defense and attack,badou.zaki@footballstaff.com,+225208110128,3.85,True
Stephen Keshi (Nigeria),Team Coordinator,Coaching Staff,2017-11-13,2019-11-18,"Basic Coaching Certificate, Basic Coaching Certificate",6,Professional Excellence Award,Possession-based tactical approach,stephen.keshi@footballstaff.com,+20219320279,3.83,True
Pitso Mosimane (South Africa),Head Coach,Coaching Staff,2021-06-12,2026-06-03,FIFA Elite Coach Certificate,13,Coach of the Year Award,Possession-based tactical approach,pitso.mosimane@footballstaff.com,+225727559740,3.75,True
Quinton Fortune (South Africa),Assistant Coach,Coaching Staff,2021-06-12,2024-05-14,"CAF B License, UEFA A License, Advanced Tactical Analysis Certificate",10,Technical Achievement,"High-intensity, dynamic football",quinton.fortune@footballstaff.com,+212210184467,4.82,True
Moustafa Hadji (Morocco),Assistant Coach,Coaching Staff,2023-06-04,2026-01-05,"Advanced Tactical Analysis Certificate, CAF B License",11,Assistant Coach of the Year,Balance between defense and attack,moustafa.hadji@footballstaff.com,+234396284219,4.05,True
Moustafa Hadji (Morocco),Assistant Coach,Coaching Staff,2024-09-12,2025-06-03,"Advanced Tactical Analysis Certificate, UEFA A License",23,Development Excellence,Attacking football with high pressing,moustafa.hadji@footballstaff.com,+20707454006,3.79,True
Thomas N'Kono (Cameroon),Goalkeeper Coach,Coaching Staff,2021-06-16,2022-06-03,UEFA GK A License,8,Best GK Coach Award,Traditional African football with modern elements,thomas.n'kono@footballstaff.com,+20335105211,4.53,True
Yaya Touré (Ivory Coast),Fitness Coach,Coaching Staff,2021-06-12,2026-06-03,"Sports Science Degree, UEFA Strength & Conditioning License",11,Performance Achievement,Attacking football with high pressing,yaya.touré@footballstaff.com,+225611276103,4.06,False
Lucas Radebe (South Africa),Video Analyst,Coaching Staff,2022-06-04,2024-08-18,"Performance Analysis Certificate, Sports Data Analytics Degree",4,Analysis Excellence Award,Attacking football with high pressing,lucas.radebe@footballstaff.com,+225328227160,4.28,False
Mohamed Kallon (Sierra Leone),Sporting Director,Management,2014-06-04,2027-06-03,"FIFA Management Certificate, Sports Administration",23,Best Development Program,Youth development focus with modern methods,mohamed.kallon@footballstaff.com,+225648821077,4.73,True
Ahmad Ahmad (Madagascar),President,Board,2015-06-12,2017-06-23,"Basic Coaching Certificate, Basic Coaching Certificate",18,Professional Excellence Award,Possession-based tactical approach,ahmad.ahmad@footballstaff.com,+225107455741,3.68,True
Roger Milla (Cameroon),Chairman,Board,2020-08-18,2023-02-22,"Basic Coaching Certificate, Basic Coaching Certificate, Basic Coaching Certificate",13,Professional Excellence Award,Traditional African football with modern elements,roger.milla@footballstaff.com,+225724680465,3.51,True
Moustafa Hadji (Morocco),Assistant Coach,Board,2020-08-18,2022-10-21,"Advanced Tactical Analysis Certificate, CAF B License, UEFA A License",24,Assistant Coach of the Year,"High-intensity, dynamic football",moustafa.hadji@footballstaff.com,+27377421646,3.76,False
Rigobert Song (Cameroon),Assistant Coach,Board,2020-09-04,2023-06-04,UEFA A License,7,Development Excellence,Possession-based tactical approach,rigobert.song@footballstaff.com,+225617089864,3.6,False
Aziz Bennani (Morocco),Owner,Board,2017-07-29,2020-07-19,Basic Coaching Certificate,26,Professional Excellence Award,Balance between defense and attack,aziz.bennani@footballstaff.com,+20570984352,4.76,False
Didier Drogba (Ivory Coast),Owner,Board,2017-07-30,2020-07-20,"Basic Coaching Certificate, Basic Coaching Certificate, Basic Coaching Certificate",11,Professional Excellence Award,"High-intensity, dynamic football",didier.drogba@footballstaff.com,+27744371664,4.59,True
Didier Drogba (Ivory Coast),Owner,Board,2020-08-01,2022-08-13,"Basic Coaching Certificate, Basic Coaching Certificate, Basic Coaching Certificate",15,Professional Excellence Award,Youth development focus with modern methods,didier.drogba@footballstaff.com,+27593777400,4.23,False
Christopher Samba (Congo),Advisor,Board,2022-05-05,2024-07-03,Basic Coaching Certificate,7,Professional Excellence Award,Balance between defense and attack,christopher.samba@footballstaff.com,+225411562718,4.43,True
Benni McCarthy (South Africa),Chief Scout,Coaching Staff,2020-06-04,2023-01-06,Talent Identification Certificate,25,Scouting Excellence Award,Traditional African football with modern elements,benni.mccarthy@footballstaff.com,+212298980059,4.27,True
Radhi Jaïdi (Tunisia),Youth Scout,Coaching Staff,2022-06-28,2024-06-03,Youth Development Badge,7,Future Talent Award,"High-intensity, dynamic football",radhi.jaïdi@footballstaff.com,+212387851725,3.82,False
Rigobert Song (Cameroon),Assistant Coach,Coaching Staff,2022-08-05,2025-05-10,CAF B License,14,Development Excellence,"High-intensity, dynamic football",rigobert.song@footballstaff.com,+234446980266,4.68,False
Badou Zaki (Morocco),Team Coordinator,Coaching Staff,2016-06-04,2018-08-19,"Basic Coaching Certificate, Basic Coaching Certificate, Basic Coaching Certificate",14,Professional Excellence Award,Balance between defense and attack,badou.zaki@footballstaff.com,+225208110128,3.89,True
Stephen Keshi (Nigeria),Team Coordinator,Coaching Staff,2018-06-04,2020-06-08,"Basic Coaching Certificate, Basic Coaching Certificate",7,Professional Excellence Award,Possession-based tactical approach,stephen.keshi@footballstaff.com,+20219320279,3.87,True
Pitso Mosimane (South Africa),Head Coach,Coaching Staff,2021-07-04,2026-06-25,FIFA Elite Coach Certificate,13,Coach of the Year Award,Possession-based tactical approach,pitso.mosimane@footballstaff.com,+225727559740,4.04,False
Quinton Fortune (South Africa),Assistant Coach,Coaching Staff,2021-07-04,2024-06-05,"CAF B License, UEFA A License, Advanced Tactical Analysis Certificate",10,Technical Achievement,"High-intensity, dynamic football",quinton.fortune@footballstaff.com,+212210184467,4.74,True
Moustafa Hadji (Morocco),Assistant Coach,Coaching Staff,2023-06-26,2026-01-27,"Advanced Tactical Analysis Certificate, CAF B License",11,Assistant Coach of the Year,Balance between defense and attack,moustafa.hadji@footballstaff.com,+234396284219,4.45,False
Moustafa Hadji (Morocco),Assistant Coach,Coaching Staff,2024-10-04,2025-06-25,"Advanced Tactical Analysis Certificate, UEFA A License",19,Development Excellence,Attacking football with high pressing,moustafa.hadji@footballstaff.com,+20707454006,3.52,False
Thomas N'Kono (Cameroon),Goalkeeper Coach,Coaching Staff,2021-07-08,2022-06-25,UEFA GK A License,7,Best GK Coach Award,Traditional African football with modern elements,thomas.n'kono@footballstaff.com,+20335105211,4.17,True
Yaya Touré (Ivory Coast),Fitness Coach,Coaching Staff,2021-07-04,2026-06-25,"Sports Science Degree, UEFA Strength & Conditioning License",10,Performance Achievement,Attacking football with high pressing,yaya.touré@footballstaff.com,+225611276103,4.29,True
Lucas Radebe (South Africa),Video Analyst,Coaching Staff,2022-06-26,2024-09-09,"Performance Analysis Certificate, Sports Data Analytics Degree",4,Analysis Excellence Award,Attacking football with high pressing,lucas.radebe@footballstaff.com,+225328227160,4.32,True
Mohamed Kallon (Sierra Leone),Sporting Director,Management,2014-06-26,2027-06-25,"FIFA Management Certificate, Sports Administration",21,Best Development Program,Youth development focus with modern methods,mohamed.kallon@footballstaff.com,+225648821077,5.0,True
Ahmad Ahmad (Madagascar),President,Board,2015-07-04,2017-07-15,"Basic Coaching Certificate, Basic Coaching Certificate",18,Professional Excellence Award,Possession-based tactical approach,ahmad.ahmad@footballstaff.com,+225107455741,3.67,True
Roger Milla (Cameroon),Chairman,Board,2020-09-09,2023-03-16,"Basic Coaching Certificate, Basic Coaching Certificate, Basic Coaching Certificate",14,Professional Excellence Award,Traditional African football with modern elements,roger.milla@footballstaff.com,+225724680465,3.78,False
Moustafa Hadji (Morocco),Assistant Coach,Board,2020-09-09,2022-11-12,"Advanced Tactical Analysis Certificate, CAF B License, UEFA A License",23,Assistant Coach of the Year,"High-intensity, dynamic football",moustafa.hadji@footballstaff.com,+27377421646,3.54,True
Rigobert Song (Cameroon),Assistant Coach,Board,2020-09-26,2023-06-26,UEFA A License,5,Development Excellence,Possession-based tactical approach,rigobert.song@footballstaff.com,+225617089864,3.53,False
Aziz Bennani (Morocco),Owner,Board,2017-08-20,2020-08-10,Basic Coaching Certificate,25,Professional Excellence Award,Balance between defense and attack,aziz.bennani@footballstaff.com,+20570984352,4.74,True
Didier Drogba (Ivory Coast),Owner,Board,2017-08-21,2020-08-11,"Basic Coaching Certificate, Basic Coaching Certificate, Basic Coaching Certificate",8,Professional Excellence Award,"High-intensity, dynamic football",didier.drogba@footballstaff.com,+27744371664,4.66,False
Didier Drogba (Ivory Coast),Owner,Board,2020-08-23,2022-09-04,"Basic Coaching Certificate, Basic Coaching Certificate, Basic Coaching Certificate",15,Professional Excellence Award,Youth development focus with modern methods,didier.drogba@footballstaff.com,+27593777400,4.56,False
Christopher Samba (Congo),Advisor,Board,2022-05-27,2024-07-25,Basic Coaching Certificate,6,Professional Excellence Award,Balance between defense and attack,christopher.samba@footballstaff.com,+225411562718,4.83,False
Benni McCarthy (South Africa),Chief Scout,Coaching Staff,2020-06-26,2023-01-28,Talent Identification Certificate,23,Scouting Excellence Award,Traditional African football with modern elements,benni.mccarthy@footballstaff.com,+212298980059,3.91,False
Radhi Jaïdi (Tunisia),Youth Scout,Coaching Staff,2022-07-20,2024-06-25,Youth Development Badge,6,Future Talent Award,"High-intensity, dynamic football",radhi.jaïdi@footballstaff.com,+212387851725,3.63,True
Rigobert Song (Cameroon),Assistant Coach,Coaching Staff,2022-08-27,2025-06-01,CAF B License,15,Development Excellence,"High-intensity, dynamic football",rigobert.song@footballstaff.com,+234446980266,4.96,True
Badou Zaki (Morocco),Team Coordinator,Coaching Staff,2016-06-26,2018-09-10,"Basic Coaching Certificate, Basic Coaching Certificate, Basic Coaching Certificate",15,Professional Excellence Award,Balance between defense and attack,badou.zaki@footballstaff.com,+225208110128,3.6,False
Stephen Keshi (Nigeria),Team Coordinator,Coaching Staff,2018-06-26,2020-06-30,"Basic Coaching Certificate, Basic Coaching Certificate",6,Professional Excellence Award,Possession-based tactical approach,stephen.keshi@footballstaff.com,+20219320279,3.97,True
Pitso Mosimane (South Africa),Head Coach,Coaching Staff,2021-11-11,2026-11-02,FIFA Elite Coach Certificate,14,Coach of the Year Award,Possession-based tactical approach,pitso.mosimane@footballstaff.com,+225727559740,3.97,False
Quinton Fortune (South Africa),Assistant Coach,Coaching Staff,2021-11-11,2024-10-13,"CAF B License, UEFA A License, Advanced Tactical Analysis Certificate",9,Technical Achievement,"High-intensity, dynamic football",quinton.fortune@footballstaff.com,+212210184467,4.87,True
Moustafa Hadji (Morocco),Assistant Coach,Coaching Staff,2023-11-03,2026-06-06,"Advanced Tactical Analysis Certificate, CAF B License",14,Assistant Coach of the Year,Balance between defense and attack,moustafa.hadji@footballstaff.com,+234396284219,4.1,False
Moustafa Hadji (Morocco),Assistant Coach,Coaching Staff,2025-02-11,2025-11-02,"Advanced Tactical Analysis Certificate, UEFA A License",22,Development Excellence,Attacking football with high pressing,moustafa.hadji@footballstaff.com,+20707454006,3.64,False
Thomas N'Kono (Cameroon),Goalkeeper Coach,Coaching Staff,2021-11-15,2022-11-02,UEFA GK A License,8,Best GK Coach Award,Traditional African football with modern elements,thomas.n'kono@footballstaff.com,+20335105211,4.56,True
Yaya Touré (Ivory Coast),Fitness Coach,Coaching Staff,2021-11-11,2026-11-02,"Sports Science Degree, UEFA Strength & Conditioning License",12,Performance Achievement,Attacking football with high pressing,yaya.touré@footballstaff.com,+225611276103,4.3,False
Lucas Radebe (South Africa),Video Analyst,Coaching Staff,2022-11-03,2025-01-17,"Performance Analysis Certificate, Sports Data Analytics Degree",3,Analysis Excellence Award,Attacking football with high pressing,lucas.radebe@footballstaff.com,+225328227160,4.24,False
Mohamed Kallon (Sierra Leone),Sporting Director,Management,2014-11-03,2027-11-02,"FIFA Management Certificate, Sports Administration",20,Best Development Program,Youth development focus with modern methods,mohamed.kallon@footballstaff.com,+225648821077,4.7,False
Ahmad Ahmad (Madagascar),President,Board,2015-11-11,2017-11-22,"Basic Coaching Certificate, Basic Coaching Certificate",16,Professional Excellence Award,Possession-based tactical approach,ahmad.ahmad@footballstaff.com,+225107455741,3.81,False
Roger Milla (Cameroon),Chairman,Board,2021-01-17,2023-07-24,"Basic Coaching Certificate, Basic Coaching Certificate, Basic Coaching Certificate",13,Professional Excellence Award,Traditional African football with modern elements,roger.milla@footballstaff.com,+225724680465,3.5,False
Moustafa Hadji (Morocco),Assistant Coach,Board,2021-01-17,2023-03-22,"Advanced Tactical Analysis Certificate, CAF B License, UEFA A License",25,Assistant Coach of the Year,"High-intensity, dynamic football",moustafa.hadji@footballstaff.com,+27377421646,3.89,False
Rigobert Song (Cameroon),Assistant Coach,Board,2021-02-03,2023-11-03,UEFA A License,4,Development Excellence,Possession-based tactical approach,rigobert.song@footballstaff.com,+225617089864,3.8,True
Aziz Bennani (Morocco),Owner,Board,2017-12-28,2020-12-18,Basic Coaching Certificate,24,Professional Excellence Award,Balance between defense and attack,aziz.bennani@footballstaff.com,+20570984352,4.49,False
Didier Drogba (Ivory Coast),Owner,Board,2017-12-29,2020-12-19,"Basic Coaching Certificate, Basic Coaching Certificate, Basic Coaching Certificate",9,Professional Excellence Award,"High-intensity, dynamic football",didier.drogba@footballstaff.com,+27744371664,4.67,True
Didier Drogba (Ivory Coast),Owner,Board,2020-12-31,2023-01-12,"Basic Coaching Certificate, Basic Coaching Certificate, Basic Coaching Certificate",14,Professional Excellence Award,Youth development focus with modern methods,didier.drogba@footballstaff.com,+27593777400,4.43,True
Christopher Samba (Congo),Advisor,Board,2022-10-04,2024-12-02,Basic Coaching Certificate,5,Professional Excellence Award,Balance between defense and attack,christopher.samba@footballstaff.com,+225411562718,4.72,True
Benni McCarthy (South Africa),Chief Scout,Coaching Staff,2020-11-03,2023-06-07,Talent Identification Certificate,23,Scouting Excellence Award,Traditional African football with modern elements,benni.mccarthy@footballstaff.com,+212298980059,4.42,False
Radhi Jaïdi (Tunisia),Youth Scout,Coaching Staff,2022-11-27,2024-11-02,Youth Development Badge,5,Future Talent Award,"High-intensity, dynamic football",radhi.jaïdi@footballstaff.com,+212387851725,4.11,False
Rigobert Song (Cameroon),Assistant Coach,Coaching Staff,2023-01-04,2025-10-09,CAF B License,13,Development Excellence,"High-intensity, dynamic football",rigobert.song@footballstaff.com,+234446980266,4.91,False
Badou Zaki (Morocco),Team Coordinator,Coaching Staff,2016-11-03,2019-01-18,"Basic Coaching Certificate, Basic Coaching Certificate, Basic Coaching Certificate",13,Professional Excellence Award,Balance between defense and attack,badou.zaki@footballstaff.com,+225208110128,3.93,True
Stephen Keshi (Nigeria),Team Coordinator,Coaching Staff,2018-11-03,2020-11-07,"Basic Coaching Certificate, Basic Coaching Certificate",7,Professional Excellence Award,Possession-based tactical approach,stephen.keshi@footballstaff.com,+20219320279,3.74,True
Pitso Mosimane (South Africa),Head Coach,Coaching Staff,2022-01-09,2026-12-31,FIFA Elite Coach Certificate,13,Coach of the Year Award,Possession-based tactical approach,pitso.mosimane@footballstaff.com,+225727559740,3.76,False
Quinton Fortune (South Africa),Assistant Coach,Coaching Staff,2022-01-09,2024-12-11,"CAF B License, UEFA A License, Advanced Tactical Analysis Certificate",8,Technical Achievement,"High-intensity, dynamic football",quinton.fortune@footballstaff.com,+212210184467,4.75,True
Moustafa Hadji (Morocco),Assistant Coach,Coaching Staff,2024-01-01,2026-08-04,"Advanced Tactical Analysis Certificate, CAF B License",12,Assistant Coach of the Year,Balance between defense and attack,moustafa.hadji@footballstaff.com,+234396284219,4.0,False
Moustafa Hadji (Morocco),Assistant Coach,Coaching Staff,2025-04-11,2025-12-31,"Advanced Tactical Analysis Certificate, UEFA A License",22,Development Excellence,Attacking football with high pressing,moustafa.hadji@footballstaff.com,+20707454006,3.57,True
Thomas N'Kono (Cameroon),Goalkeeper Coach,Coaching Staff,2022-01-13,2022-12-31,UEFA GK A License,11,Best GK Coach Award,Traditional African football with modern elements,thomas.n'kono@footballstaff.com,+20335105211,4.31,True
Yaya Touré (Ivory Coast),Fitness Coach,Coaching Staff,2022-01-09,2026-12-31,"Sports Science Degree, UEFA Strength & Conditioning License",10,Performance Achievement,Attacking football with high pressing,yaya.touré@footballstaff.com,+225611276103,4.24,True
Lucas Radebe (South Africa),Video Analyst,Coaching Staff,2023-01-01,2025-03-17,"Performance Analysis Certificate, Sports Data Analytics Degree",5,Analysis Excellence Award,Attacking football with high pressing,lucas.radebe@footballstaff.com,+225328227160,3.93,True
Mohamed Kallon (Sierra Leone),Sporting Director,Management,2015-01-01,2027-12-31,"FIFA Management Certificate, Sports Administration",23,Best Development Program,Youth development focus with modern methods,mohamed.kallon@footballstaff.com,+225648821077,5.0,False
Ahmad Ahmad (Madagascar),President,Board,2016-01-09,2018-01-20,"Basic Coaching Certificate, Basic Coaching Certificate",18,Professional Excellence Award,Possession-based tactical approach,ahmad.ahmad@footballstaff.com,+225107455741,3.79,True
Roger Milla (Cameroon),Chairman,Board,2021-03-17,2023-09-21,"Basic Coaching Certificate, Basic Coaching Certificate, Basic Coaching Certificate",12,Professional Excellence Award,Traditional African football with modern elements,roger.milla@footballstaff.com,+225724680465,3.52,True
Moustafa Hadji (Morocco),Assistant Coach,Board,2021-03-17,2023-05-20,"Advanced Tactical Analysis Certificate, CAF B License, UEFA A License",23,Assistant Coach of the Year,"High-intensity, dynamic football",moustafa.hadji@footballstaff.com,+27377421646,3.6,False
Rigobert Song (Cameroon),Assistant Coach,Board,2021-04-03,2024-01-01,UEFA A License,3,Development Excellence,Possession-based tactical approach,rigobert.song@footballstaff.com,+225617089864,3.5,True
Aziz Bennani (Morocco),Owner,Board,2018-02-25,2021-02-15,Basic Coaching Certificate,24,Professional Excellence Award,Balance between defense and attack,aziz.bennani@footballstaff.com,+20570984352,4.7,False
Didier Drogba (Ivory Coast),Owner,Board,2018-02-26,2021-02-16,"Basic Coaching Certificate, Basic Coaching Certificate, Basic Coaching Certificate",7,Professional Excellence Award,"High-intensity, dynamic football",didier.drogba@footballstaff.com,+27744371664,4.95,False
Didier Drogba (Ivory Coast),Owner,Board,2021-02-28,2023-03-12,"Basic Coaching Certificate, Basic Coaching Certificate, Basic Coaching Certificate",17,Professional Excellence Award,Youth development focus with modern methods,didier.drogba@footballstaff.com,+27593777400,4.54,True
Christopher Samba (Congo),Advisor,Board,2022-12-02,2025-01-30,Basic Coaching Certificate,8,Professional Excellence Award,Balance between defense and attack,christopher.samba@footballstaff.com,+225411562718,4.42,False
Benni McCarthy (South Africa),Chief Scout,Coaching Staff,2021-01-01,2023-08-05,Talent Identification Certificate,22,Scouting Excellence Award,Traditional African football with modern elements,benni.mccarthy@footballstaff.com,+212298980059,4.3,True
Radhi Jaïdi (Tunisia),Youth Scout,Coaching Staff,2023-01-25,2024-12-31,Youth Development Badge,7,Future Talent Award,"High-intensity, dynamic football",radhi.jaïdi@footballstaff.com,+212387851725,3.77,False
Rigobert Song (Cameroon),Assistant Coach,Coaching Staff,2023-03-04,2025-12-07,CAF B License,14,Development Excellence,"High-intensity, dynamic football",rigobert.song@footballstaff.com,+234446980266,5.0,False
Badou Zaki (Morocco),Team Coordinator,Coaching Staff,2017-01-01,2019-03-18,"Basic Coaching Certificate, Basic Coaching Certificate, Basic Coaching Certificate",14,Professional Excellence Award,Balance between defense and attack,badou.zaki@footballstaff.com,+225208110128,3.69,False
Stephen Keshi (Nigeria),Team Coordinator,Coaching Staff,2019-01-01,2021-01-05,"Basic Coaching Certificate, Basic Coaching Certificate",9,Professional Excellence Award,Possession-based tactical approach,stephen.keshi@footballstaff.com,+20219320279,3.81,True
Pitso Mosimane (South Africa),Head Coach,Coaching Staff,2021-06-06,2026-05-28,FIFA Elite Coach Certificate,14,Coach of the Year Award,Possession-based tactical approach,pitso.mosimane@footballstaff.com,+225727559740,3.59,False
Quinton Fortune (South Africa),Assistant Coach,Coaching Staff,2021-06-06,2024-05-08,"CAF B License, UEFA A License, Advanced Tactical Analysis Certificate",8,Technical Achievement,"High-intensity, dynamic football",quinton.fortune@footballstaff.com,+212210184467,5.0,False
Moustafa Hadji (Morocco),Assistant Coach,Coaching Staff,2023-05-29,2025-12-30,"Advanced Tactical Analysis Certificate, CAF B License",13,Assistant Coach of the Year,Balance between defense and attack,moustafa.hadji@footballstaff.com,+234396284219,4.12,False
Moustafa Hadji (Morocco),Assistant Coach,Coaching Staff,2024-09-06,2025-05-28,"Advanced Tactical Analysis Certificate, UEFA A License",20,Development Excellence,Attacking football with high pressing,moustafa.hadji@footballstaff.com,+20707454006,3.5,True
Thomas N'Kono (Cameroon),Goalkeeper Coach,Coaching Staff,2021-06-10,2022-05-28,UEFA GK A License,11,Best GK Coach Award,Traditional African football with modern elements,thomas.n'kono@footballstaff.com,+20335105211,4.18,False
Yaya Touré (Ivory Coast),Fitness Coach,Coaching Staff,2021-06-06,2026-05-28,"Sports Science Degree, UEFA Strength & Conditioning License",11,Performance Achievement,Attacking football with high pressing,yaya.touré@footballstaff.com,+225611276103,4.0,False
Lucas Radebe (South Africa),Video Analyst,Coaching Staff,2022-05-29,2024-08-12,"Performance Analysis Certificate, Sports Data Analytics Degree",3,Analysis Excellence Award,Attacking football with high pressing,lucas.radebe@footballstaff.com,+225328227160,4.13,True
Mohamed Kallon (Sierra Leone),Sporting Director,Management,2014-05-29,2027-05-28,"FIFA Management Certificate, Sports Administration",24,Best Development Program,Youth development focus with modern methods,mohamed.kallon@footballstaff.com,+225648821077,5.0,True
Ahmad Ahmad (Madagascar),President,Board,2015-06-06,2017-06-17,"Basic Coaching Certificate, Basic Coaching Certificate",18,Professional Excellence Award,Possession-based tactical approach,ahmad.ahmad@footballstaff.com,+225107455741,3.98,True
Roger Milla (Cameroon),Chairman,Board,2020-08-12,2023-02-16,"Basic Coaching Certificate, Basic Coaching Certificate, Basic Coaching Certificate",11,Professional Excellence Award,Traditional African football with modern elements,roger.milla@footballstaff.com,+225724680465,3.61,True
Moustafa Hadji (Morocco),Assistant Coach,Board,2020-08-12,2022-10-15,"Advanced Tactical Analysis Certificate, CAF B License, UEFA A License",23,Assistant Coach of the Year,"High-intensity, dynamic football",moustafa.hadji@footballstaff.com,+27377421646,4.0,True
Rigobert Song (Cameroon),Assistant Coach,Board,2020-08-29,2023-05-29,UEFA A License,7,Development Excellence,Possession-based tactical approach,rigobert.song@footballstaff.com,+225617089864,3.7,False
Aziz Bennani (Morocco),Owner,Board,2017-07-23,2020-07-13,Basic Coaching Certificate,23,Professional Excellence Award,Balance between defense and attack,aziz.bennani@footballstaff.com,+20570984352,4.73,True
Didier Drogba (Ivory Coast),Owner,Board,2017-07-24,2020-07-14,"Basic Coaching Certificate, Basic Coaching Certificate, Basic Coaching Certificate",7,Professional Excellence Award,"High-intensity, dynamic football",didier.drogba@footballstaff.com,+27744371664,5.0,False
Didier Drogba (Ivory Coast),Owner,Board,2020-07-26,2022-08-07,"Basic Coaching Certificate, Basic Coaching Certificate, Basic Coaching Certificate",14,Professional Excellence Award,Youth development focus with modern methods,didier.drogba@footballstaff.com,+27593777400,4.36,False
Christopher Samba (Congo),Advisor,Board,2022-04-29,2024-06-27,Basic Coaching Certificate,7,Professional Excellence Award,Balance between defense and attack,christopher.samba@footballstaff.com,+225411562718,4.77,False
Benni McCarthy (South Africa),Chief Scout,Coaching Staff,2020-05-29,2022-12-31,Talent Identification Certificate,24,Scouting Excellence Award,Traditional African football with modern elements,benni.mccarthy@footballstaff.com,+212298980059,4.03,True
Radhi Jaïdi (Tunisia),Youth Scout,Coaching Staff,2022-06-22,2024-05-28,Youth Development Badge,7,Future Talent Award,"High-intensity, dynamic football",radhi.jaïdi@footballstaff.com,+212387851725,3.83,True
Rigobert Song (Cameroon),Assistant Coach,Coaching Staff,2022-07-30,2025-05-04,CAF B License,13,Development Excellence,"High-intensity, dynamic football",rigobert.song@footballstaff.com,+234446980266,4.85,False
Badou Zaki (Morocco),Team Coordinator,Coaching Staff,2016-05-29,2018-08-13,"Basic Coaching Certificate, Basic Coaching Certificate, Basic Coaching Certificate",12,Professional Excellence Award,Balance between defense and attack,badou.zaki@footballstaff.com,+225208110128,4.07,True
Stephen Keshi (Nigeria),Team Coordinator,Coaching Staff,2018-05-29,2020-06-02,"Basic Coaching Certificate, Basic Coaching Certificate",6,Professional Excellence Award,Possession-based tactical approach,stephen.keshi@footballstaff.com,+20219320279,4.05,True
Pitso Mosimane (South Africa),Head Coach,Coaching Staff,2021-03-31,2026-03-22,FIFA Elite Coach Certificate,14,Coach of the Year Award,Possession-based tactical approach,pitso.mosimane@footballstaff.com,+225727559740,3.9,False
Quinton Fortune (South Africa),Assistant Coach,Coaching Staff,2021-03-31,2024-03-02,"CAF B License, UEFA A License, Advanced Tactical Analysis Certificate",6,Technical Achievement,"High-intensity, dynamic football",quinton.fortune@footballstaff.com,+212210184467,4.94,False
Moustafa Hadji (Morocco),Assistant Coach,Coaching Staff,2023-03-23,2025-10-24,"Advanced Tactical Analysis Certificate, CAF B License",12,Assistant Coach of the Year,Balance between defense and attack,moustafa.hadji@footballstaff.com,+234396284219,4.05,False
Moustafa Hadji (Morocco),Assistant Coach,Coaching Staff,2024-07-01,2025-03-22,"Advanced Tactical Analysis Certificate, UEFA A License",20,Development Excellence,Attacking football with high pressing,moustafa.hadji@footballstaff.com,+20707454006,3.58,True
Thomas N'Kono (Cameroon),Goalkeeper Coach,Coaching Staff,2021-04-04,2022-03-22,UEFA GK A License,11,Best GK Coach Award,Traditional African football with modern elements,thomas.n'kono@footballstaff.com,+20335105211,4.05,False
Yaya Touré (Ivory Coast),Fitness Coach,Coaching Staff,2021-03-31,2026-03-22,"Sports Science Degree, UEFA Strength & Conditioning License",11,Performance Achievement,Attacking football with high pressing,yaya.touré@footballstaff.com,+225611276103,4.26,True
Lucas Radebe (South Africa),Video Analyst,Coaching Staff,2022-03-23,2024-06-06,"Performance Analysis Certificate, Sports Data Analytics Degree",6,Analysis Excellence Award,Attacking football with high pressing,lucas.radebe@footballstaff.com,+225328227160,4.0,True
Mohamed Kallon (Sierra Leone),Sporting Director,Management,2014-03-23,2027-03-22,"FIFA Management Certificate, Sports Administration",22,Best Development Program,Youth development focus with modern methods,mohamed.kallon@footballstaff.com,+225648821077,5.0,False
Ahmad Ahmad (Madagascar),President,Board,2015-03-31,2017-04-11,"Basic Coaching Certificate, Basic Coaching Certificate",14,Professional Excellence Award,Possession-based tactical approach,ahmad.ahmad@footballstaff.com,+225107455741,3.51,False
Roger Milla (Cameroon),Chairman,Board,2020-06-06,2022-12-11,"Basic Coaching Certificate, Basic Coaching Certificate, Basic Coaching Certificate",13,Professional Excellence Award,Traditional African football with modern elements,roger.milla@footballstaff.com,+225724680465,3.59,False
Moustafa Hadji (Morocco),Assistant Coach,Board,2020-06-06,2022-08-09,"Advanced Tactical Analysis Certificate, CAF B License, UEFA A License",22,Assistant Coach of the Year,"High-intensity, dynamic football",moustafa.hadji@footballstaff.com,+27377421646,3.56,False
Rigobert Song (Cameroon),Assistant Coach,Board,2020-06-23,2023-03-23,UEFA A License,3,Development Excellence,Possession-based tactical approach,rigobert.song@footballstaff.com,+225617089864,3.71,True
Aziz Bennani (Morocco),Owner,Board,2017-05-17,2020-05-07,Basic Coaching Certificate,24,Professional Excellence Award,Balance between defense and attack,aziz.bennani@footballstaff.com,+20570984352,4.7,False
Didier Drogba (Ivory Coast),Owner,Board,2017-05-18,2020-05-08,"Basic Coaching Certificate, Basic Coaching Certificate, Basic Coaching Certificate",9,Professional Excellence Award,"High-intensity, dynamic football",didier.drogba@footballstaff.com,+27744371664,4.71,False
Didier Drogba (Ivory Coast),Owner,Board,2020-05-20,2022-06-01,"Basic Coaching Certificate, Basic Coaching Certificate, Basic Coaching Certificate",13,Professional Excellence Award,Youth development focus with modern methods,didier.drogba@footballstaff.com,+27593777400,4.32,True
Christopher Samba (Congo),Advisor,Board,2022-02-21,2024-04-21,Basic Coaching Certificate,7,Professional Excellence Award,Balance between defense and attack,christopher.samba@footballstaff.com,+225411562718,4.94,True
Benni McCarthy (South Africa),Chief Scout,Coaching Staff,2020-03-23,2022-10-25,Talent Identification Certificate,24,Scouting Excellence Award,Traditional African football with modern elements,benni.mccarthy@footballstaff.com,+212298980059,4.4,True
Radhi Jaïdi (Tunisia),Youth Scout,Coaching Staff,2022-04-16,2024-03-22,Youth Development Badge,7,Future Talent Award,"High-intensity, dynamic football",radhi.jaïdi@footballstaff.com,+212387851725,4.11,True
Rigobert Song (Cameroon),Assistant Coach,Coaching Staff,2022-05-24,2025-02-26,CAF B License,13,Development Excellence,"High-intensity, dynamic football",rigobert.song@footballstaff.com,+234446980266,5.0,False
Badou Zaki (Morocco),Team Coordinator,Coaching Staff,2016-03-23,2018-06-07,"Basic Coaching Certificate, Basic Coaching Certificate, Basic Coaching Certificate",13,Professional Excellence Award,Balance between defense and attack,badou.zaki@footballstaff.com,+225208110128,3.6,True
Stephen Keshi (Nigeria),Team Coordinator,Coaching Staff,2018-03-23,2020-03-27,"Basic Coaching Certificate, Basic Coaching Certificate",8,Professional Excellence Award,Possession-based tactical approach,stephen.keshi@footballstaff.com,+20219320279,3.96,False
Pitso Mosimane (South Africa),Head Coach,Coaching Staff,2021-07-15,2026-07-06,FIFA Elite Coach Certificate,14,Coach of the Year Award,Possession-based tactical approach,pitso.mosimane@footballstaff.com,+225727559740,3.95,False
Quinton Fortune (South Africa),Assistant Coach,Coaching Staff,2021-07-15,2024-06-16,"CAF B License, UEFA A License, Advanced Tactical Analysis Certificate",6,Technical Achievement,"High-intensity, dynamic football",quinton.fortune@footballstaff.com,+212210184467,4.52,True
Moustafa Hadji (Morocco),Assistant Coach,Coaching Staff,2023-07-07,2026-02-07,"Advanced Tactical Analysis Certificate, CAF B License",14,Assistant Coach of the Year,Balance between defense and attack,moustafa.hadji@footballstaff.com,+234396284219,3.91,False
Moustafa Hadji (Morocco),Assistant Coach,Coaching Staff,2024-10-15,2025-07-06,"Advanced Tactical Analysis Certificate, UEFA A License",20,Development Excellence,Attacking football with high pressing,moustafa.hadji@footballstaff.com,+20707454006,3.59,True
Thomas N'Kono (Cameroon),Goalkeeper Coach,Coaching Staff,2021-07-19,2022-07-06,UEFA GK A License,9,Best GK Coach Award,Traditional African football with modern elements,thomas.n'kono@footballstaff.com,+20335105211,4.49,True
Yaya Touré (Ivory Coast),Fitness Coach,Coaching Staff,2021-07-15,2026-07-06,"Sports Science Degree, UEFA Strength & Conditioning License",12,Performance Achievement,Attacking football with high pressing,yaya.touré@footballstaff.com,+225611276103,4.18,True
Lucas Radebe (South Africa),Video Analyst,Coaching Staff,2022-07-07,2024-09-20,"Performance Analysis Certificate, Sports Data Analytics Degree",3,Analysis Excellence Award,Attacking football with high pressing,lucas.radebe@footballstaff.com,+225328227160,3.97,True
Mohamed Kallon (Sierra Leone),Sporting Director,Management,2014-07-07,2027-07-06,"FIFA Management Certificate, Sports Administration",22,Best Development Program,Youth development focus with modern methods,mohamed.kallon@footballstaff.com,+225648821077,4.93,False
Ahmad Ahmad (Madagascar),President,Board,2015-07-15,2017-07-26,"Basic Coaching Certificate, Basic Coaching Certificate",14,Professional Excellence Award,Possession-based tactical approach,ahmad.ahmad@footballstaff.com,+225107455741,4.01,True
Roger Milla (Cameroon),Chairman,Board,2020-09-20,2023-03-27,"Basic Coaching Certificate, Basic Coaching Certificate, Basic Coaching Certificate",12,Professional Excellence Award,Traditional African football with modern elements,roger.milla@footballstaff.com,+225724680465,3.7,False
Moustafa Hadji (Morocco),Assistant Coach,Board,2020-09-20,2022-11-23,"Advanced Tactical Analysis Certificate, CAF B License, UEFA A License",23,Assistant Coach of the Year,"High-intensity, dynamic football",moustafa.hadji@footballstaff.com,+27377421646,3.87,False
Rigobert Song (Cameroon),Assistant Coach,Board,2020-10-07,2023-07-07,UEFA A License,4,Development Excellence,Possession-based tactical approach,rigobert.song@footballstaff.com,+225617089864,3.5,False
Aziz Bennani (Morocco),Owner,Board,2017-08-31,2020-08-21,Basic Coaching Certificate,22,Professional Excellence Award,Balance between defense and attack,aziz.bennani@footballstaff.com,+20570984352,4.67,True
Didier Drogba (Ivory Coast),Owner,Board,2017-09-01,2020-08-22,"Basic Coaching Certificate, Basic Coaching Certificate, Basic Coaching Certificate",7,Professional Excellence Award,"High-intensity, dynamic football",didier.drogba@footballstaff.com,+27744371664,4.59,True
Didier Drogba (Ivory Coast),Owner,Board,2020-09-03,2022-09-15,"Basic Coaching Certificate, Basic Coaching Certificate, Basic Coaching Certificate",16,Professional Excellence Award,Youth development focus with modern methods,didier.drogba@footballstaff.com,+27593777400,4.46,True
Christopher Samba (Congo),Advisor,Board,2022-06-07,2024-08-05,Basic Coaching Certificate,5,Professional Excellence Award,Balance between defense and attack,christopher.samba@footballstaff.com,+225411562718,4.87,False
Benni McCarthy (South Africa),Chief Scout,Coaching Staff,2020-07-07,2023-02-08,Talent Identification Certificate,23,Scouting Excellence Award,Traditional African football with modern elements,benni.mccarthy@footballstaff.com,+212298980059,4.41,False
Radhi Jaïdi (Tunisia),Youth Scout,Coaching Staff,2022-07-31,2024-07-06,Youth Development Badge,5,Future Talent Award,"High-intensity, dynamic football",radhi.jaïdi@footballstaff.com,+212387851725,3.9,True
Rigobert Song (Cameroon),Assistant Coach,Coaching Staff,2022-09-07,2025-06-12,CAF B License,17,Development Excellence,"High-intensity, dynamic football",rigobert.song@footballstaff.com,+234446980266,4.96,False
Badou Zaki (Morocco),Team Coordinator,Coaching Staff,2016-07-07,2018-09-21,"Basic Coaching Certificate, Basic Coaching Certificate, Basic Coaching Certificate",15,Professional Excellence Award,Balance between defense and attack,badou.zaki@footballstaff.com,+225208110128,3.6,True
Stephen Keshi (Nigeria),Team Coordinator,Coaching Staff,2018-07-07,2020-07-11,"Basic Coaching Certificate, Basic Coaching Certificate",7,Professional Excellence Award,Possession-based tactical approach,stephen.keshi@footballstaff.com,+20219320279,3.85,False
Pitso Mosimane (South Africa),Head Coach,Coaching Staff,2022-01-17,2027-01-08,FIFA Elite Coach Certificate,11,Coach of the Year Award,Possession-based tactical approach,pitso.mosimane@footballstaff.com,+225727559740,3.73,False
Quinton Fortune (South Africa),Assistant Coach,Coaching Staff,2022-01-17,2024-12-19,"CAF B License, UEFA A License, Advanced Tactical Analysis Certificate",10,Technical Achievement,"High-intensity, dynamic football",quinton.fortune@footballstaff.com,+212210184467,4.68,True
Moustafa Hadji (Morocco),Assistant Coach,Coaching Staff,2024-01-09,2026-08-12,"Advanced Tactical Analysis Certificate, CAF B License",14,Assistant Coach of the Year,Balance between defense and attack,moustafa.hadji@footballstaff.com,+234396284219,3.94,True
Moustafa Hadji (Morocco),Assistant Coach,Coaching Staff,2025-04-19,2026-01-08,"Advanced Tactical Analysis Certificate, UEFA A License",22,Development Excellence,Attacking football with high pressing,moustafa.hadji@footballstaff.com,+20707454006,3.88,False
Thomas N'Kono (Cameroon),Goalkeeper Coach,Coaching Staff,2022-01-21,2023-01-08,UEFA GK A License,7,Best GK Coach Award,Traditional African football with modern elements,thomas.n'kono@footballstaff.com,+20335105211,4.3,False
Yaya Touré (Ivory Coast),Fitness Coach,Coaching Staff,2022-01-17,2027-01-08,"Sports Science Degree, UEFA Strength & Conditioning License",10,Performance Achievement,Attacking football with high pressing,yaya.touré@footballstaff.com,+225611276103,3.98,False
Lucas Radebe (South Africa),Video Analyst,Coaching Staff,2023-01-09,2025-03-25,"Performance Analysis Certificate, Sports Data Analytics Degree",4,Analysis Excellence Award,Attacking football with high pressing,lucas.radebe@footballstaff.com,+225328227160,4.0,True
Mohamed Kallon (Sierra Leone),Sporting Director,Management,2015-01-09,2028-01-08,"FIFA Management Certificate, Sports Administration",24,Best Development Program,Youth development focus with modern methods,mohamed.kallon@footballstaff.com,+225648821077,5.0,True
Ahmad Ahmad (Madagascar),President,Board,2016-01-17,2018-01-28,"Basic Coaching Certificate, Basic Coaching Certificate",15,Professional Excellence Award,Possession-based tactical approach,ahmad.ahmad@footballstaff.com,+225107455741,3.51,True
Roger Milla (Cameroon),Chairman,Board,2021-03-25,2023-09-29,"Basic Coaching Certificate, Basic Coaching Certificate, Basic Coaching Certificate",11,Professional Excellence Award,Traditional African football with modern elements,roger.milla@footballstaff.com,+225724680465,3.5,False
Moustafa Hadji (Morocco),Assistant Coach,Board,2021-03-25,2023-05-28,"Advanced Tactical Analysis Certificate, CAF B License, UEFA A License",21,Assistant Coach of the Year,"High-intensity, dynamic football",moustafa.hadji@footballstaff.com,+27377421646,4.02,True
Rigobert Song (Cameroon),Assistant Coach,Board,2021-04-11,2024-01-09,UEFA A License,4,Development Excellence,Possession-based tactical approach,rigobert.song@footballstaff.com,+225617089864,3.5,False
Aziz Bennani (Morocco),Owner,Board,2018-03-05,2021-02-23,Basic Coaching Certificate,24,Professional Excellence Award,Balance between defense and attack,aziz.bennani@footballstaff.com,+20570984352,4.25,True
Didier Drogba (Ivory Coast),Owner,Board,2018-03-06,2021-02-24,"Basic Coaching Certificate, Basic Coaching Certificate, Basic Coaching Certificate",11,Professional Excellence Award,"High-intensity, dynamic football",didier.drogba@footballstaff.com,+27744371664,5.0,True
Didier Drogba (Ivory Coast),Owner,Board,2021-03-08,2023-03-20,"Basic Coaching Certificate, Basic Coaching Certificate, Basic Coaching Certificate",17,Professional Excellence Award,Youth development focus with modern methods,didier.drogba@footballstaff.com,+27593777400,4.25,False
Christopher Samba (Congo),Advisor,Board,2022-12-10,2025-02-07,Basic Coaching Certificate,8,Professional Excellence Award,Balance between defense and attack,christopher.samba@footballstaff.com,+225411562718,4.84,False
Benni McCarthy (South Africa),Chief Scout,Coaching Staff,2021-01-09,2023-08-13,Talent Identification Certificate,22,Scouting Excellence Award,Traditional African football with modern elements,benni.mccarthy@footballstaff.com,+212298980059,4.12,True
Radhi Jaïdi (Tunisia),Youth Scout,Coaching Staff,2023-02-02,2025-01-08,Youth Development Badge,4,Future Talent Award,"High-intensity, dynamic football",radhi.jaïdi@footballstaff.com,+212387851725,4.06,False
Rigobert Song (Cameroon),Assistant Coach,Coaching Staff,2023-03-12,2025-12-15,CAF B License,17,Development Excellence,"High-intensity, dynamic football",rigobert.song@footballstaff.com,+234446980266,4.68,False
Badou Zaki (Morocco),Team Coordinator,Coaching Staff,2017-01-09,2019-03-26,"Basic Coaching Certificate, Basic Coaching Certificate, Basic Coaching Certificate",13,Professional Excellence Award,Balance between defense and attack,badou.zaki@footballstaff.com,+225208110128,3.74,False
Stephen Keshi (Nigeria),Team Coordinator,Coaching Staff,2019-01-09,2021-01-13,"Basic Coaching Certificate, Basic Coaching Certificate",6,Professional Excellence Award,Possession-based tactical approach,stephen.keshi@footballstaff.com,+20219320279,3.51,False
Pitso Mosimane (South Africa),Head Coach,Coaching Staff,2021-03-01,2026-02-20,FIFA Elite Coach Certificate,15,Coach of the Year Award,Possession-based tactical approach,pitso.mosimane@footballstaff.com,+225727559740,3.83,True
Quinton Fortune (South Africa),Assistant Coach,Coaching Staff,2021-03-01,2024-02-01,"CAF B License, UEFA A License, Advanced Tactical Analysis Certificate",9,Technical Achievement,"High-intensity, dynamic football",quinton.fortune@footballstaff.com,+212210184467,5.0,False
Moustafa Hadji (Morocco),Assistant Coach,Coaching Staff,2023-02-21,2025-09-24,"Advanced Tactical Analysis Certificate, CAF B License",11,Assistant Coach of the Year,Balance between defense and attack,moustafa.hadji@footballstaff.com,+234396284219,3.99,False
Moustafa Hadji (Morocco),Assistant Coach,Coaching Staff,2024-06-01,2025-02-20,"Advanced Tactical Analysis Certificate, UEFA A License",23,Development Excellence,Attacking football with high pressing,moustafa.hadji@footballstaff.com,+20707454006,3.72,True
Thomas N'Kono (Cameroon),Goalkeeper Coach,Coaching Staff,2021-03-05,2022-02-20,UEFA GK A License,10,Best GK Coach Award,Traditional African football with modern elements,thomas.n'kono@footballstaff.com,+20335105211,4.11,False
Yaya Touré (Ivory Coast),Fitness Coach,Coaching Staff,2021-03-01,2026-02-20,"Sports Science Degree, UEFA Strength & Conditioning License",12,Performance Achievement,Attacking football with high pressing,yaya.touré@footballstaff.com,+225611276103,3.86,True
Lucas Radebe (South Africa),Video Analyst,Coaching Staff,2022-02-21,2024-05-07,"Performance Analysis Certificate, Sports Data Analytics Degree",6,Analysis Excellence Award,Attacking football with high pressing,lucas.radebe@footballstaff.com,+225328227160,4.41,False
Mohamed Kallon (Sierra Leone),Sporting Director,Management,2014-02-21,2027-02-20,"FIFA Management Certificate, Sports Administration",22,Best Development Program,Youth development focus with modern methods,mohamed.kallon@footballstaff.com,+225648821077,4.89,True
Ahmad Ahmad (Madagascar),President,Board,2015-03-01,2017-03-12,"Basic Coaching Certificate, Basic Coaching Certificate",16,Professional Excellence Award,Possession-based tactical approach,ahmad.ahmad@footballstaff.com,+225107455741,3.99,True
Roger Milla (Cameroon),Chairman,Board,2020-05-07,2022-11-11,"Basic Coaching Certificate, Basic Coaching Certificate, Basic Coaching Certificate",14,Professional Excellence Award,Traditional African football with modern elements,roger.milla@footballstaff.com,+225724680465,3.61,True
Moustafa Hadji (Morocco),Assistant Coach,Board,2020-05-07,2022-07-10,"Advanced Tactical Analysis Certificate, CAF B License, UEFA A License",25,Assistant Coach of the Year,"High-intensity, dynamic football",moustafa.hadji@footballstaff.com,+27377421646,4.1,True
Rigobert Song (Cameroon),Assistant Coach,Board,2020-05-24,2023-02-21,UEFA A License,4,Development Excellence,Possession-based tactical approach,rigobert.song@footballstaff.com,+225617089864,3.5,False
Aziz Bennani (Morocco),Owner,Board,2017-04-17,2020-04-07,Basic Coaching Certificate,22,Professional Excellence Award,Balance between defense and attack,aziz.bennani@footballstaff.com,+20570984352,4.6,False
Didier Drogba (Ivory Coast),Owner,Board,2017-04-18,2020-04-08,"Basic Coaching Certificate, Basic Coaching Certificate, Basic Coaching Certificate",8,Professional Excellence Award,"High-intensity, dynamic football",didier.drogba@footballstaff.com,+27744371664,4.99,False
Didier Drogba (Ivory Coast),Owner,Board,2020-04-20,2022-05-02,"Basic Coaching Certificate, Basic Coaching Certificate, Basic Coaching Certificate",14,Professional Excellence Award,Youth development focus with modern methods,didier.drogba@footballstaff.com,+27593777400,4.23,True
Christopher Samba (Congo),Advisor,Board,2022-01-22,2024-03-22,Basic Coaching Certificate,7,Professional Excellence Award,Balance between defense and attack,christopher.samba@footballstaff.com,+225411562718,4.93,True
Benni McCarthy (South Africa),Chief Scout,Coaching Staff,2020-02-22,2022-09-25,Talent Identification Certificate,26,Scouting Excellence Award,Traditional African football with modern elements,benni.mccarthy@footballstaff.com,+212298980059,4.19,True
